Using pre-set license
Built from '2022.3/china_unity/release' branch; Version is '2022.3.62f2c1 (92e6e6be66dc) revision 9627366'; Using compiler version '192829333'; Build Type 'Release'
OS: 'Windows 10  (10.0.19043) 64bit Professional' Language: 'zh' Physical Memory: 32533 MB
BatchMode: 1, IsHumanControllingUs: 0, StartBugReporterOnCrash: 0, Is64bit: 1, IsPro: 1

COMMAND LINE ARGUMENTS:
D:\Program Files\Unity\Hub\Editor\2022.3.62f2c1\Editor\Unity.exe
-adb2
-batchMode
-noUpm
-name
AssetImportWorker2
-projectPath
D:/1WorkSpace/MyTest/HoldemView
-logFile
Logs/AssetImportWorker2.log
-srvPort
62564
Successfully changed project path to: D:/1WorkSpace/MyTest/HoldemView
D:/1WorkSpace/MyTest/HoldemView
[UnityMemory] Configuration Parameters - Can be set up in boot.config
    "memorysetup-bucket-allocator-granularity=16"
    "memorysetup-bucket-allocator-bucket-count=8"
    "memorysetup-bucket-allocator-block-size=33554432"
    "memorysetup-bucket-allocator-block-count=8"
    "memorysetup-main-allocator-block-size=16777216"
    "memorysetup-thread-allocator-block-size=16777216"
    "memorysetup-gfx-main-allocator-block-size=16777216"
    "memorysetup-gfx-thread-allocator-block-size=16777216"
    "memorysetup-cache-allocator-block-size=4194304"
    "memorysetup-typetree-allocator-block-size=2097152"
    "memorysetup-profiler-bucket-allocator-granularity=16"
    "memorysetup-profiler-bucket-allocator-bucket-count=8"
    "memorysetup-profiler-bucket-allocator-block-size=33554432"
    "memorysetup-profiler-bucket-allocator-block-count=8"
    "memorysetup-profiler-allocator-block-size=16777216"
    "memorysetup-profiler-editor-allocator-block-size=1048576"
    "memorysetup-temp-allocator-size-main=16777216"
    "memorysetup-job-temp-allocator-block-size=2097152"
    "memorysetup-job-temp-allocator-block-size-background=1048576"
    "memorysetup-job-temp-allocator-reduction-small-platforms=262144"
    "memorysetup-allocator-temp-initial-block-size-main=262144"
    "memorysetup-allocator-temp-initial-block-size-worker=262144"
    "memorysetup-temp-allocator-size-background-worker=32768"
    "memorysetup-temp-allocator-size-job-worker=262144"
    "memorysetup-temp-allocator-size-preload-manager=33554432"
    "memorysetup-temp-allocator-size-nav-mesh-worker=65536"
    "memorysetup-temp-allocator-size-audio-worker=65536"
    "memorysetup-temp-allocator-size-cloud-worker=32768"
    "memorysetup-temp-allocator-size-gi-baking-worker=262144"
    "memorysetup-temp-allocator-size-gfx=262144"
Player connection [1740]  Target information:

Player connection [1740]  * "[IP] 192.168.25.13 [Port] 0 [Flags] 2 [Guid] 1345627725 [EditorId] 1345627725 [Version] 1048832 [Id] WindowsEditor(7,PC-ZhuaC) [Debug] 1 [PackageName] WindowsEditor [ProjectName] Editor" 

Player connection [1740] Host joined multi-casting on [225.0.0.222:54997]...
Player connection [1740] Host joined alternative multi-casting on [225.0.0.222:34997]...
Input System module state changed to: Initialized.
[PhysX] Initialized MultithreadedTaskDispatcher with 16 workers.
Refreshing native plugins compatible for Editor in 26.21 ms, found 4 plugins.
Preloading 0 native plugins for Editor in 0.00 ms.
Initialize engine version: 2022.3.62f2c1 (92e6e6be66dc)
[Subsystems] Discovering subsystems at path D:/Program Files/Unity/Hub/Editor/2022.3.62f2c1/Editor/Data/Resources/UnitySubsystems
[Subsystems] Discovering subsystems at path D:/1WorkSpace/MyTest/HoldemView/Assets
GfxDevice: creating device client; threaded=0; jobified=0
Direct3D:
    Version:  Direct3D 11.0 [level 11.1]
    Renderer: Intel(R) UHD Graphics 750 (ID=0x4c8a)
    Vendor:   Intel
    VRAM:     16266 MB
    Driver:   30.0.101.1191
Shader 'Universal Render Pipeline/Lit': fallback shader 'Hidden/Universal Render Pipeline/FallbackError' not found
Shader 'Universal Render Pipeline/VR/SpatialMapping/Occlusion': fallback shader 'Hidden/Universal Render Pipeline/FallbackError' not found
Shader 'Universal Render Pipeline/VR/SpatialMapping/Wireframe': fallback shader 'Hidden/Universal Render Pipeline/FallbackError' not found
Shader 'Universal Render Pipeline/Particles/Unlit': fallback shader 'Hidden/Universal Render Pipeline/FallbackError' not found
Shader 'Universal Render Pipeline/Simple Lit': fallback shader 'Hidden/Universal Render Pipeline/FallbackError' not found
Shader 'Universal Render Pipeline/Nature/SpeedTree7': fallback shader 'Hidden/Universal Render Pipeline/FallbackError' not found
Shader 'Universal Render Pipeline/Nature/SpeedTree7': dependency 'BillboardShader' shader 'Universal Render Pipeline/Nature/SpeedTree7 Billboard' not found
Shader 'Hidden/Universal Render Pipeline/StencilDeferred': fallback shader 'Hidden/Universal Render Pipeline/FallbackError' not found
Shader 'Hidden/Universal Render Pipeline/FallbackError': fallback shader 'Hidden/Core/FallbackError' not found
Shader 'Universal Render Pipeline/Baked Lit': fallback shader 'Universal Render Pipeline/Unlit' not found
Shader 'Universal Render Pipeline/Particles/Simple Lit': fallback shader 'Universal Render Pipeline/Particles/Unlit' not found
Shader 'Universal Render Pipeline/Particles/Lit': fallback shader 'Universal Render Pipeline/Particles/Simple Lit' not found
Shader 'Universal Render Pipeline/Nature/SpeedTree7 Billboard': fallback shader 'Hidden/Universal Render Pipeline/FallbackError' not found
Shader 'Universal Render Pipeline/Nature/SpeedTree8': fallback shader 'Hidden/Universal Render Pipeline/FallbackError' not found
Shader 'Hidden/Universal Render Pipeline/Terrain/Lit (Add Pass)': fallback shader 'Hidden/Universal Render Pipeline/FallbackError' not found
Shader 'Universal Render Pipeline/Complex Lit': fallback shader 'Hidden/Universal Render Pipeline/FallbackError' not found
Shader 'Universal Render Pipeline/Unlit': fallback shader 'Hidden/Universal Render Pipeline/FallbackError' not found
Initialize mono
Mono path[0] = 'D:/Program Files/Unity/Hub/Editor/2022.3.62f2c1/Editor/Data/Managed'
Mono path[1] = 'D:/Program Files/Unity/Hub/Editor/2022.3.62f2c1/Editor/Data/MonoBleedingEdge/lib/mono/unityjit-win32'
Mono config path = 'D:/Program Files/Unity/Hub/Editor/2022.3.62f2c1/Editor/Data/MonoBleedingEdge/etc'
Using monoOptions --debugger-agent=transport=dt_socket,embedding=1,server=y,suspend=n,address=127.0.0.1:56752
Begin MonoManager ReloadAssembly
Registering precompiled unity dll's ...
Register platform support module: D:/Program Files/Unity/Hub/Editor/2022.3.62f2c1/Editor/Data/PlaybackEngines/AndroidPlayer/UnityEditor.Android.Extensions.dll
Register platform support module: D:/Program Files/Unity/Hub/Editor/2022.3.62f2c1/Editor/Data/PlaybackEngines/iOSSupport/UnityEditor.iOS.Extensions.dll
Register platform support module: D:/Program Files/Unity/Hub/Editor/2022.3.62f2c1/Editor/Data/PlaybackEngines/WindowsStandaloneSupport/UnityEditor.WindowsStandalone.Extensions.dll
Registered in 0.006942 seconds.
- Loaded All Assemblies, in  0.302 seconds
Native extension for WindowsStandalone target not found
[usbmuxd] Start listen thread
[usbmuxd] Listen thread started
Native extension for iOS target not found
Native extension for Android target not found
Android Extension - Scanning For ADB Devices 320 ms
Mono: successfully reloaded assembly
- Finished resetting the current domain, in  0.667 seconds
Domain Reload Profiling: 968ms
	BeginReloadAssembly (106ms)
		ExecutionOrderSort (0ms)
		DisableScriptedObjects (0ms)
		BackupInstance (0ms)
		ReleaseScriptingObjects (0ms)
		CreateAndSetChildDomain (1ms)
	RebuildCommonClasses (29ms)
	RebuildNativeTypeToScriptingClass (8ms)
	initialDomainReloadingComplete (43ms)
	LoadAllAssembliesAndSetupDomain (115ms)
		LoadAssemblies (108ms)
		RebuildTransferFunctionScriptingTraits (0ms)
		AnalyzeDomain (109ms)
			TypeCache.Refresh (108ms)
				TypeCache.ScanAssembly (99ms)
			ScanForSourceGeneratedMonoScriptInfo (0ms)
			ResolveRequiredComponents (0ms)
	FinalizeReload (668ms)
		ReleaseScriptCaches (0ms)
		RebuildScriptCaches (0ms)
		SetupLoadedEditorAssemblies (621ms)
			LogAssemblyErrors (0ms)
			InitializePlatformSupportModulesInManaged (393ms)
			SetLoadedEditorAssemblies (6ms)
			RefreshPlugins (0ms)
			BeforeProcessingInitializeOnLoad (3ms)
			ProcessInitializeOnLoadAttributes (158ms)
			ProcessInitializeOnLoadMethodAttributes (61ms)
			AfterProcessingInitializeOnLoad (0ms)
			EditorAssembliesLoaded (0ms)
		ExecutionOrderSort2 (0ms)
		AwakeInstancesAfterBackupRestoration (0ms)
========================================================================
Worker process is ready to serve import requests
Caller must complete domain reload
Begin MonoManager ReloadAssembly
Symbol file LoadedFromMemory is not a mono symbol file
- Loaded All Assemblies, in  0.760 seconds
Native extension for WindowsStandalone target not found
Native extension for iOS target not found
Native extension for Android target not found
Mono: successfully reloaded assembly
- Finished resetting the current domain, in  0.762 seconds
Domain Reload Profiling: 1520ms
	BeginReloadAssembly (127ms)
		ExecutionOrderSort (0ms)
		DisableScriptedObjects (4ms)
		BackupInstance (0ms)
		ReleaseScriptingObjects (0ms)
		CreateAndSetChildDomain (18ms)
	RebuildCommonClasses (24ms)
	RebuildNativeTypeToScriptingClass (8ms)
	initialDomainReloadingComplete (35ms)
	LoadAllAssembliesAndSetupDomain (563ms)
		LoadAssemblies (395ms)
		RebuildTransferFunctionScriptingTraits (0ms)
		AnalyzeDomain (241ms)
			TypeCache.Refresh (197ms)
				TypeCache.ScanAssembly (176ms)
			ScanForSourceGeneratedMonoScriptInfo (31ms)
			ResolveRequiredComponents (10ms)
	FinalizeReload (763ms)
		ReleaseScriptCaches (0ms)
		RebuildScriptCaches (0ms)
		SetupLoadedEditorAssemblies (629ms)
			LogAssemblyErrors (0ms)
			InitializePlatformSupportModulesInManaged (23ms)
			SetLoadedEditorAssemblies (6ms)
			RefreshPlugins (0ms)
			BeforeProcessingInitializeOnLoad (145ms)
			ProcessInitializeOnLoadAttributes (370ms)
			ProcessInitializeOnLoadMethodAttributes (81ms)
			AfterProcessingInitializeOnLoad (3ms)
			EditorAssembliesLoaded (0ms)
		ExecutionOrderSort2 (0ms)
		AwakeInstancesAfterBackupRestoration (4ms)
WARNING: Shader Unsupported: 'Hidden/Universal Render Pipeline/Terrain/Lit (Base Pass)' - All subshaders removed
WARNING: Shader Did you use #pragma only_renderers and omit this platform?
WARNING: Shader If subshaders removal was intentional, you may have forgotten turning Fallback off?
WARNING: Shader Unsupported: 'Hidden/Universal Render Pipeline/Terrain/Lit (Base Pass)' - All subshaders removed
WARNING: Shader Did you use #pragma only_renderers and omit this platform?
WARNING: Shader If subshaders removal was intentional, you may have forgotten turning Fallback off?
WARNING: Shader Unsupported: 'Universal Render Pipeline/Terrain/Lit' - All subshaders removed
WARNING: Shader Did you use #pragma only_renderers and omit this platform?
WARNING: Shader If subshaders removal was intentional, you may have forgotten turning Fallback off?
WARNING: Shader Unsupported: 'Universal Render Pipeline/Terrain/Lit' - All subshaders removed
WARNING: Shader Did you use #pragma only_renderers and omit this platform?
WARNING: Shader If subshaders removal was intentional, you may have forgotten turning Fallback off?
Launched and connected shader compiler UnityShaderCompiler.exe after 0.04 seconds
Refreshing native plugins compatible for Editor in 13.76 ms, found 4 plugins.
Preloading 0 native plugins for Editor in 0.00 ms.
Unloading 7379 Unused Serialized files (Serialized files now loaded: 0)
Unloading 46 unused Assets / (0.9 MB). Loaded Objects now: 7838.
Memory consumption went from 237.8 MB to 236.9 MB.
Total: 3.724900 ms (FindLiveObjects: 0.409300 ms CreateObjectMapping: 0.243900 ms MarkObjects: 2.715500 ms  DeleteObjects: 0.354500 ms)

AssetImportParameters requested are different than current active one (requested -> active):
  custom:scripting/monoscript/fileName/CollaboratorsListView.cs: 0f1b2242ef43c810e59cb7c3f551aa60 -> 
  custom:scripting/monoscript/fileName/IncomingChangesTab.cs: 8a20aca125f6d4b837670edb6e36bc05 -> 82bff1d960538992d4e618d909869d2e
  custom:scripting/monoscript/fileName/ChangesetByChangesetDiffPanel.cs: 39d3d33b573283f3bb14ea6afdd3b94d -> 
  custom:scripting/monoscript/fileName/CollaboratorsMultiColumnHeader.cs: bf0ee878b2bb252bf86a5d8e364e19d5 -> 
  custom:scripting/monoscript/fileName/UVCSAssetsProcessor.cs: 6a6fb9239986d5c55a04c5ec99d7c9fa -> 
  custom:scripting/monoscript/fileName/Deprecated.cs: 6d0ac89cd9b4b8eb26eaed33e326a054 -> b9d2f8144598e6824885e8739759b01e
  custom:scripting/monoscript/fileName/GetChangesetsQuery.cs: 1ea5fd32983952bddaeb6eb65e1247d4 -> 
  custom:scripting/monoscript/fileName/DiffSelection.cs: 34faf7c86f7e0c9a01162e930679d82f -> 1460aaba4240ef35322cb9c198487990
  custom:scripting/monoscript/fileName/DrawStaticElement.cs: 6cbd346d4a1be2ee84c9ebe55a7f9f79 -> 5765d84d60602f16f5577bf0b7fc6b96
  custom:scripting/monoscript/fileName/MoveDeleteMenu.cs: f1a7b8a8be76c035d934c51863f3b934 -> c4ad4528e772c33a6167006886a8d1da
  custom:scripting/monoscript/fileName/CreateLabelDialog.cs: e6cdc55250e2d3251998532be1383640 -> 
  custom:scripting/monoscript/fileName/DateFilter.cs: de3aab0283a2b4a1d4d64145b14132d5 -> 85ed700e21fd471cc38c626cebe01d52
  custom:scripting/monoscript/fileName/ScriptablePathInspector.cs: 556697531c68acaa2a60cd0753d1e34c -> 63c89adef55e5ff77840bdc1be5c57e7
  custom:scripting/monoscript/fileName/INotificationContent.cs: 94c75eb7bf08cdc4de133707a056e304 -> 
  custom:scripting/monoscript/fileName/Spline.cs: bfb6b664d115242e38cbeac6db8aacfd -> 5b11a3b0b1f1c2707aa8e32e3f5ebab7
  custom:scripting/monoscript/fileName/DelayedActionByFramesRunner.cs: 6104c155c224661a51f6c5de6e4a3ecc -> 
  custom:scripting/monoscript/fileName/Draggable.cs: e579ef42b25f9bce88b19cd535678422 -> 72636fdafadf8564e36aa0e63faf3718
  custom:scripting/monoscript/fileName/Product.cs: 11dc353065f0056f9b91a7ac0a3ed688 -> 7aaba3d3ca249b8385df534d0a6d0a9c
  custom:scripting/monoscript/fileName/ShareWorkspaceDialog.cs: 9959434441c182cd79a0a46d0084c407 -> 
  custom:scripting/monoscript/fileName/DrawProgressForWindow.cs: 8ee37e28c9eb0fedea72b5582c2bf30b -> 
  custom:scripting/monoscript/fileName/PerformInitialCheckin.cs: be22d181e456c0a8a5713675f29ac72a -> 8ef9a9f407b8b94b2b5fad9d24e61f79
  custom:scripting/monoscript/fileName/ConflictResolutionState.cs: d9394655856a9fc1a0b280bc997bac16 -> 74a230000ff2fd58c5a60ab4258207dc
  custom:scripting/monoscript/fileName/LabelsViewMenu.cs: 209c615711a29518f03aa21c57921085 -> 
  custom:scripting/monoscript/fileName/ShapeExtensions.cs: e09ad25f8df377cc5d4a1b1baf027ccb -> af27c796639e641bb8849e6cd5411e6a
  custom:scripting/monoscript/fileName/FindWorkspace.cs: 39bbd18bfe6bf4a99f5c185dcda4dd4a -> 6af6c9e9382fef881c020ab184e6f7f5
  custom:container-demuxer-ogg: 62fdf1f143b41e24485cea50d1cbac27 -> 
  custom:scripting/monoscript/fileName/SliderAction.cs: 9ad3895488ca37bf87aa1a6d7cc40ac8 -> 3d34215524b24e60041a5a6065deea4b
  custom:scripting/monoscript/fileName/LabelListViewItem.cs: 03edc066a3b9e511ce09ec0acce98f72 -> 
  custom:scripting/monoscript/fileName/PathEditorTool.cs: 35a415925f60f52efe8c7f50c4d9a3e7 -> 7744b17a3a3a46c49037692fb7c98070
  custom:scripting/monoscript/fileName/HeadlessGluonViewHost.cs: e3fde7a1c2370f8ba02201ab3692fa5b -> 
  custom:scripting/precompiled-assembly-types:Unity.PlasticSCM.Editor: 55e21942803ce33f3cc0bf2b46c9df32 -> 0c8452ea749574dcb5821605c0d383b1
  custom:scripting/monoscript/fileName/CheckinConflictsDialog.cs: d3af1d70d3f60a9847d2942647274222 -> e13fa04a97fb675842c94586fc602871
  custom:scripting/monoscript/fileName/RecommendToEnableManualCheckout.cs: c4029accd7fa83622749543a53a59199 -> 
  custom:scripting/monoscript/fileName/AuthToken.cs: d22b2893825e943bc1389be142abd57e -> 0fba7e8eb1ec8b699f274cdc956451b2
  custom:scripting/monoscript/fileName/LaunchPackageManager.cs: ab6f37f6007c8aa3ad4283fc8c47f1de -> 
  custom:scripting/monoscript/fileName/ProgressControlsForDialogs.cs: 6bf8e69ac7dc2163fe988e5d8181ce88 -> 7e6bd1727985204e3b64e1946e589b1c
  custom:scripting/monoscript/fileName/PlanarGraph.cs: c59f7dd015f8ceef78bc166eb0a5db46 -> 4b46036faaf9594fbadde729046bd4ac
  custom:scripting/monoscript/fileName/AssetStatusCache.cs: beede06d8a6d93e7907fd192ad653f2b -> 260d5f85663ac58b2a7e9553c453bc3e
  custom:scripting/monoscript/fileName/ProjectViewUVCSAssetMenu.cs: 3b0260b8a4cfc3e92f6b2ca83168e6c8 -> 
  custom:scripting/monoscript/fileName/OrganizationPanel.cs: d7ac1288bef1b15a05bb26d201a4d87f -> 57a57e6a345dbd536e91c348b70943a9
  custom:scripting/monoscript/fileName/Menu.cs: 5eba48b4d6d147021b8e165ca83d35a2 -> 
  custom:scripting/monoscript/fileName/EditorUtility.cs: e48e64602babe8d4e820c8a476f3e0cb -> 
  custom:scripting/monoscript/fileName/UVCSPluginIsEnabledPreference.cs: 892cbddfa28f998d19c22bd56dd597ed -> 
  custom:scripting/monoscript/fileName/ChangeCategoryTreeViewItem.cs: efd70108e1f6ff61ed2723220486adfc -> fd14db176fff061715c8ec88ced1902f
  custom:scripting/monoscript/fileName/CurrentUserAdminCheckResponse.cs: cec2f173fe8732108711c497674c6f66 -> d57c2dcace740834acd59fdfbc5023b8
  custom:scripting/precompiled-assembly-types:Unity.PlasticSCM.Editor.Entities: bae848875a35fe96f09fcc9f4e534600 -> 
  custom:scripting/monoscript/fileName/DialogWithCheckBox_Legacy.cs: 738e3e0af97e826e16805dda77e5f009 -> 
  custom:scripting/monoscript/fileName/UIElementsExtensions.cs: a191d7293be4538b0adb29dfe5b06a46 -> 52e0d612ab032e4d22e9558b90396b99
  custom:scripting/monoscript/fileName/AskUserForExistingFile.cs: 9c94d6f431c53e0cab42b3c5994f97a1 -> 
  custom:scripting/monoscript/fileName/CreateBranchDialog.cs: c429477092287209232592c8cde1a615 -> 9eb29fda08033b4f847247136c412db6
  custom:scripting/monoscript/fileName/GraphData.cs: 90647cc400823b41df847a6cbfc29026 -> e71bb74b1f61e81644af5b7c6405e4c4
  custom:scripting/monoscript/fileName/DrawCreateWorkspaceView.cs: 6422239d8f649480614f0dd4f018b7f2 -> c6039ac84d85ab3926aa94de163a9f7d
  custom:scripting/monoscript/fileName/ProjectPath.cs: 5634ebdbea8ca94089eb9622d1b60497 -> 2007f972d3a73eeb86dfe05e849c7f69
  custom:scripting/monoscript/fileName/LoadingEmptyState.cs: 057a177fc2b128ec1a8fbcf70cd43826 -> 
  custom:scripting/monoscript/fileName/SSOCredentialsDialog.cs: 8967ceae1bc195ea8dd32b23c42dd852 -> e140ede12a96f68f30062138385171c3
  custom:scripting/monoscript/fileName/ToolbarMouseBoundary.cs: c822fa281e9d1613a88958e785865360 -> 
  custom:scripting/monoscript/fileName/GenericMenu.cs: d481b0c645e5a0f9fd8b72ad2acc0527 -> 
  custom:scripting/monoscript/fileName/DownloadPlasticExeDialog.cs: 2dd40c53d0303d041a27a44a95c331cb -> 093cfe0607c2346a88cdfdfe1435614f
  custom:scripting/monoscript/fileName/HierarchyViewAssetMenu.cs: d1dbfbcfe9e6bbd3fd46fb02ef15e7d6 -> 
  custom:scripting/monoscript/fileName/UnityPlasticDllVersion.cs: da7645d630c351ae004f6e7214b54dab -> 
  custom:scripting/monoscript/fileName/CollaboratorsListViewItem.cs: 8e52552fb39957f206cf60539c310f15 -> 
  custom:scripting/monoscript/fileName/Topbar.cs: 50b4362bcdb5d913f1a93ea8c5706205 -> 
  custom:scripting/monoscript/fileName/PendingChangesTab_Operations.cs: c99065f3c85ec85c85ece2a1a30665af -> 15ae6787065f4af65778e981f418a60b
  custom:scripting/monoscript/fileName/LocksListViewItem.cs: cc9cd24c5be4f7363367cba72f12aad4 -> f4a19fabbec093eb3d6a7e1cd4f42611
  custom:scripting/monoscript/fileName/Snapping.cs: a01235a88ebfebe4dd48dbba3c028958 -> 3f91be3ba9461104287e657ad11375e0
  custom:scripting/monoscript/fileName/UVCSToolbarButton_Legacy.cs: 7232747267c1b8b48a66d7f959cb3bca -> 
  custom:scripting/monoscript/fileName/CreatePointAction.cs: 9bbe094a9015f08c90fa49bd0adf1e8e -> f062a29a6ffbee18971eb6ed5e36b2ac
  custom:scripting/monoscript/fileName/PendingChangesViewPendingChangeMenu.cs: 561ad0f702e1db14300a4a5f810051f9 -> 9a6ef2277212bf26d647c7f12f946287
  custom:scripting/monoscript/fileName/UVCSMenuItem.cs: 1d1119abfbc079461d0d00c658cefe40 -> 
  custom:scripting/monoscript/fileName/SignInPanel.cs: f7e82045994d4eefe3b021faa87b55c6 -> bac0318ce35e37bed3a2cc8137452435
  custom:scripting/monoscript/fileName/DrawInspectorOperations.cs: 61c4a6a6507d8f84ef5bdf5cba3f0aee -> 8c94fe642e98309082411f46db89106b
  custom:scripting/monoscript/fileName/DrawItemNameBar.cs: 549646025e6031f63365e4ba1efc18bb -> 
  custom:scripting/monoscript/fileName/DrawDirectoryResolutionPanel.cs: b77d9918f02a8eac64394aaf99fa4b28 -> e4e3c9b4bc511687802b504b71016540
  custom:scripting/monoscript/fileName/CloseWindowIfOpened.cs: d820344e932a12600b5fe6fb7e9f1563 -> ce229ef3b7461ff17e2c1af0695a6657
  custom:scripting/monoscript/fileName/PackageInfo.cs: 71faf3aacd8a7d14fe9f90f49db83a20 -> 
  custom:scripting/monoscript/fileName/SaveAssets.cs: e472a52843752df7d7ad4ca6b2c8da98 -> 898e86402580d75dc56c5f25b325a28e
  custom:scripting/monoscript/fileName/CloudWorkspacesTreeView.cs: a3be7e47bb5e031981c51120368fe743 -> 
  custom:scripting/monoscript/fileName/GameObjectCreation.cs: 421b973a4d1ebee3b25b79b0948ebe33 -> 7f36306bda1b54f37f6c45053853ec64
  custom:scripting/monoscript/fileName/MergeViewMenu.cs: 93bc40369a2f104c249cef1d685ad358 -> c1676e16bdcf215f6595ea9de7a1fc33
  custom:scripting/monoscript/fileName/RepositoriesListView.cs: 9f95c83dc460fb03fb0916472f14b8a7 -> 95287f65338ca0073ad04002a16eaaf7
  custom:scripting/monoscript/fileName/BranchesListModel.cs: c2797fa8db9400bf9f80ea202194ac8f -> 
  custom:scripting/monoscript/fileName/HandleMenuItem.cs: 740e54c5f6dca1acc88cad87af74b744 -> b4ad1ecc5243212c5967125ad5e41b1f
  custom:scripting/monoscript/fileName/DelayedActionBySecondsRunner.cs: 7aec63f95cf2f2a6569383f89bb1b600 -> 
  custom:scripting/monoscript/fileName/Dict.cs: 0cdf409b5aa8d4c25876d72b5c6a3b60 -> a53f96815da50de15010b1c479bc70cf
  custom:scripting/monoscript/fileName/ScreenResolution.cs: 5c975132cf4e36dcc261bd0acd604271 -> 7bb7bb5b955671820101b322f0a7bf3d
  custom:scripting/monoscript/fileName/MergeSelection.cs: 6deb9bc55c10a7ac7c9f905a7b92dbe8 -> 630eecd27cae3311e65e09d9c63da8b7
  custom:scripting/monoscript/fileName/ApplicationDataPath.cs: 8e4094e28762fb76a1baecfe90c6b65e -> 3e8c4ea8debfda8013fed860ac233d22
  custom:video-decoder-ogg-theora: a1e56fd34408186e4bbccfd4996cb3dc -> 
  custom:scripting/monoscript/fileName/Refinery.cs: 585f9b06797e09db87854d4681581c45 -> 97bcfff237d2174bb0fcd92de3d52dbe
  custom:scripting/monoscript/fileName/LockStatusCache.cs: 5e3725e03dc21c716034553589a67eae -> e99b3f34c5cd3eb73ec19439af1f7f80
  custom:scripting/monoscript/fileName/DiffTreeView.cs: 68195907d129ef826aa6b6df7202696d -> 49f46fd2a65ea674a218eead75f27aac
  custom:scripting/monoscript/fileName/DependenciesDialog.cs: 82d30fc8d5e1a73ec0d1ee9acc00fbc2 -> c8902186ab2f4e6471b5dd147afb01b6
  custom:scripting/monoscript/fileName/ChangesetListViewItem.cs: 95a197949f1e777703db60eea8cc21b3 -> d742a4910e302777daa1ccb9c8e92cb9
  custom:scripting/monoscript/fileName/LocksViewMenu.cs: fda08381fa9abca53b6eaf3bf55f14f8 -> 186d8514e824865b191ba1829afe4b33
  custom:scripting/monoscript/fileName/LabelsTab.cs: 48404437c34d22a8d99b68518e9ba3b9 -> 150bfe6d5ca1a8fb515e8f2abfc62471
  custom:scripting/monoscript/fileName/IncomingChangesViewMenu.cs: 5f96afa82d3e2a8078206b7f6d3b0752 -> 13196979a03411533716f6775c9a624b
  custom:scripting/monoscript/fileName/QueryVisualElementsExtensions.cs: 75ea535788abf9c38ba9341c984a6241 -> a49740b6efbb934f55475cc70b864a4c
  custom:scripting/monoscript/fileName/CloudDrivePlugin.cs: bdaf1e9926f89d6b7897eb6cb7eac1a0 -> 
  custom:scripting/monoscript/fileName/CommandLineParser.cs: 25c8ce1c1ecf3aba3903da1187b88166 -> bcb391f2007e7fde5cf82e03952f4454
  custom:scripting/monoscript/fileName/DivergentMoveMenu.cs: 5b146ed65a6a030ab7d86a0d711244f7 -> 98d76b5791494212a0c25aa6a4af7288
  custom:scripting/monoscript/fileName/Geom.cs: 46f3846c55333c64b836819f0c82dd0f -> bd124dae61bfee933b1db236d6dfeb17
  custom:scripting/monoscript/fileName/CloudDriveMenuItem.cs: 21c098b0f4f733181f1419fca0ea24ae -> 
  custom:scripting/monoscript/fileName/WriteLogConfiguration.cs: 1a8401f47b522f631a3dc005105719f5 -> 1589212d1638ae91a029ea3ddf9999f2
  custom:scripting/monoscript/fileName/FileSystemOperation.cs: c31a686e69e66801c204a11be56c950a -> f0ccbe91654279794a85bf6f1c034716
  custom:scripting/monoscript/fileName/MigrateCollabProject.cs: af93695e471d9c8e4ad014c4165f2c3c -> 9f3487f03a783b35518405572f20ac9e
  custom:scripting/monoscript/fileName/AssetUVCSOperations.cs: 05777f1f2f3885ae2a72d520400d6ead -> 
  custom:framework-win-MediaFoundation: 216162199b28c13a410421893ffa2e32 -> 
  custom:scripting/monoscript/fileName/ClickAction.cs: 914e28c145e5e70f30d5213550122193 -> 58194a8a72fecc32a72eefe2cc1c0db7
  custom:scripting/monoscript/fileName/ProgressControlsForViews.cs: 7d677c6df38ab15cf390062b5b0bb854 -> a8a18a90f46aa63848e1e45d8d7ff9af
  custom:scripting/monoscript/fileName/DrawItemsGridView.cs: 9dd35ab23c426dbb6d1954da2e50f01f -> 
  custom:scripting/monoscript/fileName/EditablePathUtility.cs: 2065f881caaf4c1b2fcb006c4caf080d -> b9ed38d14e15f7db21a02e7d2e45d7c5
  custom:scripting/monoscript/fileName/PropertiesPanel.cs: e669c7141933108297f1e5684af220ee -> 
  custom:scripting/monoscript/fileName/MergeLinksListView.cs: 826afb5fb5988163105086b4bf5027af -> c9488671ae9b14523680d0c19097baa0
  custom:scripting/monoscript/fileName/UnityCloudProjectLinkMonitor.cs: a6d5b729fcd63f578363f7929a986e8b -> 86b74508945daf368996ea82904ac8da
  custom:scripting/monoscript/fileName/CommentsPanel.cs: eeaad5030361da6e9997fd5890e22465 -> 
  custom:scripting/monoscript/fileName/WaitForPendingOperations.cs: e67f75ca29cd4d11e4ca4dd22f7d4275 -> 
  custom:scripting/monoscript/fileName/EditorProgressBar.cs: 7418be9b22aaea32732f8a5f49569d1c -> 08c2f2b90ef64df631d46389f0e22c8e
  custom:scripting/monoscript/fileName/TreeViewExtensions.cs: 2e224a598a8eee75d08c9607af655ef5 -> 
  custom:scripting/monoscript/fileName/WindowStatusBar.cs: c9e409d394130c923deaf792e3269eca -> 
  custom:scripting/monoscript/fileName/IEditablePathController.cs: 1da99a407b69112d63d222eb8de74059 -> 774992748a9da16a6ca5a773f1a9d381
  custom:scripting/monoscript/fileName/MeasureMaxWidth.cs: cd9322680ae61d38397008451b7ed0ed -> 1569e3f1dad91a9b01cba66ab6aa30b0
  custom:scripting/monoscript/fileName/ChangesetsListHeaderState.cs: 69fc4f1a2bc3782d7043ec48961a3616 -> fe1392f9b135da83e13fe8a5e5f39fc2
  custom:scripting/monoscript/fileName/Util.cs: dfcb232467cda91580c06f1fe0cca451 -> af18c96a6bfcf88a110e31d5e0743a2e
  custom:scripting/monoscript/fileName/TransformExtensions.cs: e5216133575de61ae6b62bd442d901c9 -> 6bb3f4c42ecad5e1aac3bc41c712792c
  custom:scripting/monoscript/fileName/PendingChangesStatusSuccessNotificationContent.cs: 4af806ca543ddeecf30592322ab026e5 -> 
  custom:scripting/monoscript/fileName/PendingChangesTreeHeaderState.cs: 7d278b5569d28437d07554a3bbb56e1b -> 5d7f70d142c9ac67864ec14950523d62
  custom:scripting/monoscript/fileName/ArraySlice.cs: 0cdf409b5aa8d4c25876d72b5c6a3b60 -> a53f96815da50de15010b1c479bc70cf
  custom:scripting/monoscript/fileName/MissingEncryptionPasswordPromptHandler.cs: 7f5831fc8a41e9cadd84fcfd0e885072 -> 5d7b9646eb14a39b6d3d5bab19d266ff
  custom:scripting/monoscript/fileName/ChangelistMenu.cs: ca33bac56b3a337faa90a1b1bba632d6 -> c1bf5aeb760cc5eae584ea3944d6531b
  custom:scripting/monoscript/fileName/NotificationBar.cs: d1a4cf5e8103d80fd25347275f906aa8 -> 0daf459fa0c4269b16bcc20cd072c021
  custom:scripting/monoscript/fileName/EmptyCommentDialog.cs: c9c28ff22d24598d7e4856f434bb1b92 -> c52f663a22969cac5d73796559175914
  custom:scripting/monoscript/fileName/UnityThreadWaiter.cs: dbd556f2802baab90a20da38c288d36c -> 99333406d92d10003984b4d1920de2f9
  custom:scripting/monoscript/fileName/CredentialsDialog.cs: 179b5e49656a1623c2e79d838f0f5876 -> c785d5e40f8d66b7ef7ba04ee7c324e0
  custom:scripting/monoscript/fileName/ProcessHubCommand.cs: 30630f626164e285c361aa64e681100e -> 8ab0fc63fa4d9d749198dd61b09d7e37
  custom:scripting/monoscript/fileName/Smoothen.cs: f71119afe4f2c5999c584cc36a8b7832 -> e3506c467db16d52d0cd943350a9432f
  custom:scripting/monoscript/fileName/GetRestorePathDialog.cs: e21eb9983f0b989125951478cd5e9b35 -> 353d1126ca2d2063d5bdbd06806ffc08
  custom:scripting/monoscript/fileName/UpdateReportListHeaderState.cs: 64a5bf775d221ad9a5ff8c78a1e0e1fa -> d6cbe54be2898ed2c96c2e79572c2e08
  custom:scripting/monoscript/fileName/PriorityQueue.cs: 0cdf409b5aa8d4c25876d72b5c6a3b60 -> a53f96815da50de15010b1c479bc70cf
  custom:scripting/monoscript/fileName/ToolbarController.cs: 2c40e17f5013fa537d2e6008ae1585f9 -> 
  custom:scripting/monoscript/fileName/LocksListView.cs: 8c6202774eebcf67be9c3b5a2926cc7c -> 7aa51ff93bcc98aa05dec8b46ec200c4
  custom:scripting/monoscript/fileName/DownloadAndInstallOperation.cs: b043b8d5921892e87f4566e00162cff6 -> 4f4065aeafda2af0ec272a3c228e27b2
  custom:scripting/monoscript/fileName/DrawOperationSuccess.cs: 6cc40f394b60161df36d771aaecfd389 -> 
  custom:scripting/precompiled-assembly-types:Unity.2D.PixelPerfect.Editor: 1dd2c8662b54f7c48656e3e8769dcc99 -> d365ac89282f9008a657a17834ac65e3
  custom:scripting/monoscript/fileName/SerializableSelection.cs: 8f6297df34271fdb1ce2d9607ec6261d -> d81fe1a86eaaaaa888ee50e17a01544a
  custom:scripting/monoscript/fileName/DiffTreeViewMenu.cs: 3e62bfc69ca7486976988e151b88922e -> 8039fc4ecf68b3e966e1f4822789e7fa
  custom:scripting/monoscript/fileName/ProcessItemsGridViewEvent.cs: df82921229c14892ccb17d219dbc3e12 -> 
  custom:scripting/monoscript/fileName/ProfilingScope.cs: faccdf064a44a2daaa0f0119bf865d8d -> fe7bbf733eb633d739d6b231e7c0e0b5
  custom:scripting/monoscript/fileName/UnityStyles.cs: 9cb60b3dfb2aa9ad7fb7f3438dc23bed -> b57f61a58df1c49a1c9d37daf76d42cb
  custom:scripting/monoscript/fileName/HistoryTab.cs: 4d086984813cd90d6be245dd8e03a2ba -> d57f000c65fde42a2228c7a105a836e5
  custom:scripting/monoscript/fileName/EditablePathController.cs: f77332f1cd4decead6ec722d05fe8672 -> 55f0d7b3b154f91804d8a66b9a4133f3
  custom:scripting/monoscript/fileName/EditablePathExtensions.cs: d8cc0b84fa774526a64b3645a6edccb4 -> 403cb8f43116ffe5ba447ae9605c041a
  custom:scripting/monoscript/fileName/HistorySelection.cs: 7c3afcf345a55e8b77ea41ca0f570218 -> 3d07a3d1241e204b5420d71f1137eba4
  custom:scripting/monoscript/fileName/CreateWorkspace.cs: 7b3086384e5ddcd73cd5064a3ce31cd2 -> 5256205b5cf0570b6f698c7abe518f5a
  custom:scripting/monoscript/fileName/ShowWindow.cs: c731454122754eec192bc3c53fac3d95 -> a6bb1d20733c178256b38974418d7450
  custom:scripting/monoscript/fileName/LocksListHeaderState.cs: b80c5f044f18764adef2e9dbea5f0fb1 -> c7fe4d3b5f954615048f8e79925d29e3
  custom:scripting/monoscript/fileName/CreateRepositoryDialog.cs: 1e1c5399cf3d0b071c7982c565a710ce -> 5cec3e66b09e0dbe1f805953c5c64af9
  custom:scripting/monoscript/fileName/GUIAction.cs: 350d8dad99ed62d0b448f77355d8f2b1 -> 2548898664ea0f5296c7747760fbcf3f
  custom:scripting/monoscript/fileName/RenameBranchDialog.cs: a3111a345c6451ee64cd16f1989c2313 -> a4999d46054383b4cef03a3dac804cd0
  custom:scripting/monoscript/fileName/ItemCreationUtility.cs: d1c4ddba747ed633116f555c0d69ace7 -> c57af52aa6b9ad17ab941b71b6b436c7
  custom:scripting/monoscript/fileName/HierarchyExtensions.cs: 51b7f60e874fe35c89af5cafd26af412 -> 
  custom:scripting/monoscript/fileName/EncryptionConfigurationDialog.cs: 6423045767c07e6360ff314ec741c601 -> 19e9c54aff6ffc68d60fe11f80578947
  custom:scripting/monoscript/fileName/DirectoryContentPanel.cs: 4d6a0c0a45414263ce60056ff4cab925 -> 
  custom:scripting/monoscript/fileName/CheckinProgress.cs: 298ac58365579798eb3b4defc181ccaf -> 75b93dbc5ef307111f0647f735640420
  custom:scripting/monoscript/fileName/ContainerWindow.cs: 9999240ada0b9d4ef7209fbaee5526ac -> 
  custom:scripting/monoscript/fileName/AssetCopyPathOperation.cs: 571ede78b6298606a236918df9df62d5 -> 633a9d130b72ba594756844b628f0ae2
  custom:scripting/monoscript/fileName/PendingChangesSelection.cs: 766664749a54eea9ecce5dff917430ef -> 1721ad72d074757364587c71b49d9382
  custom:scripting/monoscript/fileName/GenericScriptablePath.cs: 90647cc400823b41df847a6cbfc29026 -> 8f6297df34271fdb1ce2d9607ec6261d
  custom:scripting/monoscript/fileName/SummaryTextArea.cs: 05882493f87e7b705a427356ed666c7d -> 
  custom:scripting/precompiled-assembly-types:Unity.CollabProxy.Editor: fad2a86ba067a8487842a7a29cba00a5 -> 719513884e06ae88ec6448b0e7ccc543
  custom:scripting/monoscript/fileName/LoadAsset.cs: 9042eb334fc462cf466672445be1d4c2 -> 5e4e082aa5b21c13b80eb237fe94d00b
  custom:scripting/monoscript/fileName/Images.cs: 0b0c14141950fed99e3ef33199b3b4c9 -> fbdd1e600315d249327f3effde045c9d
  custom:scripting/monoscript/fileName/DrawLocksListViewItem.cs: ce3a3d64ec2d84c3556ffd4141efc4f7 -> 6201c4d50383e970d554210505562d37
  custom:scripting/monoscript/fileName/DrawProgressForOperations.cs: ea9179848be98ee7719316b39339ef29 -> b544f18e6532ba53bbd1b691fa5cd571
  custom:scripting/monoscript/fileName/ViewSwitcher.cs: bb22cc2814598bf2511f6c811c1dc194 -> 60aa4f3c1bcb8dbc8f81d2994b65e181
  custom:scripting/monoscript/fileName/RepositoryListViewItem.cs: 2f16ba7694ec7934685021093e722c4e -> 3cabcd81911a2500dcd9e2b6ffae3f00
  custom:scripting/monoscript/fileName/InspectorAssetSelection.cs: 71ba78e42827a9b22a9a6016733d756f -> 4b3c1ae4c44d88205aef26229acfe022
  custom:scripting/monoscript/fileName/MultipleEditablePathController.cs: c7cff4cfb29e01669fb7da4c388d9253 -> 674c7380f68bcfb7a08226a117ef532c
  custom:scripting/monoscript/fileName/DefaultControl.cs: 348fbe642e53b6e49cbf6c8ca5a88681 -> 07803142d979c84516dfc6acfd55bd24
  custom:scripting/monoscript/fileName/IncomingChangesTreeHeaderState.cs: f578f4545f0afb1f0a2de9a25e26e33b -> 9fcb97ef2da44c66332f5c6800c2e6ed
  custom:scripting/monoscript/fileName/UncontrolledPopupWindow.cs: 21c38025f2ceee67d17537b2a0fe8144 -> 
  custom:scripting/monoscript/fileName/SavedGUIState.cs: 647b42dc2f8bd75affb3308230e00f7f -> 
  custom:scripting/monoscript/fileName/DrawTextBlockWithLink.cs: d38f3ee197d9063693d0301d5157b32c -> 1d43814d810f0d56e2964ad3b72f271e
  custom:scripting/monoscript/fileName/WorkspaceOperationsMonitor.cs: 5f05751fd4d94e02e79a5bf200f98f9a -> 9241430734576b6454278a078113af4a
  custom:scripting/monoscript/fileName/UVCSToolbarButtonIsShownPreference.cs: beeeb7ac3fa2cc85e3ea89fd7a64c620 -> 
  custom:CustomObjectIndexerAttribute: 9a22284fe3817be447336de3de66b15e -> 
  custom:scripting/monoscript/fileName/ShelvesSelection.cs: 05891c88858e4ac7776c0c0c49b5b74f -> 8a3e11e7cd7bbf10b24988c7bf636dea
  custom:scripting/monoscript/fileName/CloudWorkspacesView.cs: f01dffc767eef688144df8f562f6b372 -> 
  custom:scripting/monoscript/fileName/MacOSConfigWorkaround.cs: 8634a542fc5c45ea8cd9a8244bf2c871 -> 9fe61e763da506601651f6c451cecb0a
  custom:scripting/monoscript/fileName/IncomingChangesSelection.cs: a96a5a084d59fe3917a3831b68fa9479 -> d86f9f4463e6f9d99bb815e1f018ccf1
  custom:scripting/monoscript/fileName/RenameLabelDialog.cs: 69da48f1051f115bff387d04fa8061e8 -> 
  custom:scripting/monoscript/fileName/AddMoveMenu.cs: 07e842d83dd343358454fef0a7927a0d -> e681c3341f01390e9c1d636ae93280df
  custom:scripting/monoscript/fileName/BrowseRepositoryPanel.cs: 927185e3369bb8a712864d1ee45a992e -> 
  custom:scripting/monoscript/fileName/ErrorResponse.cs: 18125aed60d37aa660c46a4f264d735e -> 
  custom:scripting/monoscript/fileName/PlasticProjectSettingsProvider.cs: c126b47f9f934d48f0646c249a5bfcca -> 8c4ae1aeb34c51d2a5a8924265075ff2
  custom:scripting/monoscript/fileName/ISelector.cs: 8f6297df34271fdb1ce2d9607ec6261d -> d81fe1a86eaaaaa888ee50e17a01544a
  custom:scripting/monoscript/fileName/ToolConstants.cs: a088b027c7b0922429c756f12b0507ea -> 3b0d2490617bc7f94a0bdab65a399e1d
  custom:scripting/monoscript/fileName/MergeTab.cs: f39dce5bbfdc053d284a55fc102a8be9 -> f0a9f00e065364eb63b070091ade67f8
  custom:scripting/monoscript/fileName/HeadlessWorkspaceWindow.cs: 89d568f5619fce8f39c5f2b79cf7acfb -> 
  custom:scripting/monoscript/fileName/ISelection.cs: 8f6297df34271fdb1ce2d9607ec6261d -> d81fe1a86eaaaaa888ee50e17a01544a
  custom:scripting/monoscript/fileName/GetSelectedPaths.cs: 02423a81496d6c63598b5cdc203f4354 -> be35dd49dddd53fc840b9febf21b4d0d
  custom:scripting/monoscript/fileName/TokenExchangeResponse.cs: 0dd9138dbeab6f132711a5b608de5c13 -> f20183d4cf939766d3c1e15cc3bec2e3
  custom:scripting/monoscript/fileName/ChangesetsTab_Operations.cs: eca44847b108faefa69f8c525242c965 -> 3290c4c0cd248666e01a08ee6d621249
  custom:scripting/monoscript/fileName/CreateWorkspaceDialog.cs: 082b6309504aa58ce32d718dbd338400 -> 
  custom:scripting/monoscript/fileName/ConfigurePartialWorkspace.cs: 309d4276b0164b05348aedbd51cc0b2f -> 10fcc6b6d43dd5ed36c43c6f7b5906c4
  custom:scripting/monoscript/fileName/ValidRepositoryName.cs: 43c262be3f66a970816e3d3a3ee8872a -> 56bcf92a3678f6ad6215cae2e4914cfd
  custom:scripting/monoscript/fileName/GenericMenuExtensions.cs: c1762dc58ca063f6e49a09a2d7c9ac21 -> 
  custom:scripting/monoscript/fileName/OtherOptionsFoldout.cs: eea27b9873519c1ea7c35b8afc1b7947 -> cc8f3a7680050422963ebd2bf169a841
  custom:container-demuxer-webm: 4f35f7cbe854078d1ac9338744f61a02 -> 
  custom:scripting/monoscript/fileName/GetPlasticShortcut.cs: 2a84c035152261f00e7e66eb44cd0ffa -> 5c2b7bf07ddd2284efc64b09ef0f1f72
  custom:scripting/monoscript/fileName/ApplyShelveWithConflictsQuestionerBuilder.cs: e109c624745dcc4304c557872b253808 -> 02e4256f31bc905362a382e31c3387eb
  custom:scripting/monoscript/fileName/GuiEnabled.cs: 1b1658fd7715b5cc664c10a130c6b629 -> 7bb13fcc8d8cbd392e00f7232841f086
  custom:scripting/monoscript/fileName/DrawHierarchyOverlay.cs: 36d3b1e35d3dfdad343d6aa13649ebc6 -> 
  custom:scripting/monoscript/fileName/BuildPathDictionary.cs: 943911b84162d26cea47f964f9a0a399 -> 9fabc7cc73fcfc50b8a3307c6aa6ec4d
  custom:scripting/monoscript/fileName/FindEditorWindow.cs: 2bb64182aef631315344623cf583c78a -> 8c3c78bb7e82ac5008f8a2b8a0d68cff
  custom:scripting/monoscript/fileName/ShelvePendingChangesDialog.cs: 47aa4c07d31152c0c1eff64d2ba76cc6 -> 86b1f48b5fbaffa67e939e7f404062e6
  custom:scripting/monoscript/fileName/DrawProgressForViews.cs: c153245b67af73b7ee03f693a1127796 -> 068a172cb549ad77d9873d721698bd0d
  custom:scripting/monoscript/fileName/HeadlessWorkspaceStatusChangeListener.cs: de916be08bf3295cde94a20dcfb15bfd -> 
  custom:scripting/monoscript/fileName/UVCSAssetPostprocessor.cs: c675ee511a220d1a1ba7c721480a7458 -> 
  custom:scripting/monoscript/fileName/UpdateReportDialog.cs: 706e7e86547c339cdb3a4462e3f7a54d -> 087837d8f73228f1a817d0de82c77260
  custom:scripting/monoscript/fileName/UnityMergeTree.cs: f81f2d7551ab855fe9dc724f3f2e2892 -> 59edaa0a4669bbcb540a261166adc144
  custom:scripting/monoscript/fileName/CycleMoveMenu.cs: 91c21a0be9b3727d7673f94321029c52 -> b3993a7306fc941f55ca963833965729
  custom:scripting/monoscript/fileName/ApplyShelveReport.cs: 4391918c37453d7327d68db4cf6cd958 -> 
  custom:scripting/monoscript/fileName/AddToCloudDriveDialog.cs: eeb5e8c719130160cce4541bbf3dcb7b -> 
  custom:scripting/monoscript/fileName/HistoryListView.cs: 527da2d093462f1c4a278d6957e7d5ac -> 7b2d1d2c12ab43d9d244e35197127919
  custom:scripting/monoscript/fileName/ChangeTreeViewItem.cs: 506ed128854137d9f75f9e3d2576a06b -> b0a38ce0a620643c776a3db4fd91bc4c
  custom:scripting/monoscript/fileName/DeleteWorkspaceDialog.cs: ca69a207119c4da67645929f4cd7ef61 -> 
  custom:scripting/monoscript/fileName/UTess.cs: 51da8e15ab7d786ba3646ac01bf263e5 -> beb58f0b88393724f26d018758015677
  custom:scripting/monoscript/fileName/BringWindowToFront.cs: 88b20f2a2881db6a013f54923d68cdee -> a30c7c1ba746c6d277a5aedd3057d15e
  custom:scripting/monoscript/fileName/IndexedSelection.cs: c29448e037592c0c15567d83c28e53a9 -> 5e6148fbbe5a5ad60f4934325fad9855
  custom:scripting/monoscript/fileName/CheckUnityException.cs: b93a19fe9841ed8f272171fad17aaed8 -> 
  custom:scripting/monoscript/fileName/HeadlessUpdateProgress.cs: 9d49a60f767ab7dd2aa3f40e283531b0 -> 
  custom:scripting/monoscript/fileName/ShelvesViewMenu.cs: 947ea245959bf421539573511c3a0058 -> f45fa7f169f7a3ab7f41dcf6af7bba60
  custom:scripting/monoscript/fileName/LaunchCheckinConflictsDialog.cs: 4417eba1591eccb2221bfdce0106c1e0 -> e2c1e3f8f4e14a62e4363fe6259adbc2
  custom:scripting/monoscript/fileName/IShape.cs: c6386f980f0fbf4a43ca98866763d51a -> a208bbdc4393108e57c6980ce3217e05
  custom:scripting/monoscript/fileName/ParseArguments.cs: 03c1a4d7e357164ca313a0019713c3db -> ae915d9f5fe287ced40627c9ca8bfafd
  custom:scripting/monoscript/fileName/ExternalLink.cs: 685ff1dd6f55eb61a1fd8af84a2aa7f5 -> a8ff952d8c27d10f226ab92b7aa83b69
  custom:scripting/monoscript/fileName/WaitingSignInPanel.cs: 247680fcfc6a176b9fa28a3df600a754 -> 7585e1c7111b6b900784e6d1c9454258
  custom:scripting/monoscript/fileName/OperationProgressData.cs: 0db72349eeecbe9449a517b1d79cc760 -> 15f68712baaea535af36d9e0333c0a6e
  custom:scripting/monoscript/fileName/PlasticTreeView.cs: 0f853cb95bf7e96f06d474f9d178481d -> 
  custom:scripting/monoscript/fileName/LayoutData.cs: fdb2acd96d1c94365b90db1beafbffab -> 0d8fafcd1fc1e4063c62ab8c5d4acc3d
  custom:scripting/monoscript/fileName/UVCSToolbarBoostrap_Legacy.cs: 6e08729e75007a8e63daa058947342ef -> 
  custom:scripting/monoscript/fileName/RepositoriesListHeaderState.cs: c0353a1af15ae4fd3d5a2a3cac816423 -> fb71b961ab7c924511a6b0e8680b60ee
  custom:scripting/monoscript/fileName/CreatedChangesetEmptyStatePanel.cs: 200e897174d55748fb01569652c068d5 -> 
  custom:scripting/monoscript/fileName/CommandAction.cs: 530dc47cd5fa844cd7c963801dcb2b07 -> 6fcc54a8c1be9b65ef9293a610b9d0a8
  custom:scripting/monoscript/fileName/ClientDiffTreeViewItem.cs: 56be9d3aa410e770e75de2d8b93be89d -> 43bdd7aa5bf1aa039a5b572c119c38d0
  custom:scripting/monoscript/fileName/CreateWorkspaceView.cs: c40bc4c8524ef3e2374ef997beb2e4a6 -> 04b4ce6556541af6541e1f1c2ea97052
  custom:scripting/monoscript/fileName/CommandLineArguments.cs: 0d20ca25f94249586a7c1484c469d8a2 -> 48a62ad3f817c0269ea7fc4a53799594
  custom:scripting/monoscript/fileName/Sweep.cs: 4c4607ddad5bf0065b1b367dcdda1267 -> 7a6117cc32a665dfa0e65196f28b18e7
  custom:scripting/monoscript/fileName/DownloadRepository.cs: 46fc68d9cc4da8e8ed765ff28b2dd438 -> 5bad8d3f76a3fcb41a94637e37c11ab0
  custom:scripting/monoscript/fileName/LabelsListView.cs: c8b36ba939a4c3ee0c2f3523883e4dc0 -> 
  custom:scripting/monoscript/fileName/ParentWindow.cs: 2476d8a6ba9c3055f984ac9792cae61a -> d6aa079e592e01701c5baa3ab98898bc
  custom:scripting/monoscript/fileName/OperationParams.cs: 091a140b35535b91c773ddf98925322d -> 3312c7a4424a66ffbf2f88f056f329aa
  custom:scripting/monoscript/fileName/PriorityHeap.cs: 564cfa0fe686526a17a840e93cad3423 -> e95e44d7a59e2020809acc4c07f837df
  custom:scripting/monoscript/fileName/SignInWithEmailPanel.cs: a5823728eb62cf6dbd8c933c1cb26f53 -> 6e8957c0ed7609303e68389067e72d72
  custom:scripting/monoscript/fileName/DrawAssetOverlayIcon.cs: cf2e9d4e487eee6b9a7997b013cc5426 -> 
  custom:scripting/monoscript/fileName/LaunchInstaller.cs: f9b7c99441bc32980ce9b95be066824b -> b75efdf5909b501e06cacd9c66f75981
  custom:scripting/monoscript/fileName/GetWindowIfOpened.cs: 84a2356c61155912908cf98a62600c22 -> fd8bfd1a9b371371ebbff48e377726f9
  custom:scripting/monoscript/fileName/Polygon.cs: 074eefc3142862da475643e41c179080 -> e0aef379341b09d8d58916aff465e990
  custom:scripting/monoscript/fileName/AvatarImages.cs: ea6dca998cf0ec5122553a9e010ef687 -> 3aa8c25a350843151ec4070c820c411a
  custom:scripting/monoscript/fileName/GenericScriptablePathInspector.cs: 90647cc400823b41df847a6cbfc29026 -> 8f6297df34271fdb1ce2d9607ec6261d
  custom:scripting/monoscript/fileName/DrawUserIcon.cs: 2f65feb9bed897237f97fbf9c5479092 -> 7d5385bf780ae84e648a8b49f8fe0825
  custom:scripting/monoscript/fileName/UVCSWindow.cs: 1a4a8eb11460ca57b367e469f472d952 -> 
  custom:scripting/monoscript/fileName/RepaintEditor.cs: 0ad49394b91b54d3e95e58255051d414 -> 
  custom:scripting/monoscript/fileName/TreeViewItemExtensions.cs: d22abf8de7a9ab0e852b869a652f100d -> 6849c47ffa8623d630ef12f76bd49905
  custom:scripting/monoscript/fileName/AssetStatus.cs: b9ea657347f2c22e8e401cdb256c516c -> e017010009bdb28bcb0d7d8ef05e7dd9
  custom:scripting/monoscript/fileName/StringBuilderExtensions.cs: 14a3bca92eed52569c50d58813f48a9b -> 9c3fe87dfb0e6e574f80d909898312d9
  custom:scripting/monoscript/fileName/BranchesListView.cs: 334a3fb302f855f71fb71520fb442a71 -> 3f5ed9fe5a1bca512014ae1600ee1666
  custom:scripting/monoscript/fileName/DrawGuiModeSwitcher.cs: 363adc150c5f1c5059a678f179906090 -> d3be34a3134d3fe80ef6b14d0d519128
  custom:scripting/monoscript/fileName/PropertyCollector.cs: 6105c04b1425b941f8345268630cb955 -> 5aec76e46f924ccaca627d25d35b649a
  custom:scripting/monoscript/fileName/Breadcrumb.cs: 12494e81ac82d901d9485d0dc67a2f1f -> 
  custom:scripting/monoscript/fileName/HeadlessGluonUpdateProgress.cs: 5e9eb2bb909e467279c0228e2fd9a433 -> 
  custom:scripting/monoscript/fileName/UnityMenuItem.cs: 5f445176ad3735e69769d93250663be7 -> 73f3c859f1b5092ad362c09e23b3a922
  custom:scripting/monoscript/fileName/WebRestApiClient.cs: 8ab6ae74a3793a3375cc48f328048a82 -> 746756fd499dddd02a4e7ccdbac48be3
  custom:scripting/monoscript/fileName/CreatedChangesetData.cs: 5f76960f3cb9b8b7969c741d8ed9115a -> 
  custom:scripting/monoscript/fileName/ShelveListViewItem.cs: a37862556d04b25f75804d991e109d87 -> 373418f0ae11fc25a26ff7fe4f472006
  custom:scripting/monoscript/fileName/UVCSConnectionMonitor.cs: 0918d9dc7fd9a8a97bc3be5927630ce2 -> 
  custom:scripting/monoscript/fileName/ItemsGridView.cs: 5337bf326f6c7c5d06fde6856d84c1ec -> 
  custom:scripting/monoscript/fileName/PendingChangesOptionsFoldout.cs: 2a2f5a0ba87bd75c4475236a9a012016 -> f9e651bcc5d4441496c88ab59a32f360
  custom:scripting/monoscript/fileName/EditorWindowInternal.cs: 596ae80638ffda863423a218abe115b2 -> 
  custom:scripting/monoscript/fileName/IncomingChangesTreeView.cs: d8c19bc81b07c04d7721396d2821d297 -> 96479648d4498738733254eb4e4c6fb5
  custom:scripting/monoscript/fileName/GenericProgress.cs: 11287c7d038c487f32d0c8edc476a32d -> 8492ec26f01fc248d3eb3c2f5b3b6c0f
  custom:scripting/monoscript/fileName/NotificationsArea.cs: 58e551333fb0f48f12d2eef0c359b106 -> 
  custom:scripting/monoscript/fileName/PrefabStageExtensions.cs: f87743566685ae979275a78537e068f9 -> 
  custom:scripting/monoscript/fileName/ShelvesListView.cs: 0763e4076b11a683fa148282680085c0 -> 01c1f087b2f83b458da6b8ad18736606
  custom:scripting/monoscript/fileName/MergeCategoryTreeViewItem.cs: c1ecd9dc0cd73eb7eb129994dedc1a91 -> 6bd59fcbfeafe06987a54631991d755b
  custom:scripting/monoscript/fileName/CheckinDialog.cs: 1709b78fae1329cc05fd4f39334b25f5 -> 702fdb8d0a3b4bfcb9ba109e71325cad
  custom:scripting/monoscript/fileName/SortOrderComparer.cs: 8f6297df34271fdb1ce2d9607ec6261d -> 90647cc400823b41df847a6cbfc29026
  custom:scripting/monoscript/fileName/IncomingChanges.cs: 7e41b8b9c2a78740b46b48508aa0e98b -> 
  custom:scripting/monoscript/fileName/GUIActionRunner.cs: 69af7de0762ed6d085feb4cc4b5101b3 -> 4a0608de635b0d82868d57923d68eff7
  custom:scripting/monoscript/fileName/OpenUVCSProjectSettings.cs: 95259dfc366e68dc8155cf555cc81a25 -> 
  custom:scripting/monoscript/fileName/PendingChangesTreeView.cs: f3722f38014385705913f17dbe0f90c1 -> 17142d220a0a50a3f3d184c4718a0da7
  custom:scripting/monoscript/fileName/GetClientDiffInfos.cs: 4ae14b15e2cf5177a84735548a44cdc9 -> f8db8e637ded2d5e935a953a13b85ebe
  custom:scripting/monoscript/fileName/DrawActionButtonWithMenu.cs: d7f31944358aed2f3ed3982246fca039 -> 8d4f5edd02a1dd0f38c4f2baf5ee8a33
  custom:scripting/monoscript/fileName/ErrorListViewItem.cs: 9bf59c82e9c9992a012a3eb2b6c2bfe5 -> b0e0c6d694ea3cf81ec666dcc600c133
  custom:container-muxer-webm: aa71ff27fc2769a1b78a27578f13a17b -> 
  custom:scripting/monoscript/fileName/EditorProgressControls.cs: b1f133fa38afd918d537a72574fc93a0 -> 2e606eb01a6e6a567f3de9a0379ed3ae
  custom:scripting/monoscript/fileName/BranchesListHeaderState.cs: d47f1164fa7093137db851c4c16ffba3 -> 82eab21603f4efc696334ee80641c2c9
  custom:scripting/monoscript/fileName/CreateLabelView.cs: 83d68df559bb2e12081f90cb3bde75a8 -> 
  custom:scripting/monoscript/fileName/DrawSearchField.cs: b11b864a92c7d76f85d4ec87d6faf61c -> 3de70beba9f4447205d50241d95b066a
  custom:scripting/monoscript/fileName/PendingChangesTab.cs: c99065f3c85ec85c85ece2a1a30665af -> 15ae6787065f4af65778e981f418a60b
  custom:scripting/monoscript/fileName/OverlayProgress.cs: ea01d6425eeb4e44732d368892d72161 -> 
  custom:scripting/monoscript/fileName/MergeTreeHeaderState.cs: d266e9dd03ced7ec66ad3688e5f18f26 -> 6293ca7f65e9641fcbe12100e705a990
  custom:scripting/monoscript/fileName/BuildGetEventExtraInfoFunction.cs: 1308a6936e8051866a117b3b7c2c7b77 -> 74bfc8c01f931108a3c2b127aa04cc8d
  custom:scripting/monoscript/fileName/ShelvesTab.cs: 88e0da7511313c57d3f51ba183c4d3fc -> fca0a219bdad45e636bd34724e5dc89d
  custom:scripting/monoscript/fileName/StickyNote.cs: 40ced788af8eb44078f25e5a73c3b765 -> 79e9e9828b38cf99efe5fe8524d51b63
  custom:scripting/monoscript/fileName/TestingPreference.cs: d03d196af6cfa172ba53ac818aaa856c -> 
  custom:scripting/monoscript/fileName/CloudWorkspacesTreeViewItem.cs: 6c6801a18a3397966e01bdc31f2e9652 -> 
  custom:video-decoder-webm-vp8: 9c59270c3fd7afecdb556c50c9e8de78 -> 
  custom:scripting/monoscript/fileName/WelcomeView.cs: 07e35bfe1faa2c52c049eb30958acd54 -> b6f5ad03828f3d0b6465c52959e1ee5e
  custom:scripting/monoscript/fileName/EditablePath.cs: d201b99b8f42a629011dff545c0755a1 -> cea4da12a9521c6f0deef66d4f698b75
  custom:scripting/monoscript/fileName/DeleteMoveMenu.cs: 39c593e854a9a8ae0e6d34ceb587fce1 -> 4d026cbabd8105e38661f97da078042a
  custom:scripting/monoscript/fileName/ScriptablePath.cs: 1a1740dc7a8ed68b33f7230fb3f9c47a -> dbd0f5c84942c4fe341d1669f362f8a5
  custom:scripting/monoscript/fileName/SideBarTreeView.cs: a789a89e2885af03fdaa35565d6565e2 -> 
  custom:scripting/monoscript/fileName/PlasticApp.cs: c440a0fb380601a77ad475d6c15d4fa1 -> c57de230d90beac7b586f10b9c7c6cb5
  custom:scripting/monoscript/fileName/ChangesetsTab.cs: ef408d8aaf89e01b17643ed0c836680d -> 46dde8f7856048792ad2e75490bb8c5e
  custom:scripting/monoscript/fileName/DeleteBranchDialog.cs: efbbc070bfeda2b746e8b15a4380cb26 -> 8549b0fc52962c89115fd78724fee578
  custom:scripting/monoscript/fileName/IncomingChangesNotification.cs: d7ac4b8f9ea939309b8ceb7f729100a2 -> caa8ea2c7336b9227381f0971759e01a
  custom:scripting/monoscript/fileName/HeadlessGluonUpdateReport.cs: d2024faa0e05bde952f9fcecefda620d -> 
  custom:scripting/monoscript/fileName/ErrorsListView.cs: cc3142391037796392fcd3fe860891dd -> 32a0a4d27f42660bdc59e43d546f59a1
  custom:scripting/monoscript/fileName/LabelsTab_Operations.cs: 5c2b8c09c181244a6868a6fb6e0cb999 -> 
  custom:scripting/monoscript/fileName/UnityPendingChangesTree.cs: fd6f0a038401268983bd9328d10dec93 -> f391d9a00dc9e202cee4d4ebcf6d21c0
  custom:scripting/monoscript/fileName/MeshUtils.cs: 2a92fd72e03c92de609c26d9ce4ac8d3 -> 8368f059b382c8ba9ddd54420e122983
  custom:scripting/monoscript/fileName/BezierUtility.cs: 59b334adddac4e356dfe401c493b09fb -> a61f35e1fcc8e628a9723bfaeef6e77a
  custom:scripting/monoscript/fileName/ClientConfiguration.cs: 5f5e47bfb7cedc7420d7e59c6d7ae6f0 -> 01b18b09a6dbb3756e1f42a5b64aab0f
  custom:scripting/monoscript/fileName/BrowseRepositoryViewItem.cs: 3ef3fce530c754bacde2c24f02377c6c -> 
  custom:scripting/monoscript/fileName/Drawer.cs: 7bef5f863feba6ff3e5d2d6eeca9d7ac -> 74e9ac80a5b782dd678574daaca8b9c1
  custom:scripting/monoscript/fileName/PlasticDialog.cs: b0aae1bf1889af041741f324070b7b84 -> 63a17a2b696bc2a13c9046aa16f8cea4
  custom:scripting/monoscript/fileName/CommentTextArea.cs: aac9928d85ff64676733a6458e8033e6 -> 
  custom:scripting/monoscript/fileName/IGUIState.cs: 0b538961cc4361bfc6e9c42d79f4be93 -> 1d181ee68045619e60b23fc8b2f2e5c6
  custom:SearchIndexIgnoredProperties: e643bd26f0fe6173181afceb89e7c659 -> 
  custom:scripting/monoscript/fileName/SerializableMergeTabState.cs: 193eda3eff83224be11edbd2eea5b26e -> 
  custom:scripting/monoscript/fileName/AutoRefresh.cs: 9d30d5d3f0e8985355be1ab597da1dbb -> 0a8afde180a876655ad16caa14493409
  custom:scripting/monoscript/fileName/GetRelativePath.cs: 9b16eb2de9e98b392077181cc34243c1 -> ab04ae5e0cafb93ebf5c96148bb52df0
  custom:scripting/monoscript/fileName/UnityEvents.cs: 253411328de37811883aded592b97268 -> 93e3e01e1fc330c62462aa41b286117b
  custom:AudioImporter_EditorPlatform: d09bf68614088b80899f8185d706f6e7 -> 
  custom:scripting/monoscript/fileName/DeleteChangeMenu.cs: 540c783b689e4d6a4a383862455d5d39 -> bfa368dc06e11abcc107d6f80c7c19c5
  custom:scripting/monoscript/fileName/ISelectable.cs: 5ebd0c6cdb82b8c435f72f1d3586bacc -> fcc7eae87f95d438bcb8b3cfa64595d4
  custom:scripting/monoscript/fileName/SelectNewCodeReviewBehavior.cs: df6e8e132199ea6ec467c9bced11011d -> a16edf3a8c3e5ac26863e890f68fd937
  custom:scripting/monoscript/fileName/DockEditorWindow.cs: 581124d5e19667105f2446d6dfbf7982 -> a9e5e467234133af999283610b6e84e6
  custom:scripting/monoscript/fileName/Execute.cs: 6bd69b2ded74756ea7b3e8d269dc1f37 -> 
  custom:scripting/monoscript/fileName/ProjectPackages.cs: e247c98bd45807b228765f9a94d82145 -> 9e9e13e39b2e9718b602503b87245c18
  custom:scripting/monoscript/fileName/BranchesSelection.cs: 7eb1fcb556f0fad697e4ec9d989be099 -> 33b36e7b03910960966036894ec90c7c
  custom:scripting/monoscript/fileName/IUndoObject.cs: 0f9e4174d37736dd1a4fc26bc322f8d7 -> 6ebf2871aa585b577ba13046014f0f07
  custom:scripting/monoscript/fileName/UndoRedoHelper.cs: bbe7eb3a62b59901a2cd5ad2e99e75ee -> 
  custom:scripting/monoscript/fileName/SaveAction.cs: b68fbb4319dbb368959c40781b39fdf8 -> 27c387bb58f3a69b0c9ff60d2209e18f
  custom:scripting/monoscript/fileName/DirectoryContentPanelMenu.cs: 09f7d9375f3b45c66abf778aa4a96953 -> 
  custom:scripting/monoscript/fileName/AutoConfig.cs: 6c4e7f9dc55323aa1299debfe9723aa6 -> bf4bbd2f2e752464ef51dbf102faed17
  custom:scripting/monoscript/fileName/AssetOverlay.cs: 8e3e2f3eeaad491df17ad0559655fc85 -> 
  custom:scripting/monoscript/fileName/DiffPanel.cs: 02288a38bd14cc2b52a25b302a6f154e -> 210366dab3631628227b9406f87a9b7f
  custom:scripting/monoscript/fileName/DrawActionToolbar.cs: 52293cb82089e0370f52e257f41c0869 -> e05748a99799f26304c1bbafd90f703b
  custom:scripting/monoscript/fileName/TreeViewItemIds.cs: 7d654a2b5b3a10da3e7d8472196e96d1 -> 90647cc400823b41df847a6cbfc29026
  custom:scripting/monoscript/fileName/EditorVersion.cs: 70953c9eccf7726f70c672a9a51619e9 -> 698aba075b19a52a056d67a7b809d179
  custom:scripting/monoscript/fileName/TeamEditionConfigurationWindow.cs: d06f049421c16e5927ec29f770917e09 -> e53b1ca5561894aaeff930afb696d001
  custom:scripting/monoscript/fileName/ProgressControlsForWindow.cs: 1bd4b88073f9352e18d3899a28d6b073 -> 
  custom:scripting/monoscript/fileName/ProgressOperationHandler.cs: 5fbb4e0f656dcfaa4498bd2e492e4710 -> ec62666c0ca1649dd33cc6bc6834c6f7
  custom:scripting/monoscript/fileName/UVCSPlugin.cs: 0b233fd295684edaa1f267c21fff279d -> 
  custom:scripting/monoscript/fileName/UnityPlasticTimer.cs: 961fdb6492c99b4a3eadbed28e78c4b0 -> 6c887e722e951c2964523825cad70c4c
  custom:scripting/monoscript/fileName/TreeHeaderColumns.cs: 9fc4a0396a421346b8aa3b7788860851 -> 316e5ea62e66b20fd6e687a6b9e5958e
  custom:scripting/monoscript/fileName/ToolbarOperationsShortcut.cs: 87ee3ad7f25a0971cf885ec34445af35 -> 
  custom:scripting/monoscript/fileName/MergeOptionsDialog.cs: 25ac62df73845405e13f44e4dfdcf0d1 -> 9250ce23d260ab84f87bd5899c6cf983
  custom:scripting/monoscript/fileName/AssetFilesFilterPatternsMenuBuilder.cs: 8fe5de6e5dc3d42fb7e95de2aaedbf5a -> 0d99e7514c6a33cda8314deed8f34bc5
  custom:scripting/monoscript/fileName/MergeTreeView.cs: 143a828a1a236483d3cdc1d010ce9d51 -> 3feb38cec50d3fc7576ddbf07a9a9ce8
  custom:scripting/monoscript/fileName/ConfirmContinueWithPendingChangesDialog.cs: c0e147ff008a0b77c9337132a3ea70af -> 77462b1904ad8f6fee2f8da4523d59fe
  custom:scripting/monoscript/fileName/ShelvesListHeaderState.cs: d3cea237aa496a145829475430d90f29 -> 287f23cbe09ecb9b28ec8dd05ede8846
  custom:scripting/monoscript/fileName/FindUnityObject.cs: 764b58d151d5b365b2e83ce3c8bd1758 -> 
  custom:scripting/monoscript/fileName/ChangelistTreeViewItem.cs: a4a6f6169cdb3afe249e104e2b7b1a2c -> 87f69636be8bd1a264ec4eac1bffa701
  custom:scripting/monoscript/fileName/UVCSProjectSettingsProvider.cs: cb31186627a7b56341ca00c1af59ac0a -> 
  custom:scripting/monoscript/fileName/CollabPlugin.cs: bda741ff77a19affbf276298e29313ec -> ca276d65e7cd77c5c99d9f119ffdb215
  custom:scripting/monoscript/fileName/TabButton.cs: 757146b89ed597b1d75c77241e5d5f63 -> 209224933ef150b047623939760d7928
  custom:scripting/monoscript/fileName/LaunchTool.cs: 3ac53c8af1f56365aad9e1ae5366d98d -> 60773d78646dc188d4b2caca77f20b17
  custom:scripting/monoscript/fileName/RunModal.cs: 33b931100ee477e6812324eabaa2e837 -> c83ee2ef642c5d8b8dfd32f033bfc438
  custom:scripting/monoscript/fileName/HostView.cs: 509dbedf696a8bb18b29d1f7ebac7801 -> 
  custom:scripting/monoscript/fileName/BranchListViewItem.cs: 8fdaa5aa842f5a70237affa304b9d506 -> 55028f4aef24d6227589aaa95582b2ff
  custom:scripting/monoscript/fileName/PixelPerfectCameraEditor.cs: e37a28cdd8139e110f21a0ca50a1ea3f -> f9a03dabdd485f8d54482e100f899118
  custom:scripting/monoscript/fileName/GetAvatar.cs: 07c98163f75f0b7c672bd453fc82bf61 -> 04ffae2a9e5a4c32a119f93144f558d2
  custom:scripting/monoscript/fileName/MoveAddMenu.cs: 81d47caeb9f49803adfe1627c8ce5bf4 -> 1fbfab870b2e95fdd8a81f6019f764df
  custom:scripting/monoscript/fileName/FindTool.cs: fc3b0710b24078288fe829d0bb041dd0 -> 2f9d82566cfb01fb68fc30111fb47624
  custom:scripting/monoscript/fileName/UnityInternalsInjector.cs: 924d900a6eb847694df292e7570d50ab -> 
  custom:scripting/monoscript/fileName/ChannelCertificateUiImpl.cs: 75d7831ab5da75cc0082e28863abb142 -> cefccf1e13b7bcf15e3c9f2dd4cd2fc8
  custom:scripting/monoscript/fileName/PopupProgressBar.cs: ca05578bed7111cc20e6477771a59511 -> 
  custom:scripting/monoscript/fileName/ApplyCircleMask.cs: 02eb67e485278e7c9b719fee5ff90f4a -> b955b378d261fdcbd6272fe8711d1e4f
  custom:scripting/monoscript/fileName/SplitterState.cs: 9425489160c9655e51876db63f61c9c4 -> 
  custom:scripting/monoscript/fileName/EditorWindowExtensions.cs: cf9f139f540b7ffa998b03197b5e4b96 -> 
  custom:scripting/monoscript/fileName/AssetMenuOperations.cs: 131bfc7279b97eba576abe13a47f8f91 -> 0f0ce50426259919e339aa7586c1e4ac
  custom:scripting/monoscript/fileName/ShelveAndSwitchOptionsFoldout.cs: 676902ec49ff9c5abb2a832f067966e8 -> e7b216a23869eafb9aecd00a8905fafa
  custom:scripting/monoscript/fileName/VisualElementExtensions.cs: 46b225d941aaa7b69168ef4467ffab1a -> 28d3e288ea1cf459fc3cca96347c70bf
  custom:scripting/monoscript/fileName/ControlPoint.cs: 843d47173c4b7f80dc4e13a3682196ee -> fedab7e0bbf8febdf3a4d0eab5482ecd
  custom:scripting/monoscript/fileName/GenericDefaultControl.cs: 4a07ce53df56bef2e4697f262945d140 -> a19437ce50679b5b2cc6cce2976a216e
  custom:scripting/monoscript/fileName/LocksSelector.cs: 70b046a562568fd78d093736e68a3a58 -> 7b0f4fc5552c1d92ba7f4648526ceb21
  custom:scripting/monoscript/fileName/ListViewItemIds.cs: 8f6297df34271fdb1ce2d9607ec6261d -> 90647cc400823b41df847a6cbfc29026
  custom:scripting/monoscript/fileName/CreateWorkspaceViewState.cs: 1deb37b3c17c224d9a7dca9c990ea191 -> 0fe23b7cca9336b31a27790c714de652
  custom:scripting/monoscript/fileName/MergeLinkListViewItem.cs: ebc1e6f9e3a3005d8f4c51a794adfdaa -> 3fa407d29597803190dd374d88ed170d
  custom:scripting/monoscript/fileName/DrawCommentTextArea.cs: ad5449f632fd412ac0f7ba0d171fd453 -> c58c26552f95f108a8d9610eaf001fbc
  custom:scripting/monoscript/fileName/ErrorsListHeaderState.cs: 9141660c9776c5dac5f980fd03a672a8 -> 3e78431222de62ab12804de2e57e71f6
  custom:scripting/monoscript/fileName/MergeViewDirectoryConflictMenu.cs: d45972e8b5f74223c607a4daa895ff3d -> fad8e1937fc14fd75ca21a68ee1037b8
  custom:scripting/monoscript/fileName/RefreshAsset.cs: 4479d2949a66a97f66d1e550067f3767 -> 21c806d59a337a83fcab56230df298f8
  custom:scripting/monoscript/fileName/BoolSetting.cs: d67f952c3a5976591f3e9a9e7356bbab -> 6866476ee3db529747ee7a560b4298d4
  custom:scripting/monoscript/fileName/UVCSAssetModificationProcessor.cs: 0a5cbddf202c00938b55dfee9fe09f58 -> 
  custom:scripting/monoscript/fileName/BranchesTreeView.cs: 97d39bb0fa69ba384a53e5a2534d74a5 -> 
  custom:scripting/monoscript/fileName/PointRectSelector.cs: 17548335647f0d06cc1f17d81c223b2d -> 11673fa9f934713f0b05b528f036018b
  custom:scripting/monoscript/fileName/CloudDriveWindow.cs: 97758f8826c0bad226717569c47aa717 -> 
  custom:scripting/monoscript/fileName/ScriptableData.cs: 90647cc400823b41df847a6cbfc29026 -> 8f6297df34271fdb1ce2d9607ec6261d
  custom:scripting/monoscript/fileName/CreateChangelistDialog.cs: 774371d4233cc1d394d98dc80507a1f8 -> 386b03e27c951c5f1d63daf7aae486ca
  custom:scripting/monoscript/fileName/HistoryListViewMenu.cs: 15a489e494f04a7ea37a587c7601070e -> 29770348599c8d5473b78d72e5741b40
  custom:scripting/monoscript/fileName/ControlledPopupOperations.cs: 506d5b3ef021e2785faa857a3e8dc1bc -> 
  custom:scripting/monoscript/fileName/MergeViewFileConflictMenu.cs: d7362b83d6b320a0f0ceaf99dbe21727 -> 8fc0f292158abfa71c2c7b3b6f38d32a
  custom:scripting/monoscript/fileName/FilterRulesConfirmationDialog.cs: 5186d89f21d03764f0cca01c2a0122d7 -> 9c91c6c91f20e6d013a753f32343b327
  custom:scripting/monoscript/fileName/SerializableBranchesTabState.cs: f70d390442fd9f2879e78860ffdec2df -> 
  custom:scripting/monoscript/fileName/ChangesetsSelection.cs: d154d1782ed752b83834c54a0bde3df9 -> 8b9d539af9f7e269bac4e3d79e9ffab8
  custom:scripting/monoscript/fileName/ItemsPosition.cs: 7b6044a579e2807d5fcfc61c6481d9be -> 
  custom:scripting/monoscript/fileName/ThreadWaiterRegistry.cs: 62d65cc3ac43d81fb879426ea76e11e1 -> 
  custom:scripting/monoscript/fileName/SerializableHistoryTabState.cs: 2e9d9c086bebe1b2a975701f66b7756c -> 
  custom:scripting/monoscript/fileName/IsResolved.cs: 67a72533af97b9ab7830798057ab806c -> f54a3e2c5134aa4306f9ad150b1911a9
  custom:scripting/monoscript/fileName/LocalStatusCache.cs: a558fcf5f34357bab4cfc7b75e2bb356 -> 30974ea30517fbfd1b93153f6c849a76
  custom:scripting/monoscript/fileName/InternalEngineBridge.cs: f60b8c31fd032cd3dc3869e6eb10723c -> 3a838c7ebdc1ced44521ca5bc311a5c7
  custom:scripting/monoscript/fileName/RepositoryExplorerDialog.cs: 143e7416b576681e1f2ea71288e530e6 -> eea34924da79ad7254f3e141a891c78d
  custom:scripting/monoscript/fileName/Tess.cs: d6e704c26cbdf79cd2e61c6d62c120b6 -> 4b4d4320ed9467fa8c79735e01855342
  custom:scripting/monoscript/fileName/HeadlessUpdateReport.cs: 881a8c95e0934f2882aeb650497c0a0d -> 
  custom:scripting/monoscript/fileName/PixelPerfectCamera.cs: 427fa03dc459312d1746370b68db9927 -> 296de89544741f6e726fa3d1fe65f6d0
  custom:scripting/monoscript/fileName/WorkspaceWindow.cs: ff52e13cd29dacd66db0169e14f71a23 -> b042f06133312d3bfed176231d97d77c
  custom:scripting/monoscript/fileName/BranchesTab_Operations.cs: 764cb17e9337c58ad4f5304b60b2042e -> 57c33f76c527a5aba4d269245ffff188
  custom:scripting/monoscript/fileName/DiffAndMergeOptionsFoldout.cs: 080cbf9242c0571bafa2e45ef8932448 -> 2810bae564e92b04bc7ebe4e47a2880b
  custom:scripting/monoscript/fileName/FilesFilterPatternsMenuBuilder.cs: 28072cd275c96994687e6d4d0d6e1dff -> cf716a8d336c8113475a9ca67a799ec1
  custom:scripting/monoscript/fileName/HoveredControlAction.cs: 9de9df8e27ac22e6a80c8207bb3bdc2e -> 4dc6fa6afbb3044653e5e9ae8fd8b54b
  custom:scripting/monoscript/fileName/ErrorEmptyState.cs: deb37e1e6e9e4038ff975e409334287d -> 
  custom:scripting/monoscript/fileName/InspectableAttribute.cs: 38b788b4cc63dc944d9cb7cfc73677b3 -> b896b1b0232aa7224b2de8576324611c
  custom:scripting/monoscript/fileName/HistoryListViewItem.cs: 2d3b1fc954b6bdbae298ec250ade0663 -> 96f2b67ec620b83e35d13f11877e1ac1
  custom:scripting/monoscript/fileName/RemoteStatusCache.cs: 00463e6b90cfe7da080d7c266f783980 -> 402d5663f3675e9324c129274b0c00f2
  custom:scripting/monoscript/fileName/EditorWindowFocus.cs: 1012e4e2e29e9b29bdcc03d8b92762a8 -> f258b0cf85078a7435d001e522d5e8e3
  custom:scripting/monoscript/fileName/EnumExtensions.cs: 24df84756ec75feecd53a80a0991ea16 -> 872fcb89b813d64606e680211dede528
  custom:scripting/monoscript/fileName/CreateWorkspacePanel.cs: e095993f27ddb74fe878e4c16143baa9 -> 
  custom:scripting/monoscript/fileName/IsExeVersion.cs: 093723a3ef9cbad630dfdc60c764eff0 -> 9ef63354090e3419637bfe79e3489687
  custom:scripting/monoscript/fileName/InputTextDialog.cs: 427b74b0ca9500801914875968feda91 -> 
  custom:video-encoder-webm-vp8: eb34c28f22e8b96e1ab97ce403110664 -> 
  custom:scripting/monoscript/fileName/CommentArea.cs: eaaea7a4859cf4f7adb041bed1ee8bdb -> 
  custom:scripting/monoscript/fileName/UnityIncomingChangesTree.cs: f774bb8bf0bd45a254894c795843c695 -> 42967773c43d3de5d23be4ddc6dfd9c4
  custom:scripting/monoscript/fileName/VCSBuiltInPlugin.cs: b6edf6aeb46b168f4090d7bd1fb3464a -> 
  custom:scripting/monoscript/fileName/UnityDiffTree.cs: 447fc3a8922f56330f4bae8c9dc9a8be -> 1029ffd567bc0e646e6b119719dcb2ff
  custom:scripting/monoscript/fileName/ControlledPopupWindow.cs: 24586e844d7da0dbb3037f82a187a2b6 -> 
  custom:scripting/monoscript/fileName/TreeHeaderSettings.cs: 114eb9e27124403e8e111494b8eaf987 -> 662b1714c0fce36da72bbfe60201987a
  custom:scripting/monoscript/fileName/CenteredContentPanel.cs: 04bdb9b21e9d3d38998cb939299334cb -> 
  custom:scripting/monoscript/fileName/UnityConstants.cs: 323df5e3c80d05e06517581c776fde34 -> c519528656feb52bc4c37f6b6284546e
  custom:scripting/monoscript/fileName/IsExeAvailable.cs: 3e4283303610c884e542b8f6d3e922d4 -> 4a3dbc5ded94087064afd97407f26631
  custom:scripting/monoscript/fileName/LoadedTwiceMenu.cs: 961f9b82936caa7937046ac23d323c2c -> b54aa2e14eb740621bb6f926af7cb8ef
  custom:postprocessor/textureSprite: 704a9d4329f3af01b3a5c89999a88182 -> 3a72ab716371bfb79a2f67d30e7b4156
  custom:scripting/monoscript/fileName/AutoLogin.cs: e67ed70aada38469aeb667115929c368 -> cac363a2d5471994de278e71f937b032
  custom:scripting/monoscript/fileName/DrawMergeOverview.cs: 1db93bf179b38015949e3a3cb6ef1bd3 -> 49e0e525c3c170f79c20dc6779b7ead8
  custom:audio-decoder-ogg-vorbis: bf7c407c2cedff20999df2af8eb42d56 -> 
  custom:scripting/monoscript/fileName/CloudWorkspacesSelection.cs: 61a383910fcfe9f4d95f6bb18c47746b -> 
  custom:scripting/monoscript/fileName/PathEditorToolExtensions.cs: 902650c2916d507807b40f13195e7264 -> 6718c0855e796cfb38a17ef31874cda2
  custom:scripting/monoscript/fileName/UpdateReportLineListViewItem.cs: a101f0ba5292fc139445870b3f4af838 -> 9f63395e1ea590dbbab4d59cd0032ac4
  custom:scripting/monoscript/fileName/DrawSplitter.cs: ec7e8739eacabcca3e2946d9833eea0f -> d2f114a8e8e4167f7762d835a83b2f55
  custom:scripting/monoscript/fileName/SettingsWindow.cs: e16706f8e5ae8e270710eec00c495ce0 -> 8d70c030d1adf49503f13924187a3cca
  custom:scripting/monoscript/fileName/LabelsListHeaderState.cs: aa900e2a327b0ee5aa6bf8866bd7e720 -> 
  custom:scripting/monoscript/fileName/GUIState.cs: b851414ba9f886dd1cbcc5e3222f51ec -> eb5f4bb3108d4cc991bf94ff452bbf0a
  custom:scripting/monoscript/fileName/LaunchDependenciesDialog.cs: e1c527862a66e73f0417ae177d7fdfb5 -> 2cabf22eb95430074b6c730a84e03493
  custom:scripting/monoscript/fileName/NewNameDialog.cs: ccbdf84334ff40d099480a6e86962943 -> 
  custom:scripting/monoscript/fileName/ChangesetExplorerView.cs: 4e5a9e88fd720621acefe8064fe19742 -> 
  custom:scripting/monoscript/fileName/ImportInProjectDialog.cs: ac3c1c15a5a07512e9cc9b88560cd97b -> 
  custom:scripting/monoscript/fileName/CredentialsResponse.cs: 96b135ae1c4ea541dc762170ea524fa9 -> 3dd2507693e56dac75ee7783f598cbb9
  custom:scripting/monoscript/fileName/HeadlessProgressControls.cs: 0d05f8d8363d42cf29c69feff791a78e -> 
  custom:scripting/monoscript/fileName/MD4.cs: eb4100b4258ba66e68a6a8330d8ed4cc -> 78155ea9dc73b12fc02ca5bf12ab1a89
  custom:scripting/monoscript/fileName/LaunchDiffOperations.cs: aeae601320588a70eea7590a2f7e0f69 -> 20e85a96a5926a180bb53a2abca68aa4
  custom:scripting/monoscript/fileName/ISnapping.cs: 90647cc400823b41df847a6cbfc29026 -> 8f6297df34271fdb1ce2d9607ec6261d
  custom:scripting/monoscript/fileName/PlasticSplitterGUILayout.cs: 4cfaefa1a850aceff54713912c4a2bda -> 111849f67dfbfea65ad2a9298ad1654d
  custom:scripting/monoscript/fileName/PixelPerfectCameraInternal.cs: 6ac830264c10e5f7fe51549d1acac3f6 -> 9db5dadf150cf0b91a2ec3779c59f65b
  custom:scripting/monoscript/fileName/NoBranchesEmptyState.cs: 0ce3ef5ebf8da710deafb6db77540d56 -> 
  custom:scripting/monoscript/fileName/HeadlessViewSwitcher.cs: 29863cbb189e6f3c9ad06b39ddd2b7ad -> 
  custom:scripting/monoscript/fileName/LabelsSelection.cs: defc9bf6a4affe387456df9e54f2980f -> 
  custom:scripting/monoscript/fileName/CheckinDialogOperations.cs: 0b2a2cd4c41cf1865a29cf91b2a96a48 -> d032d69e8060311c06b88286e8f22ddd
  custom:scripting/monoscript/fileName/GenericControl.cs: e4287712a15669166bd93ec67c03065f -> 8ae03700442d771e66beaac15f75cb54
  custom:scripting/monoscript/fileName/EntryBuilder.cs: 9094412445999bd8a85b1d45cfdeba37 -> 
  custom:scripting/monoscript/fileName/CloudWorkspacesTreeViewMenu.cs: 8fbdccfa387e95126bf42b2cc3858d15 -> 
  custom:scripting/monoscript/fileName/PendingChangesViewMenu.cs: 68fab310addfd7068cfd7920070496ff -> 9b0019b6df6bb14eb3a2dbafa53fb54b
  custom:scripting/monoscript/fileName/GUISystem.cs: 68af2345918bf72ac5782eb592e7ded0 -> 359146720b34644a43b219263fd6bb6d
  custom:scripting/monoscript/fileName/AssetsSelection.cs: 35cec24e81f0cb1de51daeb356abc4ff -> 0227d7ff4d5687932d10967a945a9b06
  custom:scripting/monoscript/fileName/EnumPopupSetting.cs: 8f6297df34271fdb1ce2d9607ec6261d -> 90647cc400823b41df847a6cbfc29026
  custom:scripting/monoscript/fileName/ProjectLoadedCounter.cs: 08b2a5955105974ba50e9e2bb86b7015 -> 
  custom:scripting/monoscript/fileName/RectSelector.cs: 0cdf409b5aa8d4c25876d72b5c6a3b60 -> 7d654a2b5b3a10da3e7d8472196e96d1
  custom:scripting/monoscript/fileName/HistoryListHeaderState.cs: 6226ef13a567fa81584864f8698be331 -> a87e0364d14866c369ad50d669bdfa85
  custom:scripting/monoscript/fileName/SplitterGUILayout.cs: 9c1e1c4fe75048fb2983e3b3e1c0b82b -> 
  custom:scripting/monoscript/fileName/EnableSwitchAndShelveFeatureDialog.cs: 2cb9334d072aaff777efab2d72a2583e -> 03bdf2f298649e7c429ac90c7a3c461a
  custom:scripting/monoscript/fileName/CloudEditionWelcomeWindow.cs: c886fdb39f4b8787e6ea3701a8f88f4a -> b1721e471183956468462f6b64901640
  custom:scripting/monoscript/fileName/AssetsPath.cs: 367269acf8f676d2cdd30fdc387b3920 -> e0e986124adc46d913f0683c34b88c9f
  custom:scripting/monoscript/fileName/MetaPath.cs: 1f80313a7ce6ec6ece505285578f5745 -> 417a84eb354831f828a6752b26c8592d
  custom:scripting/monoscript/fileName/DrawCopyableLabel.cs: 5fa5acefe3931f0148d82faca99d8ef7 -> 
  custom:scripting/precompiled-assembly-types:UnityEngine.UI: f762135bac905e34e2b540c872c48817 -> 435ea300f6ea6646627f670b8b9884a1
  custom:scripting/monoscript/fileName/UncontrolledPopupOperations.cs: dd3bbedbd956aee840b728d092cba5dc -> 
  custom:scripting/monoscript/fileName/UVCSToolbarButtonData.cs: 419fdb01d2bcf132704c62d72bbd820d -> 
  custom:scripting/monoscript/fileName/Serializer.cs: d7df1b97d0a3bd0bb98fd4d2d5bf5d29 -> 6c1de1ff1b6b7616ec79b8ee1445add4
  custom:scripting/monoscript/fileName/CredentialsUIImpl.cs: 90e9c2de8d7bdd8424e0d89c415108ae -> dbacf67c37819fd95562fe169e706732
  custom:scripting/monoscript/fileName/ChangesetsViewMenu.cs: b720f0168f4ce1b1e0d358a6d5ec9a42 -> 7d1a2de81910b5990e71a0bfff26fdca
  custom:scripting/monoscript/fileName/UnityPlasticGuiMessage.cs: 2a7f71f59c0d7dc731fd345a3713957c -> 24eef0792e3802809607a7f9d04b8f1d
  custom:scripting/monoscript/fileName/PopupWindowDrawing.cs: 6c20c0b24866289cedb0ca7bd671fa75 -> 
  custom:scripting/monoscript/fileName/OrganizationCredentials.cs: ee462057b3bd23cc3dab953ac4d656e2 -> 0b123406cadd651e9adc01c85fab5124
  custom:scripting/monoscript/fileName/ShareWorkspacePanel.cs: 8a5246830fc692f7441eb7adc2af218b -> 
  custom:scripting/monoscript/fileName/IDrawer.cs: 2a634d16dbce7c36b6b536faa180ad3f -> cd08c29d324b934b019800f532f1ab38
  custom:scripting/monoscript/fileName/IsCurrent.cs: 7343ceec4312304bb8b398eeb6c375fa -> cf1fd01890d0fd9f011c1a1a491e2cf0
  custom:scripting/monoscript/fileName/EditorGUI.cs: ac6763eab3cb32dbd6f2d146c5578249 -> 
  custom:scripting/monoscript/fileName/IntSetting.cs: f49f9eb641b41b94fcfe000eb355ff13 -> 
  custom:scripting/monoscript/fileName/ChangesetFromCollabCommitResponse.cs: b986ab8b1acd322b0367812e2d541734 -> ba336e4117e1b7ee28e4c17197bc3d0e
  custom:scripting/monoscript/fileName/MoveToChangelistMenuBuilder.cs: 3a2ef8cb0baf69e5dadeafc731fe32a9 -> a90b3e388d3e1316fa104d4c9a03e2d1
  custom:scripting/monoscript/fileName/LoadingSpinner.cs: b3299af90b664a9f42123e7df43fae24 -> 1c13cf7a9498073806920e71757dfeda
  custom:scripting/monoscript/fileName/LocksTab.cs: 134c512484ae73354c15c06a6dc69f9f -> 00ffb5a39c16fdc2d733c7e53471a3a9
  custom:scripting/monoscript/fileName/BranchesTab.cs: 764cb17e9337c58ad4f5304b60b2042e -> 57c33f76c527a5aba4d269245ffff188
  custom:scripting/monoscript/fileName/ToolConfig.cs: 18b1ea271ce5e7b6deea7b4e8e175269 -> fcffc3165b047f54ed6ccafa4c8760dd
  custom:scripting/monoscript/fileName/Mesh.cs: 8978c0ab6cf016e525528c9d7bb5ce0e -> ffee133214d16892244d1e70dbe38f1f
  custom:scripting/monoscript/fileName/DropDownTextField.cs: e66e7314096900597993d2b353757d8d -> c8fc484ce140049ff31ebc2c6cbebf28
  custom:scripting/monoscript/fileName/AssetsProcessor.cs: 47679a6e15b70f4fef48eb1b2df31b19 -> 18737889e95cd4088e8dfd4153fa8f40
  custom:scripting/monoscript/fileName/ProcessDragEvent.cs: 0c59036fad6bf9276c9b58d1e6fae1a8 -> 
  custom:scripting/monoscript/fileName/DrawActionButton.cs: d847a7d82ac92cab2b3d0ae268cefb3d -> 81e6708d2b8fa199354e53f85db731a8
  custom:scripting/monoscript/fileName/TableViewOperations.cs: ddc7b903e0dbd6bd109f2bd709b95f0e -> bef3a31deb1fe794a90f767d16e4c868
  custom:scripting/monoscript/fileName/UpdateProgress.cs: 5b04f01bf199310f09ab9522f89c78f4 -> 281e1e05168d6a30be1d8d2f6200bef8
  custom:scripting/monoscript/fileName/OrganizationsInformation.cs: b3f0758c6655b2dad1161792812992fa -> 5f067ea8d90fc79055a3dcfd58ae6dca
  custom:scripting/monoscript/fileName/ChangeDeleteMenu.cs: 652dcd6f863c509bfa0376b6d95ab1ec -> 4fefe66d6e279ce0ac2fdc57d409f232
  custom:scripting/monoscript/fileName/SubscriptionDetailsResponse.cs: e10e0299ef716630c63b8cf5f792cda0 -> e5121cec860a6d1097cc809217b3d8fe
  custom:scripting/monoscript/fileName/UVCSToolbar.cs: d92f37dc9b809f41b867d55c589e2f5c -> 
  custom:scripting/monoscript/fileName/DrawProgressForDialogs.cs: 5f8d39e3ea7c4a42148c6b1a7b4ca061 -> a5f2abd8875e7a6afbc171fabfbae81f
  custom:scripting/monoscript/fileName/ProjectViewAssetSelection.cs: 349dc288d32791de51156d4e59000b7b -> 2560eadaf6a13a74a46a4a207cd5a8b6
  custom:scripting/monoscript/fileName/DrawTreeViewItem.cs: cceebc4f1185658619e40964f29acb08 -> 0921a62a588ab864253743d1f07afb5a
  custom:scripting/monoscript/fileName/DrawSceneOperations.cs: 2426c0c2ee58cd28be59874f6425940c -> d87f46f9fb97181a2f51490ea2e1efc3
  custom:audio-encoder-webm-vorbis: bf7c407c2cedff20999df2af8eb42d56 -> 
  custom:scripting/monoscript/fileName/Paths.cs: 9aa7137ecd81044fb2d16e5bb97b34f4 -> ef631d6258f1b373ec291b1e92d53ea6
  custom:scripting/monoscript/fileName/DrawActionHelpBox.cs: dcd6ec2e7fb1b44f22c4a79ff87b70cd -> c8f6be9dab1e6f8d71e0c63c29679186
  custom:scripting/monoscript/fileName/GetOverlayRect.cs: d0f5354f9d3cd2f0ed1a1228ef7c765c -> 
  custom:scripting/monoscript/fileName/PendingChangesMultiColumnHeader.cs: 21802cc6929e0e180fb4f0be8e34d9d0 -> 722de7d6e07a79981d750438e6febb8f
  custom:scripting/monoscript/fileName/EditorDispatcher.cs: c739e073a8c38dbcf59192f45d1004c5 -> 3c402eae57d73cc54863f3f6a13096ae
  custom:scripting/monoscript/fileName/DrawProjectOverlay.cs: 3b74da419db6424274617597bd52d944 -> 
  custom:scripting/monoscript/fileName/MovedEvilTwinMenu.cs: ce111941dc7264d29598ce7fd2770927 -> d480b839850d28c1c9526cb587fc752d
  custom:scripting/monoscript/fileName/SwitchUVCSPlugin.cs: da475092c815ff3e11f661160b9c2619 -> 
  custom:scripting/monoscript/fileName/AsyncOperation.cs: 90647cc400823b41df847a6cbfc29026 -> f23cc551eab7049146420a4196093425
  custom:scripting/monoscript/fileName/IIncomingChangesTab.cs: d4ceabdc48d8a1872bbe87f04d89a4ff -> 40644cd18074db84684b9e437bf8fa77
  custom:scripting/monoscript/fileName/EmptyStatePanel.cs: b71b658f0f4f57421b351f48bc27ffe9 -> 
  custom:scripting/monoscript/fileName/GetChangesOverlayIcon.cs: f00e4b795697c6cf3092760f3b6fc49d -> d599d6efdee28305661bc0cf6683858a
  custom:scripting/monoscript/fileName/GetProposedOrganizationProject.cs: 9f1a16706b1a8a7ca4cc0284c20c16d4 -> 
  custom:scripting/monoscript/fileName/ShelvedChangesNotification.cs: 13b6a2ccd8b4ac1f5ee30c8404cea3b0 -> a27e9e7b242b904f41fc1b16d3a1b3fd
  custom:scripting/monoscript/fileName/UndoRedoState.cs: a5da481ac83578191d4d9b3f76037557 -> 
  custom:scripting/monoscript/fileName/GUIContentNotification.cs: 5972c71d1a1f1c7883c1698f05185dfe -> 
  custom:scripting/monoscript/fileName/ErrorsDialog.cs: 018fae9d4e78e0b5602959b230da0072 -> 
  custom:scripting/monoscript/fileName/Tessellator.cs: ca4c643f2dbf7fc5bc482d872035ab7a -> 2b250fdc35d1c66b352e9124d50c01e6
  custom:scripting/monoscript/fileName/EvilTwinMenu.cs: 475a88947051822ca4915306469f9bcc -> 919e4faae0573e49949f6dfbb5a733da
  custom:scripting/monoscript/fileName/ChangesetsListView.cs: caae0aefb36c869f50691482a5cd0944 -> 87b74e0d80cf59010f55e2baaeb6679d
  custom:scripting/monoscript/fileName/BrowseRepositoryHeaderState.cs: 3f0e4f806bf6e7e431fb38f57da9cab4 -> 
  custom:scripting/monoscript/fileName/Control.cs: 26262bc3727cb22f16c3b1fe8a4a461c -> 6fdc80170c4d67a15d421f0d3f01f95e
  custom:scripting/monoscript/fileName/UpdateReportListView.cs: 2d8fccdaad50bbd7454b52cf9cb4a0f9 -> 08d26df1ab6c3a7628addc5e54e50b08
  custom:scripting/monoscript/fileName/Attributes.cs: 0918f2ac579e1d4ee97c23132d40c768 -> a2b0a64ded575a6dced6b5b57dfb99aa
  custom:scripting/monoscript/fileName/UnityConfigurationChecker.cs: 59a8f0715a7c89a752351bf42f94abbd -> 874cd65cce0384fef4b60e71fb08a429
  custom:scripting/monoscript/fileName/ItemsGridSelection.cs: b6f7e4198555e0fdb3878ea4d5f46048 -> 
  custom:scripting/monoscript/fileName/BrowseRepositoryTreeView.cs: 148f3bd17053249ea8e73b63986abc83 -> 
  custom:scripting/monoscript/fileName/CheckWorkspaceTreeNodeStatus.cs: 5e11ff64963669981115eb58dc2b6e8b -> 1e1255b803bf7cbc935bb804bf0dbe7b
  custom:scripting/monoscript/fileName/LabelChangesetDialog.cs: d35f08611e06a965d3ac43c4d5caa894 -> 
  custom:scripting/monoscript/fileName/TreeViewSessionState.cs: 8333273b312d475b653610e2871c20a5 -> 9f39a2ca55a7481b8ba078d3a2b6815e
  custom:scripting/precompiled-assembly-types:unityplastic: 5bde8748ad96b76db7e241ebd9a22efc -> 3c30bc2c6029bd937aec52f5f186acab
  custom:scripting/monoscript/fileName/ErrorsPanel.cs: 21fc210ee17d5e95782397ef8c7dafab -> 69917d556a010bdd7019ff1c1848b482
  custom:scripting/monoscript/fileName/PlasticPlugin.cs: a57c142b98ca3d4daad221737fd72924 -> c64561980f26020cc3206ae8b1047268
  custom:scripting/monoscript/fileName/SwitchModeConfirmationDialog.cs: 4d9c02587760213784bfe53d012122b4 -> 30cd71d0b3ee4b2689cde689908d301e
  custom:scripting/monoscript/fileName/UVCSNotification.cs: 7bf16b164611c05acc5ce844364f1006 -> 
  custom:scripting/monoscript/fileName/PathComponentEditor.cs: 0cdf409b5aa8d4c25876d72b5c6a3b60 -> a53f96815da50de15010b1c479bc70cf
  custom:scripting/monoscript/fileName/PathTrimming.cs: 68f5bdf3b0439d984c8abd920560c79b -> 
  custom:scripting/monoscript/fileName/PlasticExeLauncher.cs: caa0b5dda5df50c85bb19d27252d16b9 -> f1da27253760250030952f02cb54965a
  custom:scripting/monoscript/fileName/TopbarButtons.cs: dc64f8581472422125cbbfbf03184eb2 -> 
  custom:scripting/monoscript/fileName/ProjectViewCloudDriveAssetMenu.cs: c2c0021966bc23dcfe168c714a5aee44 -> 
  custom:scripting/monoscript/fileName/CollaboratorsListViewHeaderState.cs: 035df02d976a7c5f913e27bbf2edaf76 -> 
  custom:scripting/monoscript/fileName/BranchesViewMenu.cs: 8089f11c30784e2e57775dd6cdbae898 -> 7bfc83e917c9b0b5aa423bb947ce2a38
  custom:scripting/monoscript/fileName/CooldownWindowDelayer.cs: 7816cfcad485500dbac9993c4502ea69 -> 4c95e39c8dd4cfa1bca106097fdb6524
  custom:scripting/monoscript/fileName/HeadlessMergeViewLauncher.cs: 4e5c91cb1edc5a96f278683c32dfd170 -> 
  custom:scripting/monoscript/fileName/DrawExpandedTreeNode.cs: 25424c4a84d5b070e5620395ca30ce42 -> 
  custom:scripting/monoscript/fileName/UndoRedoTextArea.cs: 46e158c0a924988a8a363b9338914806 -> 
  custom:scripting/monoscript/fileName/PackageEntryPoint.cs: be974b67ea5785a03febdc553f67ecd4 -> 
  custom:scripting/monoscript/fileName/IEditablePath.cs: 28f71f7ed9f029a45083c497d0ae39e9 -> 0bc59fa9b924b4dae2d638bae7cf71ff
  custom:scripting/monoscript/fileName/GetInstallerTmpFileName.cs: fa7bda723ac795b48e38504727f44981 -> d09e0b5c7a9af5874530e17ef23025f0
  custom:scripting/monoscript/fileName/IsCollabProjectMigratedResponse.cs: 4c3294c6a51e6f42161d191230692016 -> af2b76c693935deee55cfcaed2aa7568
  custom:scripting/monoscript/fileName/HierarchyViewAssetSelection.cs: 2f96f7b8eab765ceebaffdbfbc5ac475 -> 
  custom:scripting/monoscript/fileName/ScannerDefine.cs:  -> c8596861960bb3be7ca505748ce134ff
  custom:scripting/monoscript/fileName/IMayRequireNormal.cs:  -> 33e5bba2416d50e55fc6e1b11df5f909
  custom:scripting/monoscript/fileName/BufferWriter.cs:  -> 63cd59ea6a2fe4e4e91fdbeeebbde543
  custom:scripting/monoscript/fileName/BoolControl.cs:  -> b0b95b35fcdfc88b566740b14937aaad
  custom:scripting/monoscript/fileName/RawBundleLoadAssetOperation.cs:  -> 990c6718238ef761e16a8afa03d2d8bf
  custom:scripting/monoscript/fileName/BuildParameters.cs:  -> 75f861defb8d41581a1963b6fab85994
  custom:scripting/monoscript/fileName/IBuildTasks.cs:  -> ad73a7c5af5769af35e7121ce421c767
  custom:scripting/monoscript/fileName/ProductServiceContainer.cs:  -> 749074ccd4c47932d9fc997493c3cb6d
  custom:scripting/monoscript/fileName/DefaultStoreHelper.cs:  -> 085dc2862a37f27b6d927653f814f894
  custom:scripting/monoscript/fileName/FlowLayoutGroup.cs:  -> 94a1319265158ec97876b17e92eeaf0a
  custom:scripting/precompiled-assembly-types:Unity.ScriptableBuildPipeline:  -> d3013a7ac4c7a8a2426d0dffcf800074
  custom:scripting/monoscript/fileName/TaskEncryption_SBP.cs:  -> a9dea624c8a135e29b3b081ee0db5a6c
  custom:scripting/monoscript/fileName/Texture2DArrayShaderProperty.cs:  -> 22a8eaf5ddc1204aa9a6592ffa0226b5
  custom:scripting/monoscript/fileName/ProbeTouchupVolumeEditor.cs:  -> b56db4d86eafa506a0c26c2f10391a38
  custom:scripting/monoscript/fileName/RenderObjectsPass.cs:  -> e8df961036caedec5245b7b0a2f82680
  custom:scripting/monoscript/fileName/IPurchaseService.cs:  -> d4e22b8971a3ebe02c56e7c320933d85
  custom:scripting/monoscript/fileName/DynamicArray.cs:  -> e31f8fb0c891e8a0f4b8f3b9be6577d5
  custom:scripting/monoscript/fileName/ShaderGraphPropertyDrawers.cs:  -> f2bd33c12ff3343c29ded09529550b95
  custom:scripting/monoscript/fileName/DependencyTreeExceptions.cs:  -> 8d717c8797566529cf594f9aab3c0409
  custom:scripting/monoscript/fileName/InvokeOnRenderObjectCallbackPass.cs:  -> a74f732e84ef7cf406ec50bcbb512f2d
  custom:scripting/monoscript/fileName/IDiagnosticsComponentProvider.cs:  -> dbeac349f8c5591a0ab13c5e6354061e
  custom:scripting/monoscript/fileName/Vector4ShaderProperty.cs:  -> d47afd559c9af25287df2c28d3469e5f
  custom:scripting/monoscript/fileName/Entitlement.cs:  -> 470ed0d553d58ac0f3b1a92122d7b34c
  custom:scripting/monoscript/fileName/ListExtension.cs:  -> 798f827353553ed9bf9f06ff12f98da3
  custom:scripting/monoscript/fileName/PackageInvokeBuildResult.cs:  -> 733f09a13b07e1a60828f010cbe88865
  custom:scripting/monoscript/fileName/ViewDirectionNode.cs:  -> d0edddf7fb4e227e0777e5c9156f8c50
  custom:scripting/monoscript/fileName/Factories.Gen.cs:  -> c9550e2a227c017a16a3e473be870754
  custom:scripting/monoscript/fileName/UniversalUnlitSubTarget.cs:  -> b5b663c791ad1fc09907e879c481a7bf
  custom:scripting/monoscript/fileName/TexelSizeNode.cs:  -> c657fce3305d3bf64a830debbcc92f57
  custom:scripting/monoscript/fileName/CloudProjectId.cs:  -> 61b53512fd04ee0daa00dda45457438b
  custom:scripting/monoscript/fileName/CustomRenderTextureMenuItem.cs:  -> 69797cad8d819b12e94627e87f712ffe
  custom:scripting/monoscript/fileName/RenderTargetHandle.cs:  -> 292981de642cb7eaea3f03f3808b57b5
  custom:scripting/monoscript/fileName/BinaryWriterExtensions.cs:  -> b25e4815dd32150f8fb1a3670fd59df0
  custom:scripting/monoscript/fileName/GenerationMode.cs:  -> 1dc67ca28f5dc307fb66be783238992e
  custom:scripting/monoscript/fileName/IServiceRegistry.cs:  -> 27b0be3a7d5fbabc2f8cff0f28316b4a
  custom:scripting/monoscript/fileName/RenderObjects.cs:  -> b119031394e321ea7d5022ad80a52ddb
  custom:scripting/precompiled-assembly-types:UnityEditor.Purchasing:  -> 03c1b8d857e1f32b4c3d8a767ba1a10a
  custom:scripting/monoscript/fileName/UIFakeStoreDropdown.cs:  -> 54b325b80cf48dd7590b606f4f3bef31
  custom:scripting/monoscript/fileName/InheritColour.cs:  -> 5bcf0813f2dd31c63d284070760a1705
  custom:scripting/monoscript/fileName/RendererLighting.cs:  -> d3cf081728aa3998457b629cf275bbf1
  custom:scripting/monoscript/fileName/GameAsyncOperation.cs:  -> f78d18f4f0b2d31e98606e35eae66c02
  custom:scripting/monoscript/fileName/SampleTexture2DArrayNodePropertyDrawer.cs:  -> 97ac714f5e063453b4cdbd97465c6dba
  custom:scripting/monoscript/fileName/UnityWebTextRequestOperation.cs:  -> f042eb013c252cebb05870399e70ef94
  custom:scripting/monoscript/fileName/DefaultBuildinFileSystemDefine.cs:  -> d70f99cbdc178b3f4cd4b31c4a995763
  custom:scripting/monoscript/fileName/Light2D.cs:  -> f0b28a36e02ac27aef5d2e66d7400709
  custom:scripting/monoscript/fileName/FormerNameAttribute.cs:  -> 3aa965757fdbdb1ddced3af401e54d14
  custom:scripting/monoscript/fileName/SerializableProjectConfiguration.cs:  -> 8d2aa3b56842beb1ee3e05f5a4e2f3c4
  custom:scripting/monoscript/fileName/IDebugDisplaySettingsData.cs:  -> 3f5718c7cd55e1263a2016c2e7c511dc
  custom:scripting/monoscript/fileName/IEdge.cs:  -> fe7a9aaf4a54b5490fcc9202df625cf8
  custom:scripting/monoscript/fileName/InfoTabController.cs:  -> e446553442ffc62fed218782932f2fea
  custom:scripting/monoscript/fileName/AdditionalCommandCollection.cs:  -> 8e8ed259a61b2398049296c299ff0d82
  custom:scripting/monoscript/fileName/AssetArtScannerWindow.cs:  -> 56d9b495b054fb8e0112b43bb827be0d
  custom:scripting/monoscript/fileName/ComparisonGizmoController.cs:  -> 0ed71d61c65a6c9e1d5326d122e341ed
  custom:scripting/monoscript/fileName/ReportSummary.cs:  -> 700bc4f814f361cb12142ba30e49e500
  custom:scripting/monoscript/fileName/YooUtility.cs:  -> 5dec77d6ab1d89f3dc12cfc3d5bf67b4
  custom:scripting/monoscript/fileName/BuildTargetAnalytic.cs:  -> d1198a9ec4f39d5f894dcce9558191fa
  custom:scripting/precompiled-assembly-types:dnlib:  -> 985ec02dc0a4d897259c022a12229127
  custom:scripting/monoscript/fileName/IStorePurchaseCallback.cs:  -> a5d50975da53755a67a3e4bb3c99d321
  custom:scripting/monoscript/fileName/CubemapMaterialSlot.cs:  -> c06407daaa7825a24823f542b4cce693
  custom:scripting/monoscript/fileName/ProfilerMemoryBlock.cs:  -> 9822fdf38f5ab4536cdfcf78ff5816ea
  custom:scripting/monoscript/fileName/XRSystemUniversal.cs:  -> ed954bad91a7974cefffea7bbaa08021
  custom:scripting/monoscript/fileName/DecalProjectorEditor.cs:  -> a081ef5bc6f5a3e296bdfd08ba042770
  custom:scripting/monoscript/fileName/ShaderSubGraphMetadata.cs:  -> 5f8bf65dbde279d1cced6165592934a4
  custom:scripting/monoscript/fileName/IStoreConnectCallback.cs:  -> fd6c37855ac0c79a6c81de9b8299b43e
  custom:scripting/monoscript/fileName/RequestWebPackageHashOperation.cs:  -> d61d26594bb98fbf6ce9c7859dfd3427
  custom:scripting/monoscript/fileName/ClearAllCacheBundleFilesOperation.cs:  -> 238eeee22edd93fd56b6809cd1aa2456
  custom:scripting/monoscript/fileName/DynamicValueMaterialSlot.cs:  -> 96593504c52dbeb1e2e40ec1fc7f68b4
  custom:scripting/monoscript/fileName/IServiceComponent.cs:  -> 56d2b4986149318278267c2a2e499b7e
  custom:scripting/monoscript/fileName/VolumeEditor.cs:  -> 5da91c70d61cf83e160595d6901a6ee8
  custom:scripting/precompiled-assembly-types:IAPResolver:  -> b01aad3f7ef76d66211ac14cf4b3b878
  custom:scripting/monoscript/fileName/BuildCache.cs:  -> ed18a1a079f7380eac8245801a570733
  custom:scripting/monoscript/fileName/SettingsProviderGUIScope.cs:  -> 10f191b2438038aee34bc61d186964fb
  custom:scripting/monoscript/fileName/ProfilerTabController.cs:  -> 8a6e42e714e7449f891979f6b582ec5a
  custom:scripting/monoscript/fileName/CommonErrorCodes.cs:  -> 75f302fd69f29841b35f2306c97082ed
  custom:scripting/monoscript/fileName/SettingsEditor.cs:  -> 9c83cc98589564dc11de735c8b525bbf
  custom:scripting/monoscript/fileName/IChannelTokenProvider.cs:  -> d41d74d962184eab5928b0b3bdda1ee9
  custom:scripting/monoscript/fileName/VolumeManager.cs:  -> 08e4cca4409e6618853e999cedfae80b
  custom:scripting/monoscript/fileName/UIElementsCursor.cs:  -> 2fbeab93175bc6d9c5dca01e1bee1cf4
  custom:scripting/monoscript/fileName/DynamicMatrixMaterialSlot.cs:  -> e607449f29754212bba5aa48414eba7a
  custom:scripting/monoscript/fileName/SRInstantiate.cs:  -> 5c3b0de0dcf5f4cb2530551186e49410
  custom:scripting/monoscript/fileName/InstallerController.cs:  -> bdd010d92b3ac978ad7356f5c93d8cdb
  custom:scripting/monoscript/fileName/EditorGameServiceRegistry.cs:  -> 0265fd85a62bd33c32f256257ebc576f
  custom:scripting/monoscript/fileName/MaterialSlot.cs:  -> 3464f5530a872412ad2dbe59229a72fd
  custom:scripting/monoscript/fileName/AssetArtScannerSettingData.cs:  -> e7e491bce685a805069dcab65a2bea3d
  custom:scripting/monoscript/fileName/ErrorNotifier.cs:  -> c6a0a49d9be9a918fe629928942449ef
  custom:scripting/monoscript/fileName/PreviewSceneDependencyData.cs:  -> 0aa0e9fad79dc24aadab25b9d7a9b9a5
  custom:scripting/monoscript/fileName/ProgressBar.Gen.cs:  -> 09dcf9975c3de3bc94763c35db49d364
  custom:scripting/monoscript/fileName/DebugDisplaySettings.cs:  -> 90647cc400823b41df847a6cbfc29026
  custom:scripting/monoscript/fileName/TaskCopyBuildinFiles_BBP.cs:  -> 6a033ce219087d445074581865c5ee54
  custom:scripting/monoscript/fileName/ParticleGUI.cs:  -> 416da2354ca5c18a2cc46d4d088f736f
  custom:scripting/monoscript/fileName/IapTelemetryException.cs:  -> 0fa04daa14815d006ec44d36011f9ae4
  custom:scripting/monoscript/fileName/CircularBuffer.cs:  -> 0cdf409b5aa8d4c25876d72b5c6a3b60
  custom:scripting/monoscript/fileName/ReadonlyMaterialConverter.cs:  -> 56c88bfad65591a7ca68aa8776fca6f7
  custom:scripting/monoscript/fileName/SerializableCubemap.cs:  -> c16d52c6a13f1337e551aa5a9103d80a
  custom:scripting/monoscript/fileName/IESReader.cs:  -> a3504a3b985239064e751dee9faf9376
  custom:scripting/monoscript/fileName/GeometryNode.cs:  -> e6bfc7936849bb510b62cc097b448045
  custom:scripting/monoscript/fileName/CustomTextureSlice.cs:  -> f4b527bc15bdff7e22b7c89a3567c44d
  custom:scripting/monoscript/fileName/DeferredPass.cs:  -> 441416f95a499d8a25d34275f15580d1
  custom:scripting/monoscript/fileName/ProbeVolumeBakingProcessSettings.cs:  -> b11b7ded825914afcc67d1880b63374c
  custom:scripting/monoscript/fileName/ProbeReferenceVolume.ReflProbeNormalization.cs:  -> 5aa9b3acd2edf62bd1edd6e65aebc5b6
  custom:scripting/monoscript/fileName/VolumeComponent.EditorOnly.cs:  -> 90647cc400823b41df847a6cbfc29026
  custom:scripting/monoscript/fileName/MonoPInvokeCallbackAnalyzer.cs:  -> 234af33644cb508216bade5e2656261e
  custom:scripting/monoscript/fileName/SerializationHelper.cs:  -> ee0d4866e6d37a8c29cfeef380c4bc3a
  custom:scripting/monoscript/fileName/SavedParameter.cs:  -> 64c84aac357c271c72f4da5f39dfec25
  custom:scripting/monoscript/fileName/ShadowCaster2D.cs:  -> 7aee7e11a83b2ed549013a54719a9696
  custom:scripting/monoscript/fileName/ResponseHandler.cs:  -> d3309722a6b35e47fbfcd01d3512a138
  custom:scripting/monoscript/fileName/LockedServiceRegistry.cs:  -> ea77a1a45ffb4a9bcd250cb8233d16f9
  custom:scripting/monoscript/fileName/UniversalRenderPipelineVolumeDebugSettings.cs:  -> 2af4d0274d32c6b3b6e0942df961fc4a
  custom:scripting/monoscript/fileName/BuiltInToURPConverterContainer.cs:  -> feec706b27c66bd08be37a073c2abafa
  custom:scripting/monoscript/fileName/SamplerStateMaterialSlot.cs:  -> 5d8ed1136c37ddbdf94fb9bfb8650b9e
  custom:scripting/monoscript/fileName/GoogleOrderInfo.cs:  -> 9d0db26ab22d40c218bcb6d759b5b971
  custom:scripting/monoscript/fileName/IOnAssetEnabled.cs:  -> 868ab4d60a4e4904e4c46870c76eaed4
  custom:scripting/monoscript/fileName/TelemetryQueue.cs:  -> 90647cc400823b41df847a6cbfc29026
  custom:scripting/monoscript/fileName/NoColors.cs:  -> fd0aebcb04d19681456979b5b92ae754
  custom:scripting/monoscript/fileName/RemoteCommand.cs:  -> 279cd2525c791908c5616c7bc45b2b33
  custom:scripting/monoscript/fileName/InjectAttribute.cs:  -> dca75c629201dec986534eaf442fd62a
  custom:scripting/monoscript/fileName/ToggleFoldout.cs:  -> fdc5797a7fbbe441b6edf4e2e0988b60
  custom:scripting/monoscript/fileName/IFetchPurchasesUseCase.cs:  -> 2c146506c365a22da87cc236081623b2
  custom:scripting/monoscript/fileName/Texture3DPropertyDrawer.cs:  -> 8a0bdc07956d8d75b7d917e2ee08da5d
  custom:scripting/monoscript/fileName/DebugUIHandlerWidget.cs:  -> bb0d50c1b191c09b23ccb82c4e724af5
  custom:scripting/monoscript/fileName/HybridCLRSettings.cs:  -> 3d18276d07bdfc6665bfba0eeb64ae80
  custom:scripting/monoscript/fileName/MaterialUpgrader.cs:  -> 4da045aecb0e085cd1c2363553959674
  custom:scripting/monoscript/fileName/Texture2DArrayPropertyDrawer.cs:  -> a87044780f0b5b1c2ae49a3fbd3b5e97
  custom:scripting/monoscript/fileName/IStoreService.cs:  -> e51b8660ddba0ada439c628216bb6be5
  custom:scripting/monoscript/fileName/SubscriptionChangeRequest.cs:  -> 15007990b96be68b3323b661edb5b92e
  custom:scripting/monoscript/fileName/CoreLogger.cs:  -> 1639b74467b5a585128e7c7cefe73635
  custom:scripting/monoscript/fileName/SevenZipHelper.cs:  -> d401bde9ff466a7f14f59eea843e06a4
  custom:scripting/monoscript/fileName/DropdownNode.cs:  -> a87ee97f96d12181aced776dd2bd1391
  custom:scripting/monoscript/fileName/IOrderInfo.cs:  -> b0374f85b233424a530bc49f52d7f593
  custom:scripting/monoscript/fileName/ExternalUserIdProperty.cs:  -> e9524414c13dc2d0db279d48f3b164ab
  custom:scripting/monoscript/fileName/UniversalRenderPipelineGlobalSettingsUI.Drawers.cs:  -> 7f72d6314e5438939d39830664a0408f
  custom:scripting/monoscript/fileName/DisabledMetrics.cs:  -> bbb9bc05cfe10f1818b0676306a0b1b1
  custom:scripting/monoscript/fileName/IMayRequirePositionPredisplacement.cs:  -> 692ea104e7ce252c31917ae0f84f057a
  custom:scripting/monoscript/fileName/PreviewManager.cs:  -> 2f7ac619db6e48df5fbce1906d9b5ca2
  custom:scripting/monoscript/fileName/Vignette.cs:  -> 336c4cb6161dc9e719587ee2f8adfa76
  custom:scripting/monoscript/fileName/IVolume.cs:  -> 89f8fe4777808e170a50ff89be624391
  custom:scripting/monoscript/fileName/INativeAppleStore.cs:  -> be175377d8d32f5c3bda9bef3c86779e
  custom:scripting/monoscript/fileName/SubAssetsHandle.cs:  -> 4e9364c2230acdedc34fb19cb0475a9d
  custom:scripting/monoscript/fileName/TextureCurve.cs:  -> c2cb87668e8aef4832e4b2230c8a94b2
  custom:scripting/monoscript/fileName/SRSceneServiceBase.cs:  -> 90647cc400823b41df847a6cbfc29026
  custom:scripting/monoscript/fileName/SpeedTree8MaterialUpgrader.cs:  -> 7f3e83ef44dc00c2657b6f7f0533e6e7
  custom:scripting/monoscript/fileName/RotateNode.cs:  -> 33e07876c81d0c6ba59d9dc053f5fe2e
  custom:scripting/monoscript/fileName/BlackboardCategoryViewModel.cs:  -> 38590a7c73667eeef01a8f9e4c97fbae
  custom:scripting/monoscript/fileName/TargetPropertyGUIContext.cs:  -> 026228c56189eeaa5a430c140694334e
  custom:scripting/monoscript/fileName/VisibilityPropertyDrawer.cs:  -> 70b7b4d25eb9ea5fda3178a1b5e85242
  custom:scripting/monoscript/fileName/BuildPreprocessor.cs:  -> f39f088a536b85d0407d8f34843a9005
  custom:scripting/monoscript/fileName/ColorCurvesEditor.cs:  -> f412b0915d3ab7ef930b9f976914b651
  custom:scripting/monoscript/fileName/IMayRequireViewDirection.cs:  -> f0fc8a09be61ae5f3c59fb32fe12cd0a
  custom:scripting/monoscript/fileName/UnityWebCacheRequestOperation.cs:  -> 64123fd1ae3e37d552f374f89a2971cd
  custom:scripting/monoscript/fileName/DisabledMetricsFactory.cs:  -> 358d9e7c090aa1eaa30e6a5f02610459
  custom:scripting/monoscript/fileName/RenderPipelineResources.cs:  -> e021da80e9dc82203649f807645c8518
  custom:scripting/monoscript/fileName/NodeSettingsView.cs:  -> ea03228bb88a9b8081709d61f1c4edbd
  custom:scripting/monoscript/fileName/ConverterItemDescriptor.cs:  -> 4bfcc3b0da7a9782753fe3b6e82125de
  custom:scripting/monoscript/fileName/UniversalRenderPipelineCameraUI.Rendering.Skin.cs:  -> 22eba76a03e5e0641146acadd7685f02
  custom:scripting/precompiled-assembly-types:Unity.ShaderGraph.Utilities:  -> a5f5ab80340e2d79f4dddb9a842c37b5
  custom:scripting/monoscript/fileName/SettingsCommonHeaderUiHelper.cs:  -> 394582b395d6aebbb1e6e49abf6a1645
  custom:scripting/monoscript/fileName/IEditorAnalyticsEventRegistrant.cs:  -> c4a0f7089b5b21ceafb7834c915d762f
  custom:scripting/monoscript/fileName/RenderGraphDefaultResources.cs:  -> a5c0d1c17e51ba06d1ed29f1135d5218
  custom:scripting/monoscript/fileName/ColorParameterDrawer.cs:  -> ef82f8df38a7535869ba02c1734d3334
  custom:scripting/monoscript/fileName/IMasterNode1.cs:  -> 2a2b379fd5522e53b3774344ffbe5ffb
  custom:scripting/monoscript/fileName/BlockFieldDescriptor.cs:  -> fceb4cfcaaea690b776261f7218defd4
  custom:scripting/monoscript/fileName/BuildLog.cs:  -> f381a35baf9bd9880d2d4023ad70717e
  custom:scripting/monoscript/fileName/IJsonSerializer.cs:  -> 952e0b7cbb25051b8e0e85eda2a653c8
  custom:scripting/precompiled-assembly-types:Unity.Services.Core.Internal:  -> c96c928c37d481d9497b4d4112bb56c7
  custom:scripting/monoscript/fileName/ActiveFields.cs:  -> 744dc5ffc9e4c8150f4591a5b8d45c61
  custom:scripting/monoscript/fileName/HttpClientResponse.cs:  -> 9313baa475ddca44cec07c4995e4adab
  custom:scripting/monoscript/fileName/XmlLinkedEvent.cs:  -> efe4e7e159b94963c650fb293df0f9ff
  custom:scripting/monoscript/fileName/GooglePlayConfiguration.cs:  -> 1bfb74d7e9935ece9cd1b2313fb35e38
  custom:scripting/monoscript/fileName/GoogleConsumeResponseListener.cs:  -> 1d01f3fc6c3c44c8152d91e2c538f805
  custom:scripting/monoscript/fileName/FetchStorePromotionOrderUseCase.cs:  -> be8eea53f18c142ab18dc09c2ee55a35
  custom:scripting/monoscript/fileName/AdditionalLightsShadowCasterPass.cs:  -> e0e34e4fde483750a52855565b0692ee
  custom:scripting/monoscript/fileName/BundleExplictObjectLayout.cs:  -> 7ebaaae109881757a2cd1a5aaeb77811
  custom:scripting/monoscript/fileName/Fields.cs:  -> 89a0897e1a8d349f289d71dffb7cbcbc
  custom:scripting/monoscript/fileName/ErrorMessages.cs:  -> 75abe1e673bc255ead3fcb2e4ca45fda
  custom:scripting/monoscript/fileName/ColorLookupEditor.cs:  -> 26b3a708f294c054cafdc60fe66b93bd
  custom:scripting/monoscript/fileName/IStoreServiceFactoryManagerInjectionPoint.cs:  -> 02eebd04567741dc94a9496d71a1c736
  custom:scripting/monoscript/fileName/AsyncOpRetry.cs:  -> 7d4b426ab21943de744ee7f413070273
  custom:scripting/monoscript/fileName/EditorUtils.cs:  -> c68cd8a7363f08bfc0eb17cb07da36ad
  custom:scripting/monoscript/fileName/MiniJSON.cs:  -> 4a74441d17fd36445941fff7b8e52f24
  custom:scripting/monoscript/fileName/ListBuffer.cs:  -> 7fbe50df4560b7b832567f02372c6c63
  custom:scripting/monoscript/fileName/IMonoBehaviorUtil.cs:  -> be52505f504e9a8f7b335546a3ccd180
  custom:scripting/monoscript/fileName/GoogleReceiptEncoder.cs:  -> e5755b8a4112955d159a31d4215e9b6c
  custom:scripting/monoscript/fileName/ShaderGraphToolbarExtension.cs:  -> 92e3531256833aad58731360c1820f40
  custom:scripting/monoscript/fileName/IDependencyData.cs:  -> 35a83d3a80674af5f8ca402d71bd60d0
  custom:scripting/monoscript/fileName/AppleOrderInfo.cs:  -> e2a56a30718aabd00fab2dfd372b21fc
  custom:scripting/monoscript/fileName/ShaderSubGraphImporter.cs:  -> 29c7ec564f47cfd85fa181f7d020bd1e
  custom:scripting/monoscript/fileName/IUserRoleRequest.cs:  -> ccc5b229323b6e9c080254df6d4b51cb
  custom:scripting/monoscript/fileName/AppleConfigurationSettingsBlock.cs:  -> 95276e7fc3789b14b620be55b26bc2dc
  custom:scripting/monoscript/fileName/SRNumberButtonEditor.cs:  -> 634d3718b80f752c3d5eb2f0dbfce4ad
  custom:scripting/monoscript/fileName/DependencyTreeExtensions.cs:  -> 63e3c71f0d430a351e6159f69f0a0682
  custom:scripting/monoscript/fileName/TrackballUIDrawer.cs:  -> bee579f3e20514889c9814447875fdf7
  custom:scripting/monoscript/fileName/EventComponents.cs:  -> 5de67af9bfd0049f6e44652589815b56
  custom:scripting/monoscript/fileName/IPurchasingSettingsUIBlock.cs:  -> e821574d17989de5b2494de8531e7bd3
  custom:scripting/monoscript/fileName/GoogleBillingStrings.cs:  -> b14231d555e72754e4e6a686c463a546
  custom:scripting/monoscript/fileName/ShaderConfig.cs:  -> 0280c8424bfe19e132d71bbfebb6fc42
  custom:scripting/monoscript/fileName/LoadWebAssetBundleOperation.cs:  -> f01431b95ea5070e46685e6e57aa30b7
  custom:scripting/monoscript/fileName/TaskCreateReport_BBP.cs:  -> 0b3b84a73ac9571fe23dee27d175c0a4
  custom:scripting/monoscript/fileName/UnityPurchasing.cs:  -> 4ca045075341562a86ae91f2c61c3e7a
  custom:scripting/monoscript/fileName/SRSpinner.cs:  -> 48132c3732d0ad89e29739d8e31ff139
  custom:scripting/monoscript/fileName/SRNumberSpinner.cs:  -> 2eec3aed63cc2dcf2f26d14f732c4ee3
  custom:scripting/monoscript/fileName/PinnedUIServiceImpl.cs:  -> d5f3126bc319edd7bd39b85655eba83e
  custom:scripting/monoscript/fileName/TriangleWaveNode.cs:  -> 0245abb2363fcf6f71cd3e15165195af
  custom:scripting/monoscript/fileName/UnityThreadUtils.cs:  -> 2fd4e42ed0fd16a1d8cd27022eab6527
  custom:scripting/monoscript/fileName/SubscriptionInfoHelper.cs:  -> f7052d8c25a0b27cad38e4563e5eef13
  custom:scripting/monoscript/fileName/Notifications.Gen.cs:  -> 0b77852ac67d3ab84f489a2ddbdf8168
  custom:scripting/monoscript/fileName/LzmaBase.cs:  -> d39b40e889e0785945edfe5827dd9da1
  custom:scripting/monoscript/fileName/MaterialEditorExtension.cs:  -> 30b5a0e66ee1166b1c3046c4a276853b
  custom:scripting/monoscript/fileName/Converters.cs:  -> ff782448d7442791e41cb1e30215cf9d
  custom:scripting/monoscript/fileName/SplitTextureTransformNode.cs:  -> 3d220f038a5016425371524d56785c57
  custom:scripting/monoscript/fileName/ScanReportCombiner.cs:  -> 7c79a7e5aa2009fa9a81c8e87ac3ae5c
  custom:scripting/monoscript/fileName/JSONStore.cs:  -> ddd914843b41f04c176e85f16bb6e1be
  custom:scripting/monoscript/fileName/ReportElement.cs:  -> 2af576b5c069ab5550f8b3d97c0916b0
  custom:scripting/precompiled-assembly-types:Unity.Services.Core.Components:  -> b1235f9078edc76fe980fa236b46b6b1
  custom:scripting/monoscript/fileName/GenericEditorEditFieldEvent.cs:  -> f28e1405c57930036a57e5b3c327c540
  custom:scripting/monoscript/fileName/IAnalyticsPackageKeyHolder.cs:  -> b3d1beff1d783762dd3011820716ed4c
  custom:scripting/monoscript/fileName/UniversalRenderPipelineLightEditor.cs:  -> 4d564b440ea6dd1ae64198450fbab02a
  custom:scripting/monoscript/fileName/OptionsControlBase.cs:  -> fffde0a10edd701aa8b2d8ce2455cbd3
  custom:scripting/monoscript/fileName/EventActions.cs:  -> 11d27e640f5151c3cb44dc92f08064c2
  custom:scripting/monoscript/fileName/CoreUnsafeUtils.cs:  -> 218bf1410ffafbc47b09c0a2e4233c8b
  custom:scripting/monoscript/fileName/EnvironmentsApi.cs:  -> d5d1f45bf03abd7dd2f469acfd3b5bcb
  custom:scripting/monoscript/fileName/Vector2PropertyDrawer.cs:  -> 0c95c36ea3b3967cc23d1f1974f764fe
  custom:scripting/monoscript/fileName/DragHandle.cs:  -> 60f89d188a515a3bb4e01b7ccf72b291
  custom:scripting/monoscript/fileName/EnvironmentsOptionsExtensions.cs:  -> 1e2776231b4e06a0e9b293a3623d643e
  custom:scripting/monoscript/fileName/IServerEnvironmentId.cs:  -> fff64b157cd649d3d948016718fba14e
  custom:scripting/monoscript/fileName/TangentMaterialSlot.cs:  -> 331116db364665d5c6f22e6742494084
  custom:scripting/monoscript/fileName/BuiltInToURP2DConverterContainer.cs:  -> c8f54e2cb94e694cb19db8ca71c58979
  custom:scripting/monoscript/fileName/EndianBinaryWriter.cs:  -> 8dee4f5798f33dcea3754451586915fe
  custom:scripting/monoscript/fileName/MultipleConsumableQuantityCartValidator.cs:  -> fb95178879fb2f652a0b0113b1ca28d1
  custom:scripting/monoscript/fileName/DebugManagerWindowLifetimeAnalytic.cs:  -> 3ce2faf75da314d868bc1c0d02081f42
  custom:scripting/monoscript/fileName/DebugUIHandlerObjectPopupField.cs:  -> 84f27d8b6feeb5688202c93006a3843b
  custom:scripting/monoscript/fileName/Renderer2D.cs:  -> b892a8023d3ebc605f4c9571159c786d
  custom:scripting/monoscript/fileName/PayoutDefinition.cs:  -> 9931ef505c5d909827fcc412f384f015
  custom:scripting/monoscript/fileName/LightAnchor.cs:  -> f1d956c1809689cbbe49b265dc1bd27a
  custom:scripting/monoscript/fileName/ProjectStateRequest.cs:  -> 6ba5b48af1466d2a4dbb6e908352d7c6
  custom:scripting/monoscript/fileName/LitGUI.cs:  -> 65fe6d05c8b4633b4f0bf9a9b493894e
  custom:scripting/monoscript/fileName/IAddressRule.cs:  -> ead2cc6e7008976642ed14bbecf6a1f5
  custom:scripting/monoscript/fileName/ProjectBindRedirectPopupWindow.cs:  -> 03988f1b5263bdfb55c00f001c224465
  custom:scripting/monoscript/fileName/BugReportSheetController.cs:  -> c55da8804c5c044dfcafad4f42e98cc2
  custom:scripting/monoscript/fileName/PresentCodeRedemptionSheetUseCase.cs:  -> a67176e7af4858ce62e76c134ebe1203
  custom:scripting/monoscript/fileName/Searcher.cs:  -> a4f4d5fb16fcfd800008a6d88fde8b99
  custom:scripting/monoscript/fileName/SRPFilterAttribute.cs:  -> b14802714943f1789bd2326034639ecb
  custom:scripting/monoscript/fileName/IEnvironmentSaveSystem.cs:  -> 8319bf770542e6764e5512ea06d2b015
  custom:scripting/monoscript/fileName/GraphConcretization.cs:  -> e2f79c65340ccfe3db9c0a87b99dbfce
  custom:scripting/monoscript/fileName/OrganizationProvider.cs:  -> f2089b4351294d4815b134a51aba3d17
  custom:scripting/monoscript/fileName/VolumeComponentProvider.cs:  -> 10db6aa0f51474b761a318e5783b37dd
  custom:scripting/monoscript/fileName/ScriptableBuildPipeline.cs:  -> 3c3b1c06634bac11272de55f7c802c38
  custom:scripting/monoscript/fileName/BuiltInStructFields.cs:  -> 80123e9f6f5c09be06ec818051a93154
  custom:scripting/monoscript/fileName/StoreConnectionStateService.cs:  -> 43940905bca897c975595505ddbbc602
  custom:scripting/monoscript/fileName/Coroutines.cs:  -> 911bfa9e1351f8b2ee91ea6929f86dd8
  custom:scripting/monoscript/fileName/ShaderInputViewController.cs:  -> 28fb75e025f29727345eda9ba0968ce5
  custom:scripting/monoscript/fileName/DebugUIHandlerCanvas.cs:  -> 31e737ff99425a6ffe83d2ab5fa134b2
  custom:scripting/monoscript/fileName/DWRFSLoadBundleOperation.cs:  -> 66c00fcf4aea98d95da64163928269ba
  custom:scripting/monoscript/fileName/BaseApiClient.cs:  -> 8db05afd887e7e24cdb4782d155e924b
  custom:scripting/monoscript/fileName/GraphValidation.cs:  -> e2f79c65340ccfe3db9c0a87b99dbfce
  custom:scripting/monoscript/fileName/CustomInterpolatorUtils.cs:  -> 839e2c51a064a3ca26abcb40c928f777
  custom:scripting/monoscript/fileName/UniversalRenderPipelineSerializedLight.cs:  -> 188fe435432060ddee7b358947649547
  custom:scripting/monoscript/fileName/SubscriptionInfo.cs:  -> 276557396887570a1a26eefad7fb1d08
  custom:scripting/monoscript/fileName/ProbeReferenceVolume.Debug.cs:  -> ce7af842f655217bfe1e343b7cb3c40b
  custom:scripting/monoscript/fileName/TypeAlreadyRegisteredException.Gen.cs:  -> f78f490406edcce398401642789c4f0d
  custom:scripting/monoscript/fileName/IAsyncOperationAwaiter.cs:  -> 4e390262389eabe5476a62852a905252
  custom:scripting/monoscript/fileName/ProjectStateHelper.cs:  -> a377430869822a008fcaab13302eb7b2
  custom:scripting/monoscript/fileName/ProbeReferenceVolume.cs:  -> f98a78965a2b77c016e6f993be5079a2
  custom:scripting/monoscript/fileName/UnityGetUserGuestProjects200Response.cs:  -> 101aa8e271472b02f3ae37c6ca9da3cb
  custom:scripting/monoscript/fileName/MotionBlur.cs:  -> 0510d1054bff2c6f48c06a45cbe6a2f3
  custom:scripting/monoscript/fileName/AnimationClipUpgrader.cs:  -> e0905c8379ed218b823564dc5a2afdd7
  custom:scripting/monoscript/fileName/TaskVerifyBuildResult_SBP.cs:  -> 047a5a396434be37aee0b6b15f967132
  custom:scripting/monoscript/fileName/CameraUI.Rendering.Skin.cs:  -> ea37b571f4b5213ec876c626bae4a6c0
  custom:scripting/monoscript/fileName/TaskCreateManifest_BBP.cs:  -> b27a3b8207af0a393f959035bb98a299
  custom:scripting/monoscript/fileName/ProductTypeExtensions.cs:  -> edc1f4f7900bc012de240dfa46caf5cf
  custom:scripting/monoscript/fileName/BuildContext.cs:  -> 0afd91a4f04e0ad71f285291fed59eed
  custom:scripting/monoscript/fileName/CoreRenderPipelinePreferences.cs:  -> 261df03ec4a8363d2beb4d8a8686bcae
  custom:scripting/monoscript/fileName/GraphDataPropertyDrawer.cs:  -> 02ed6a1ef125cd5a6a59d73db76e828c
  custom:scripting/monoscript/fileName/XRLayout.cs:  -> 304c64513102d54c76ccaa31ddaef53f
  custom:scripting/monoscript/fileName/GradientMaterialSlot.cs:  -> 594e2d42e89b12ea00965c63dc06cd3e
  custom:scripting/monoscript/fileName/FakeAppStore.cs:  -> 8f0c70c06637b5c43c41c7896f560b4d
  custom:scripting/monoscript/fileName/PackageAsset.cs:  -> b6e8b7527e6bb8c3c4c9a963cb452fb6
  custom:scripting/monoscript/fileName/DefaultBuildTasks.cs:  -> b93cbe91f00034105b24705dc67fc837
  custom:scripting/monoscript/fileName/SceneRenderPipeline.cs:  -> d9c9d6e82e7593e0669c18908137e969
  custom:scripting/monoscript/fileName/IHasCustomDeprecationMessage.cs:  -> 9768b9d067ed58d17066e455fc70a3fc
  custom:scripting/monoscript/fileName/GoogleObfuscatorSection.cs:  -> ae7077e724a9261630448ebeacf772d0
  custom:scripting/monoscript/fileName/ZBinningJob.cs:  -> bfd8defa3c05c53994120d7088682753
  custom:scripting/monoscript/fileName/FlipbookNode.cs:  -> 477ae09c48175148c8b62a153489d909
  custom:scripting/monoscript/fileName/InverseLerpNode.cs:  -> 3dcd936c6d97165b85188042a88b5049
  custom:scripting/monoscript/fileName/LoadBuildinPackageManifestOperation.cs:  -> 708a64d005d5be321bee95beb5c1f72f
  custom:scripting/monoscript/fileName/UnityWebRequestClient.cs:  -> 171ccf79c76240837e46a8b79f973b6e
  custom:scripting/monoscript/fileName/ConsoleLogControl.cs:  -> f70915f5715566b58b52ef9b17a9707f
  custom:scripting/monoscript/fileName/DBufferRenderPass.cs:  -> f68367cc923102be5b4566b75b6dd9a7
  custom:scripting/monoscript/fileName/HashFNV1A32.cs:  -> e1eafe584e04fd2d8eca3c7d6ce37260
  custom:scripting/monoscript/fileName/ReorderableTextListView.cs:  -> 90647cc400823b41df847a6cbfc29026
  custom:scripting/monoscript/fileName/YooAssetSettings.cs:  -> 232782dc97d7385dab0c9594e598dd2d
  custom:scripting/monoscript/fileName/DefaultEditorFileSystemDefine.cs:  -> b2b8ab43b075c8472e00366daabb837b
  custom:scripting/monoscript/fileName/PopupControl.cs:  -> ea84f734416de5354b572e81c8380c24
  custom:scripting/monoscript/fileName/AbstractRuntimeServices.Gen.cs:  -> 90647cc400823b41df847a6cbfc29026
  custom:scripting/monoscript/fileName/OptionControlFactory.cs:  -> 7642ac00b7b603a3fb894565debf9caf
  custom:scripting/monoscript/fileName/NormalUnpackNode.cs:  -> 9f4443d72a9358644b32892b5bf99254
  custom:scripting/monoscript/fileName/Hierarchy.cs:  -> 99731d225ba73fc7f25c3c242da6284b
  custom:scripting/monoscript/fileName/MultiJsonEntry.cs:  -> 09952a61d6af0c01cb89b491bf9630da
  custom:scripting/monoscript/fileName/CodePatcher.cs:  -> 07c9803faa602cee9ccf22a2acb16c4d
  custom:scripting/monoscript/fileName/UnityWebDataRequestOperation.cs:  -> 404a230fd1529bce2e1aa1330f84e98d
  custom:scripting/monoscript/fileName/AppStoreExtensionMethods.cs:  -> 54b72c6741666ff5034f82652a3e4772
  custom:scripting/monoscript/fileName/SetAppAccountTokenUseCase.cs:  -> 7fefc083ae6b076c3f07ae56101153d3
  custom:scripting/monoscript/fileName/TaskVerifyBuildResult_BBP.cs:  -> 98f1925d4f323f92075b7545fdcdbbec
  custom:scripting/monoscript/fileName/SRServiceBase.cs:  -> 90647cc400823b41df847a6cbfc29026
  custom:scripting/monoscript/fileName/Structs.cs:  -> 4661defcb035e4ae0bd6539bbf7f29ed
  custom:scripting/monoscript/fileName/EnvironmentInfo.cs:  -> 78a754ae7b45de5c0f5a2d3aef9c92f6
  custom:scripting/monoscript/fileName/KeywordCollector.cs:  -> 66e00f4fade8976e4e7f99d3932a55f6
  custom:scripting/monoscript/fileName/UnityWebFileRequestOperation.cs:  -> bea9a37ac2b6b19313cda550311ac800
  custom:scripting/monoscript/fileName/AbstractMaterialNode.cs:  -> 3c4d685e0bc44f5afe406469148ac3a8
  custom:scripting/monoscript/fileName/UnityDownloadFileOperation.cs:  -> cd40d707ce7b8aad5072f0be94a184b4
  custom:scripting/monoscript/fileName/DDXYNode.cs:  -> f36160f249ab10fe09fe07b6620869d3
  custom:scripting/monoscript/fileName/NormalStrengthNode.cs:  -> 99109f8af9ae2d140989247edac67eb3
  custom:scripting/monoscript/fileName/BugReportPopoverRoot.cs:  -> 532259dd1cef176b0570f01059b21e10
  custom:scripting/monoscript/fileName/PlayerSettingsApi.cs:  -> e8704eb198d8f61f68729b362e34f254
  custom:scripting/monoscript/fileName/MemoryConfigurationLoader.cs:  -> e1621a8e05504bfbe89a438b0282bf97
  custom:scripting/monoscript/fileName/GenericEditorDropdownSelectEventSenderHelpers.cs:  -> 403ed8b62965796df5e9af0cd937b91b
  custom:scripting/monoscript/fileName/PBRMasterNode1.cs:  -> 19303b083f3a653f7d58a1189b558540
  custom:scripting/monoscript/fileName/BuiltinKeywordAttribute.cs:  -> b31a81566d4b9d26acf758abb061d4a6
  custom:scripting/monoscript/fileName/NumberControl.cs:  -> 567073ea06e3a62039a010ccd0f54a77
  custom:scripting/monoscript/fileName/GenericEditorClickCheckboxEvent.cs:  -> 939fcec4112c094c4c1f9cc29bf9dd55
  custom:scripting/monoscript/fileName/RGBANodeOutput.cs:  -> 1684b9c1a02fc22a5e91d34e3e2845e4
  custom:scripting/monoscript/fileName/GenerateLinkXml.cs:  -> 438676c0a3ae847305e5461d0d0dfb13
  custom:scripting/monoscript/fileName/ValidationMethods.cs:  -> 0ca38beb753f491a65475578d824a594
  custom:scripting/monoscript/fileName/LoadEditorPackageVersionOperation.cs:  -> 6aec452d46a787e48bdf9766d32e0eca
  custom:scripting/monoscript/fileName/SerializableTexture.cs:  -> 681712cf30ac205eead483426b4a1921
  custom:scripting/monoscript/fileName/VertexColorNode.cs:  -> eb8b72fefc396e9476206c81447fae42
  custom:scripting/monoscript/fileName/SetStorePromotionVisibilityUseCase.cs:  -> 8c70dbd1f738f2f78dcdf30e072fadce
  custom:scripting/monoscript/fileName/GooglePlayConfigurationSettingsBlock.cs:  -> af3d02affc151981bf807b7deaceea1f
  custom:scripting/monoscript/fileName/ColorMaskNode.cs:  -> b0d439257ab9d5bcc65bc5c6cfae8224
  custom:scripting/monoscript/fileName/PropertyNode.cs:  -> 4ae4c00562af71cf9b803fcb674340a3
  custom:scripting/monoscript/fileName/DefaultEncryptionServices.cs:  -> df3b4958a2477c3c8654095c09be03a4
  custom:scripting/monoscript/fileName/IncludeDescriptor.cs:  -> c88869f9cbc6f2a7f4092c431f3bee5b
  custom:scripting/monoscript/fileName/AnimationClipUpgrader_Types.cs:  -> aa98656b5a99155081e9ea8d1eae7c62
  custom:scripting/monoscript/fileName/AssetBundleWriteOperation.cs:  -> db3d146633bcf83272b8d8ec27708373
  custom:scripting/monoscript/fileName/HDRDebugViewPass.cs:  -> ef2911c939bb7a5fabd6e8009c200119
  custom:scripting/monoscript/fileName/IGooglePurchaseService.cs:  -> d5fa567983b0c072f408cafe0cd025a5
  custom:scripting/monoscript/fileName/ParentGroupChange.cs:  -> 491de588c01804f87b9ba52123bb50be
  custom:scripting/monoscript/fileName/IMayRequireVertexColor.cs:  -> 39d8dff5fa0b335fbc0de103479d2337
  custom:scripting/monoscript/fileName/MaterialHeaderScopeItem.cs:  -> 15e77f97170e40eb9b4f71995e071f91
  custom:scripting/monoscript/fileName/StagingTokenExchangeUrls.cs:  -> 7ddebca8557e1d6e23849e5e07df2296
  custom:scripting/monoscript/fileName/IPurchaseServiceFactoryManagerInjectionPoint.cs:  -> 26013fcc96f6eed0740a6e04cbdfff81
  custom:scripting/monoscript/fileName/WelcomeWindow.cs:  -> 34a5133c94f0f776100c99f60ea361d8
  custom:scripting/monoscript/fileName/ResponsiveBase.cs:  -> a77378b327e3e8d44a9a403a8e96099a
  custom:scripting/monoscript/fileName/ShaderInputPropertyDrawer.cs:  -> 043006f49667f34ff5d1f6470deaed37
  custom:scripting/monoscript/fileName/IAsyncService.cs:  -> fc95ae42dd0d1b1dc086d02701ec8b20
  custom:scripting/monoscript/fileName/DebugPanelBackgroundBehaviour.cs:  -> 72d472bee373ff44c319eba4f42eeb4d
  custom:scripting/monoscript/fileName/IFetchStorePromotionVisibilityUseCase.cs:  -> bdeb000551d00078764be05b09e67116
  custom:scripting/monoscript/fileName/ReportHeader.cs:  -> 79497287d49e7386d0e2291a07811266
  custom:scripting/monoscript/fileName/TargetUtils.cs:  -> 333a156d0fb186d60e5317c3502637fc
  custom:scripting/monoscript/fileName/DeserializationSettings.cs:  -> 1061b12039666d7d981cfe68ebb1982d
  custom:scripting/monoscript/fileName/IDebugTriggerService.cs:  -> 2b23515b070fff09c93e0d082bdc034d
  custom:scripting/monoscript/fileName/IESImporter.cs:  -> 6e3da015e76e870a21f7c6dc3efa4155
  custom:scripting/monoscript/fileName/ReportBundleInfo.cs:  -> d8388f77658ef2b2f8c4b58c9ef7ee75
  custom:scripting/monoscript/fileName/CompositeShadowCaster2DEditor.cs:  -> 0cac3faf1435c1ccfa44a3f910287209
  custom:scripting/monoscript/fileName/LightAnchorHandles.cs:  -> 264a65bac2dc82b2f379459e789549b4
  custom:scripting/monoscript/fileName/Light2DEditor.cs:  -> 9235be35bf046a6cb5bb9cbe6db9f55d
  custom:scripting/monoscript/fileName/IProjectConfiguration.cs:  -> 9794b060b4360e9cc39456a13bf716cc
  custom:scripting/monoscript/fileName/Matrix2MaterialSlot.cs:  -> 93b6e87bdd33a71b4bfbaff3294fb80f
  custom:scripting/monoscript/fileName/FakeStoreCartValidator.cs:  -> 9f507d50b7b3f4d4618b109bc3b24e20
  custom:scripting/monoscript/fileName/ExtensionMethods.cs:  -> 4642d9c802c70c033ea67f5c9fc06bdb
  custom:scripting/monoscript/fileName/DecalSkipCulledSystem.cs:  -> c2120175dd6a6bab0a965a051e31b49a
  custom:scripting/monoscript/fileName/IDiagnosticsFactory.cs:  -> 8a3a37fd862b7581b4621716ed14b18e
  custom:scripting/precompiled-assembly-types:Unity.ScriptableBuildPipeline.Editor:  -> c2f5237ed736426b1896b48005260883
  custom:scripting/monoscript/fileName/CreateSpriteLitShaderGraph.cs:  -> 1680bb66cd6a577447f3b80250aacc65
  custom:scripting/monoscript/fileName/IFetchStorePromotionOrderUseCase.cs:  -> ed3ec2f280708927149a566bec4f43c8
  custom:scripting/monoscript/fileName/LightUI.Skin.cs:  -> 570418b2eb18fb38d3dac62948c1bfd4
  custom:scripting/monoscript/fileName/Importer.cs:  -> 182cc6562b8a77841c61b47ea0324273
  custom:scripting/monoscript/fileName/SGBlackboardField.cs:  -> 585eb38cee0b6df385dc0300f8cc79a9
  custom:scripting/monoscript/fileName/IapButtonMenu.cs:  -> 29e7fa69c4f0c53833553c9393f895c3
  custom:scripting/monoscript/fileName/RequestBuildinPackageVersionOperation.cs:  -> 7c48e92e4f482816eed4f1c17f209b30
  custom:scripting/monoscript/fileName/OrNode.cs:  -> 9782dc69ee68d31eed954cde967b1bf7
  custom:scripting/monoscript/fileName/ShaderDebugPrintManager.cs:  -> 878035d2af0e822a777c15ace5361f02
  custom:scripting/monoscript/fileName/StyleRoot.cs:  -> a6b5091b89780a316bd3adc317deaebe
  custom:scripting/monoscript/fileName/IServiceFlagRequest.cs:  -> b3a0a6e65e5600f2006d43595e9e07b1
  custom:scripting/monoscript/fileName/DecalCreateDrawCallSystem.cs:  -> 82e33f2ba082b5ec1602b09fd3abd476
  custom:scripting/monoscript/fileName/IListExtensions.cs:  -> ae709e33138b29262a40f0a7a0a833d9
  custom:scripting/monoscript/fileName/GradientEdge.cs:  -> 81e0534ed426d5a7efc8cc1833300e37
  custom:scripting/monoscript/fileName/UniversalSpriteCustomLitSubTarget.cs:  -> cf5fcfc92e9a398c455761e690b06ddc
  custom:scripting/monoscript/fileName/ColorMaterialSlot.cs:  -> c9974e996e7b25a81a49eaea165db696
  custom:scripting/monoscript/fileName/IPackRule.cs:  -> 51cffd916549ae0a855911fc2cf0d12f
  custom:scripting/monoscript/fileName/SerializationExtensions.cs:  -> 0d0c499c61411a162f3c0b79e534e231
  custom:scripting/monoscript/fileName/StructFields.cs:  -> 873a2608dbe2a294cabca147bc1e6474
  custom:scripting/monoscript/fileName/DebugManager.Actions.cs:  -> 0a375f34ff2eff4c9a9b30e2b9c4fa38
  custom:scripting/monoscript/fileName/ConfigurationEntry.cs:  -> c1ed8586c7c9df05d945744b24303784
  custom:scripting/monoscript/fileName/ColorCurves.cs:  -> cbd3191c9d887711cfff762fcf839201
  custom:scripting/monoscript/fileName/RenderGraphResourcePool.cs:  -> 341f54b84e13cb5332e31a59be8091d8
  custom:scripting/monoscript/fileName/InstancingOptions.cs:  -> da60cc1507ef72fc2fa9aa05bed3e83f
  custom:scripting/monoscript/fileName/IStoreProductsCallback.cs:  -> 0f6a4f947b935080e09c6b0e99bbf4f7
  custom:scripting/monoscript/fileName/PInvokeAnalyzer.cs:  -> 008e1ea1cd92629caabf34a8367663a9
  custom:scripting/monoscript/fileName/StyleComponentEditor.cs:  -> 3fa472627ea0cf203ec61f4348af01fd
  custom:scripting/monoscript/fileName/PrecisionColors.cs:  -> e3cfd602324c789797e01ffb5d67bc55
  custom:scripting/monoscript/fileName/GoogleLastKnownProductService.cs:  -> 8de2b73764139c329e8157a80adb4662
  custom:scripting/monoscript/fileName/IncludeCollection.cs:  -> 1c038cd7cb4bcef079611fca79cf38ce
  custom:scripting/monoscript/fileName/SystemInformationService.cs:  -> 5934191237c81fa52e8bdda2c9538718
  custom:scripting/monoscript/fileName/XmlLinkedMember.cs:  -> 83ebbc44b07d4de0b62121c7811a18b1
  custom:scripting/monoscript/fileName/LoadBuildinCatalogFileOperation.cs:  -> d41ab8bd25eff7939c5e4a391e660dbe
  custom:scripting/monoscript/fileName/ReflectionProbeNode.cs:  -> 182d55271fe9b97a41f0167ca7e2fb89
  custom:scripting/monoscript/fileName/FileSystem.cs:  -> ab92d4d8629b2af54c3a35102bd12cc4
  custom:scripting/monoscript/fileName/Texture2DArrayInputMaterialSlot.cs:  -> 3357b5df35fb9e2858362c78d19c544d
  custom:scripting/monoscript/fileName/PurchaseServiceDependencyInjector.cs:  -> 909a4a3a96c3518bb6fcaf1e6d0b8e61
  custom:scripting/precompiled-assembly-types:Unity.Services.Core.Device:  -> 63b48da9c583ff24a0dde69e3097501c
  custom:scripting/monoscript/fileName/DielectricSpecularNode.cs:  -> fa592a1c315a9037d8b23600c4338708
  custom:scripting/monoscript/fileName/IDockConsoleService.cs:  -> bf031958ee95fdef900e3b92ae887339
  custom:scripting/monoscript/fileName/UniversalRenderPipelineSerializedCamera.cs:  -> cd37caaf646b6b6e9abbd8dfc61b6912
  custom:scripting/monoscript/fileName/OutputMetadata.cs:  -> 3ff85b993b3bd129934f2a951181d982
  custom:scripting/monoscript/fileName/AbstractMaterialNode0.cs:  -> c1380a255463575644bce9bc9f459bfc
  custom:scripting/precompiled-assembly-types:Unity.RenderPipelines.Universal.Config.Runtime:  -> d6ce9a11b3babd692318c3e48b3807d6
  custom:scripting/monoscript/fileName/VolumeParameter.cs:  -> 005432ce47891dd47f1826e5449dafc6
  custom:scripting/monoscript/fileName/SimpleNoiseNode.cs:  -> faad7eaafa61b443ff96be8eb718c485
  custom:scripting/monoscript/fileName/DebugDisplaySettingsRendering.cs:  -> 5941f06e5562a4a74ba4427c359b36c5
  custom:scripting/monoscript/fileName/StripAOTDllCommand.cs:  -> a9416e2e5797c419fb3e6c6a5ce40d3f
  custom:scripting/monoscript/fileName/ScriptableRenderer.cs:  -> 1742eaaf34d1de33ce5d059868c747e9
  custom:scripting/monoscript/fileName/BlackboardViewModel.cs:  -> d569dd3e5950f2026366f406ef038587
  custom:scripting/monoscript/fileName/VirtualBundleLoadAllAssetsOperation.cs:  -> 57522fc4f9ff1ad9cbcbc9a5736a5b91
  custom:scripting/monoscript/fileName/AssetBundleLoadSubAssetsOperation.cs:  -> e6328c58ead9518557570a6ed7eccaaf
  custom:scripting/monoscript/fileName/ProbeVolumePositioning.cs:  -> c1e4bbbf7b8a1ee4380c4c0893d787c8
  custom:scripting/monoscript/fileName/AppleRestoreTransactionsUseCase.cs:  -> a0a4b359b968e61bb11a4f1c5dc05ecf
  custom:scripting/monoscript/fileName/ObfuscationMigration.cs:  -> 0a0ae70d02cc3f2e0a8e73f50092d69f
  custom:scripting/monoscript/fileName/PurchaseFailedEventArgs.cs:  -> 2c0560ec5bb67699e794a1bc64178c2a
  custom:scripting/monoscript/fileName/HookPool.cs:  -> 704fa820377efe5ea604e93c52a35883
  custom:scripting/monoscript/fileName/JsonWebToken.cs:  -> 576840f242d675d41e4a3e0094ff62a5
  custom:scripting/monoscript/fileName/XROcclusionMeshPass.cs:  -> fed34b85d2d917899098f3b284f08b29
  custom:scripting/monoscript/fileName/PositionMaterialSlot.cs:  -> 5afb2c710415cb30297af7a2f2c03aa4
  custom:scripting/monoscript/fileName/DegreesToRadiansNode.cs:  -> fe4aa751b90507ff58846f4f3a07181d
  custom:scripting/monoscript/fileName/RequestWebPackageVersionOperation.cs:  -> 4ec2b422ac517966385304e1376edcbd
  custom:scripting/monoscript/fileName/TextureSamplerState.cs:  -> fa032aa80d2b589cd23cc43cf2d3df49
  custom:scripting/monoscript/fileName/SRTabButton.cs:  -> d93861f709d1ccb08e4f05de1a075754
  custom:scripting/monoscript/fileName/ProbeVolumeEditor.cs:  -> 22592b55d4ac0e101bb581b172a6eba4
  custom:scripting/monoscript/fileName/IEditorGameServiceIdentifier.cs:  -> a0ceaf826ce6fd5a1bb279e1579a965f
  custom:scripting/monoscript/fileName/OfflineUiHelper.cs:  -> 74f5179e6468b11d72cd60998e0c725b
  custom:scripting/monoscript/fileName/FieldDependency.cs:  -> 016807e5ad00ead7a39b332a06dfb49a
  custom:scripting/monoscript/fileName/DefaultUnpackRemoteServices.cs:  -> 1687ada75a5a567f7b2cd8bfa87fe6e2
  custom:scripting/monoscript/fileName/DebugManager.cs:  -> b5b6c6e0a3a5071aac556c096ee98154
  custom:scripting/monoscript/fileName/MultiIntegerSlotControlView.cs:  -> c5970743598a387d4bf9d88c87de6154
  custom:scripting/monoscript/fileName/SROptions.Attributes.cs:  -> d36b0ed79a9a73abf0feb9a236780653
  custom:scripting/monoscript/fileName/MetalReflectanceNode.cs:  -> a291dc3bbf72397a92ee33543879e80d
  custom:scripting/monoscript/fileName/DebugUIHandlerPersistentCanvas.cs:  -> 881cb6da0581e458cc1d1b1032615074
  custom:scripting/monoscript/fileName/PackageManifest.cs:  -> 3f7f122c93e129e107b0b39512db99b2
  custom:scripting/monoscript/fileName/ShaderStrippingWatcher.cs:  -> d0483b6d92c8f2a1338f54ef985e87c0
  custom:scripting/monoscript/fileName/BugReportApiService.cs:  -> c239033d2ec0ed1a6b557a18e63f6c16
  custom:scripting/monoscript/fileName/IProductService.cs:  -> c1ad0783cbe0c6563150fef3d9707014
  custom:scripting/monoscript/fileName/ShaderSubGraphImporterEditor.cs:  -> 06566c8d3e116836ac6e23527398c9da
  custom:scripting/monoscript/fileName/AssetBundleCollectorPackage.cs:  -> 7bbb4b89894cd470f1c6a7b9c4d4b075
  custom:scripting/monoscript/fileName/CreateShaderGraph.cs:  -> 165435789e1010305b59dbe9987d16f9
  custom:scripting/monoscript/fileName/TaskCachingUtility.cs:  -> 2abbe35728db88bbaa201e6c478a95f2
  custom:scripting/monoscript/fileName/GenericClass.cs:  -> d3fb87da7e091b1a8a002bc335394523
  custom:scripting/monoscript/fileName/MaterialQuality.cs:  -> 3003f4dff6b765b397e8ebcb0d3b0b85
  custom:scripting/monoscript/fileName/ProbeTouchupVolume.cs:  -> 7d25ed5e4fbf70734e71aa6ded08ab86
  custom:scripting/monoscript/fileName/ExponentialNode.cs:  -> 6ef769ab4df38ec70175dc27d2fb2300
  custom:scripting/monoscript/fileName/CalculateSceneDependencyData.cs:  -> 104fc632ee9eb1eac0995150ef581054
  custom:scripting/monoscript/fileName/ProbeVolumeUI.Drawer.cs:  -> 87e9c7910750af1fd635a31a863f013b
  custom:scripting/monoscript/fileName/AsyncOperationAwaiter.cs:  -> ddd9d932eca2ff6dc550c174a68fdc5b
  custom:scripting/monoscript/fileName/BuildContent.cs:  -> 8b98bc58cf5574343dc7ddad95d66a2a
  custom:scripting/monoscript/fileName/PlatformsAndStoresDisabledServiceSettingsBlock.cs:  -> 35b98eccef434a55cd89c8889d27e04c
  custom:scripting/monoscript/fileName/SimpleLitGUI.cs:  -> f8e57148761c943f4aa2c0bf034192b6
  custom:scripting/monoscript/fileName/SerializableMesh.cs:  -> 33a42fba66be740a4dd92deeb80ba186
  custom:scripting/monoscript/fileName/CategoryColors.cs:  -> d938da63573f09f3a227826d72f06942
  custom:scripting/monoscript/fileName/IPurchaseServiceExtension.cs:  -> 78261a95a6284cef723b5b8d9a6b2b08
  custom:scripting/monoscript/fileName/ConverterItemInfo.cs:  -> c46259e49e129111234cddabf164943d
  custom:scripting/monoscript/fileName/DefaultWebServerFileSystem.cs:  -> 8d2b163a2b3b1946f994df48115d6b9a
  custom:scripting/monoscript/fileName/LengthNode.cs:  -> a498f3332cd1fd8e9ab8769b7fc090ec
  custom:scripting/monoscript/fileName/RenderGraphLogger.cs:  -> 1f7cedd928b1794552eeaf5ac375607b
  custom:scripting/monoscript/fileName/ICoder.cs:  -> 7cb027eef0be923332825e8de5456493
  custom:scripting/monoscript/fileName/StickyNoteData0.cs:  -> a54c1a2c1fbfd6cc4737a0e8c187342f
  custom:scripting/monoscript/fileName/GenericEditorClickButtonEvent.cs:  -> e302ea7b8979cc8926b394af5a60e274
  custom:scripting/monoscript/fileName/TextureArraySlotControlView.cs:  -> 9daed598b0443ebcf7a9613203390d04
  custom:scripting/monoscript/fileName/UnityServicesInitializer.cs:  -> fa9a608355e48120534d684af5f04612
  custom:scripting/monoscript/fileName/TextureXR.cs:  -> b45ac17e1af7c719bc92462d9967f047
  custom:scripting/monoscript/fileName/HDROutputUtils.cs:  -> 9438361ffa1f27efae2239670b2b02ee
  custom:scripting/monoscript/fileName/TaskPrepare_RFBP.cs:  -> 180f648db58a5c0bf1dad3fccc2af2d6
  custom:scripting/monoscript/fileName/RemoveRange.Extensions.cs:  -> 449327d926c8242df000be9a6e08887a
  custom:scripting/monoscript/fileName/CalculateLevelOfDetailTexture2DNode.cs:  -> 1ffe1e8f01a5e3959b126f2583bad30d
  custom:scripting/monoscript/fileName/IAppleStoreCallbacks.cs:  -> 53245c38facc1259edb07be592c72b67
  custom:scripting/monoscript/fileName/AssemblySorter.cs:  -> efccbe270fb2338e0a7cbc655f8608b3
  custom:scripting/monoscript/fileName/DefaultEditorFileSystem.cs:  -> f3bf702b800e475f6035b0e9033ab83f
  custom:scripting/monoscript/fileName/DummyShaderGraphLibrary.cs:  -> 41e966b44a323280b81a439303fbb896
  custom:scripting/monoscript/fileName/ProfilerMonoBlock.cs:  -> 54fb761f1df9648851e2eb5af2709327
  custom:scripting/monoscript/fileName/NodeUtils.cs:  -> c3de1fa7d415926ee4d17872fe450873
  custom:scripting/monoscript/fileName/DebugUIDrawer.cs:  -> 6461ca30604cde9cde36cda6949bc070
  custom:scripting/monoscript/fileName/ActionSchedulerCleaner.cs:  -> 1750f9737ba65c8b5f441e824f90784f
  custom:scripting/monoscript/fileName/BaseShaderGUI.cs:  -> b5cebbc7bcb33d9f34bec913f3c297a3
  custom:scripting/monoscript/fileName/RedirectNode.cs:  -> 934b52eba3c628494b9b5a702aded844
  custom:scripting/monoscript/fileName/UniversalGlobalSettingsCreator.cs:  -> 2a23a78fbd87934c7c703b020d63ba64
  custom:scripting/monoscript/fileName/ResizeBorderFrame.cs:  -> 7a774684061922ae2fd242db9638ef4b
  custom:scripting/monoscript/fileName/MatrixTransposeNode.cs:  -> 7049d8a94c05248ea66e6c5ff6e5825b
  custom:scripting/monoscript/fileName/CreateMonoScriptBundle.cs:  -> 2583ca987d667d4dd92571cf56d8871f
  custom:scripting/monoscript/fileName/CustomFunctionNodePropertyDrawer.cs:  -> 29b64018b4eda097929f22dbdbc34699
  custom:scripting/monoscript/fileName/ArcsineNode.cs:  -> ae07d633f0d3dad04d3ecf95a8371211
  custom:scripting/monoscript/fileName/CollectAssetInfo.cs:  -> ad0c7072677b25a652c16a9f2ae61b46
  custom:scripting/monoscript/fileName/ProjectConfiguration.cs:  -> b6a00bb7bd3df2a451321f73e7cb7141
  custom:scripting/monoscript/fileName/SROptions.cs:  -> b54ef204dfd3672457e655073a6d36dc
  custom:scripting/monoscript/fileName/TextureSlotControlView.cs:  -> 2c9e551b84d00e25927276b05e64d7ef
  custom:scripting/monoscript/fileName/DecalRendererFeatureEditor.cs:  -> e73c271f6e8412d5ee582badb1ea3e43
  custom:scripting/monoscript/fileName/SelectedAndroidStoreHelper.cs:  -> cb0cb149d4c38bc840af074f57cbd133
  custom:scripting/monoscript/fileName/GenericShaderGraphMaterialGUI.cs:  -> 707be86a803c27f435ceb3f2f8849d44
  custom:scripting/monoscript/fileName/IStoreConnectionStateService.cs:  -> f0ae9553111d34394015abf27390e691
  custom:scripting/precompiled-assembly-types:Unity.RenderPipelines.Core.ShaderLibrary:  -> 3c0b64ed630330ed2a6537a9f18dabb5
  custom:scripting/monoscript/fileName/TaskPrepare_SBP.cs:  -> 9f68350822df162b1dd65c33823cf283
  custom:scripting/monoscript/fileName/ContentFitText.cs:  -> 3df4856450af31887fa36a8b8bf45682
  custom:scripting/monoscript/fileName/RawBundleResult.cs:  -> 186d7cf4728a22784e38281b3bd55898
  custom:scripting/monoscript/fileName/DistanceNode.cs:  -> 7f1bfda7e5fbd4cffc73b57bee9199d9
  custom:scripting/monoscript/fileName/CodelessIAPButton.cs:  -> ce8287374073fa3524e07c53edfdcd44
  custom:scripting/monoscript/fileName/TaskBuilding_RFBP.cs:  -> 0f2788065406d5764c39de4fe081a1d7
  custom:scripting/monoscript/fileName/CheckSettings.cs:  -> 02461047748c522696a8ae1bbdc5d292
  custom:scripting/monoscript/fileName/ValueUtilities.cs:  -> 2583410ddc8a2b51c717f97370293c59
  custom:scripting/monoscript/fileName/BlackboardUtils.cs:  -> e07f7d9c186311962d0e94dadff7125b
  custom:scripting/monoscript/fileName/IVolumeDebugSettings.cs:  -> d284003db842de1e393a4d587b979d0e
  custom:scripting/monoscript/fileName/LzBinTree.cs:  -> 44ad1d43e4d2e83c2c2521cec97a397a
  custom:scripting/monoscript/fileName/ScriptableBuildParameters.cs:  -> b85995be370b270c676250c5afcfbce6
  custom:scripting/monoscript/fileName/SerializedProbeTouchupVolume.cs:  -> 6e1625e5cf9e6147fb34d8f08a426bc5
  custom:scripting/monoscript/fileName/FBXMaterialDescriptionPreprocessor.cs:  -> 37869f0acbd644fb0f2846f62605ff75
  custom:scripting/monoscript/fileName/MessageManager.cs:  -> 18a22eb4f1ab146e49f583363b8f7aba
  custom:scripting/monoscript/fileName/Sync.Gen.cs:  -> ac834b133bcd24c6292144f8ec2fc479
  custom:scripting/monoscript/fileName/ScannerSchema.cs:  -> 75c59551cf4f9c01616b783364fab44e
  custom:scripting/monoscript/fileName/DBFSInitializeOperation.cs:  -> 085452533a81575f288212fde07d34c8
  custom:scripting/monoscript/fileName/AppleStoreExtendedService.cs:  -> 44163afbde7a7c3cbfad3abf4589d411
  custom:scripting/monoscript/fileName/ColorGradingLutPass.cs:  -> 3e3ac5f86bccdbd343524023b6815e1c
  custom:scripting/monoscript/fileName/BooleanMaterialSlot.cs:  -> 032e657665a7a3e2d5edda2698c926fe
  custom:scripting/monoscript/fileName/ShaderTypeGeneration.cs:  -> c77a77319aa341b6da7db8c134cae8ef
  custom:scripting/monoscript/fileName/GenerateBundleCommands.cs:  -> df8cc1862a26a9b8b8065412bf4da3d1
  custom:scripting/monoscript/fileName/DependencyInjectionException.cs:  -> 0adbdedc8e1867709ad2997575ccc5cc
  custom:scripting/monoscript/fileName/ClearAppleTransactionLogsUseCase.cs:  -> 359851e802abe6b201d60c5210a47ffd
  custom:scripting/monoscript/fileName/LightUtility.cs:  -> d1080d194ce6eaa632bc33c41e0e82c7
  custom:scripting/monoscript/fileName/EnvironmentConfigProvider.cs:  -> cadac2235852654a9596b0eac1628eac
  custom:scripting/monoscript/fileName/EditablePathView.cs:  -> 0282533ae50b004ff0ce281551d00c93
  custom:scripting/monoscript/fileName/IStorePurchaseConfirmCallback.cs:  -> 3093fdd7068dab617725b69b3fc72e00
  custom:scripting/monoscript/fileName/ConditionalField.cs:  -> c564f8a3a018d0a0828ffed4b4b01fa4
  custom:scripting/monoscript/fileName/InspectorView.cs:  -> 6dbb9e353e62a56cce5e9afd9e78aecc
  custom:scripting/monoscript/fileName/FBXArnoldSurfaceMaterialDescriptionPreprocessor.cs:  -> 8958be8d14b9a80f5d8d40c2d35d2744
  custom:scripting/monoscript/fileName/LightCookieManager.cs:  -> bff4163fa259d49fa9a5053d9b676600
  custom:scripting/monoscript/fileName/PostPackingCallback.cs:  -> f0f64a598e599b8fee359c8bbbbb7967
  custom:scripting/monoscript/fileName/IESEngine.cs:  -> d4367da80063ba1b79cde6213e76034a
  custom:scripting/monoscript/fileName/GetAppleProductMetadataExtension.cs:  -> 04ba99daeb6465438f13907c5ea8e42c
  custom:scripting/monoscript/fileName/PurchaseServiceFactory.cs:  -> 45152d296201b629cf8b408807487116
  custom:scripting/monoscript/fileName/NewtonsoftSerializer.cs:  -> 455e87e74f7c4ce7bdb201550b0ccccf
  custom:scripting/monoscript/fileName/TreeViewer.cs:  -> 3714cfe5d16a4958efa7e06a0f6518b5
  custom:scripting/monoscript/fileName/UnlitShader.cs:  -> 8210afe903e7c77deb498e2da7f8a379
  custom:scripting/monoscript/fileName/AppleRefreshAppReceiptUseCase.cs:  -> 82ecf873a8cd6260bdc5927d4d18bd30
  custom:scripting/monoscript/fileName/DeSerializer.cs:  -> 42de108158a2d64cff75d55be619c3d6
  custom:scripting/monoscript/fileName/CategoryData.cs:  -> a952e7360f78e5e6228dbe2661e68e40
  custom:scripting/monoscript/fileName/BugReportTabController.cs:  -> c517a16f43d232b1fe34672474bfe271
  custom:scripting/monoscript/fileName/VoronoiNode.cs:  -> 664cc8054b20c3b2197e59e6d4d687f0
  custom:scripting/monoscript/fileName/StoreServiceDependencyInjector.cs:  -> 7da53ef4140015b833bd12a372d825e3
  custom:scripting/monoscript/fileName/VolumeProfileUsageAnalytic.cs:  -> c303191e0589f049d0401b7828e41445
  custom:scripting/monoscript/fileName/AccessTokenErrorUiHelper.cs:  -> 398831acfad9119e6105671c7f2d98b3
  custom:scripting/monoscript/fileName/TileSize.cs:  -> 091c61a2414fde1fd36bda0b850e1baa
  custom:scripting/monoscript/fileName/TextureStackNode.cs:  -> 5577248ad493b8eb80830f7800809157
  custom:scripting/monoscript/fileName/ServiceUrlBuilder.cs:  -> 75f301a24c4e4d38116d1a1c11631963
  custom:scripting/monoscript/fileName/CSharpToHLSL.cs:  -> 38b06233807f54c46b18038446e5b273
  custom:scripting/monoscript/fileName/LensFlareCommonSRP.cs:  -> e040bda547003d870feb49f4a812737a
  custom:scripting/monoscript/fileName/LockedPackageRegistry.cs:  -> 99e3472ea654b46f01a9dea3a90719dd
  custom:scripting/monoscript/fileName/IStoreCheckEntitlementCallback.cs:  -> 7b8ad45c215f36dad6776ff63250294a
  custom:scripting/monoscript/fileName/HttpResponse.cs:  -> fe56c84be580f48ba5f6047136e2cf67
  custom:scripting/monoscript/fileName/IGooglePlayStoreChangeSubscriptionService.cs:  -> fdb6a8932245e2c0140bcbf6b4f55328
  custom:scripting/monoscript/fileName/TaskGetBuildMap_RFBP.cs:  -> 389a76f0afc4c2c90832ca79dccb159a
  custom:scripting/monoscript/fileName/ShadowCaster2DEditor.cs:  -> 092969ca8d095343c7d50610621e17a6
  custom:scripting/monoscript/fileName/DownloadStatus.cs:  -> 64c933f1eb36397cf6a412c88a3637c9
  custom:scripting/monoscript/fileName/ProjectConfigurationBuildInjectorWithPlayerProcessor.cs:  -> bfe4c2bc0cd0ee036e60e1bfa30dda8a
  custom:scripting/monoscript/fileName/VirtualBundleLoadSceneOperation.cs:  -> 89229efea36cc7de1b860b2c31438c5d
  custom:scripting/monoscript/fileName/SampleVirtualTextureNode.cs:  -> 0253cf198849574bc8dd18038cec5517
  custom:scripting/monoscript/fileName/EventUINames.cs:  -> 64fd302c3525bfd2e68dc02732187563
  custom:scripting/monoscript/fileName/BuiltInTarget.cs:  -> d1a419093fcce99b9bc3407874041f3f
  custom:scripting/monoscript/fileName/FractionNode.cs:  -> bcf3e78bb51847c69f139a8174d77938
  custom:scripting/monoscript/fileName/IServiceUrlBuilder.cs:  -> 13be638527219a0b32af6fd5c7433f19
  custom:scripting/monoscript/fileName/SearcherTreeUtility.cs:  -> 1c1dde25a990554df40195be39ea9474
  custom:scripting/monoscript/fileName/IStoreServiceFactoryManager.cs:  -> f4700b39c37b38ffb66faaacf7909d79
  custom:scripting/monoscript/fileName/MultiFloatSlotControlView.cs:  -> 2c3d24e60c902415ec2784ac0d2a1bc7
  custom:scripting/monoscript/fileName/TaskEncryption_BBP.cs:  -> a44930b4acb6f1a0fc5e651f6f14dff1
  custom:scripting/monoscript/fileName/ISetStorePromotionVisibilityUseCase.cs:  -> bf9611708810ed0c09729b0915ae7cd1
  custom:scripting/monoscript/fileName/iOSStoreBindings.cs:  -> 095dd52a5e718e9cdadd6545b8bc7a2a
  custom:scripting/monoscript/fileName/IEnvironmentAnalytics.cs:  -> c2ab3518cf2897a2ac4cf87258f13731
  custom:scripting/monoscript/fileName/ScrollSettingsBehaviour.cs:  -> 23d1a0db37eac649a93532ef5a6172a4
  custom:scripting/monoscript/fileName/IAdditionalData.cs:  -> 810db5327ffb9880a04f2a783a99459a
  custom:scripting/monoscript/fileName/IStorePurchaseFetchCallback.cs:  -> 57eb32b5ce864ab897baec19e4080193
  custom:scripting/monoscript/fileName/ProfilerFPSLabel.cs:  -> a925a115d18f48d6b9309379eeacd072
  custom:scripting/monoscript/fileName/AppleConfiguration.cs:  -> 55637c939eca979d36a0a56e40f5787d
  custom:scripting/monoscript/fileName/SGBlackboardCategory.cs:  -> 1f33298b31cd20c215c4b754296d5230
  custom:scripting/monoscript/fileName/CubemapSlotControlView.cs:  -> 1b9ebba3af004db687146fae7ff22318
  custom:scripting/monoscript/fileName/DumpToText.cs:  -> 2dfe9c7754fbb721de687736d394e422
  custom:scripting/monoscript/fileName/DrawState.cs:  -> fcfb22c9164866a2ea462c65383188f7
  custom:scripting/monoscript/fileName/ReversePInvokeWrapperGenerationAttribute.cs:  -> 1ed3437c9024f23a4890b1de990ae481
  custom:scripting/monoscript/fileName/LightMinMaxZJob.cs:  -> ddde92494bd1a3ea71c6dff80e503ba0
  custom:scripting/monoscript/fileName/ContextView.cs:  -> 894de9edad232a906733dbe0604ff311
  custom:scripting/monoscript/fileName/GoogleFinishTransactionUseCase.cs:  -> 2e098ea21c0b625baf8f04c779fb4312
  custom:scripting/precompiled-assembly-types:Unity.RenderPipelines.Core.Editor:  -> f8860ff5929cb85b004a64116af8e0c7
  custom:scripting/monoscript/fileName/UniversalRenderer.cs:  -> 2bbbe82cd2af613fa395b0a2a338b198
  custom:scripting/monoscript/fileName/StoreException.cs:  -> 322f32ee4feb750f3b91806dc352d45d
  custom:scripting/monoscript/fileName/ProbeVolume.Migration.cs:  -> 90647cc400823b41df847a6cbfc29026
  custom:scripting/monoscript/fileName/SpaceFillingCurves.cs:  -> ba2c828b84d473440e4b6da8dd4a6351
  custom:scripting/monoscript/fileName/PowerNode.cs:  -> e140ed63a07306e1605770c1307a3854
  custom:scripting/monoscript/fileName/DebugUIHandlerProgressBar.cs:  -> 5c9de320a5b26c78920d45e64e640bd3
  custom:scripting/monoscript/fileName/MinimumBinaryHeap.cs:  -> 58e2f67451a6dd12649c5819616167df
  custom:scripting/monoscript/fileName/BlockFields.cs:  -> 009858767e9ac588e945745ac4bb7993
  custom:scripting/monoscript/fileName/ProbeReferenceVolumeProfile.cs:  -> 21d07430f4ea5ffdd88994079a001e9a
  custom:scripting/monoscript/fileName/ModelBinding.Gen.cs:  -> 90647cc400823b41df847a6cbfc29026
  custom:scripting/monoscript/fileName/LensFlareEditorUtils.cs:  -> 19d9ebbefdcfdbabdd8e3ef723a9db75
  custom:scripting/monoscript/fileName/TypeMapper.cs:  -> 7f16345aafb00d4f5b0a96b0ad05718b
  custom:scripting/monoscript/fileName/DependencyNotFoundException.Gen.cs:  -> b85b8fa51199029c7dffa67f92fbcb8c
  custom:scripting/monoscript/fileName/Identifier.cs:  -> 623cfbd28a15ebbc5052c092af66ed56
  custom:scripting/monoscript/fileName/IMayRequireTime.cs:  -> ad507264604dd04184c0529a3756b5bc
  custom:scripting/monoscript/fileName/ProbeVolumeGIContributor.cs:  -> a8ecca381c7fd8254ce6d9180ba95af5
  custom:scripting/monoscript/fileName/IControlAttribute.cs:  -> ef027089ea9ebc99b4a09681ebaffb5e
  custom:scripting/monoscript/fileName/IInitializablePackageV2.cs:  -> aa06fccc5712784ca17e5e7b41810911
  custom:scripting/monoscript/fileName/TaskGetBuildMap_BBP.cs:  -> 316aadd7dcf150e44453c404d230757a
  custom:scripting/monoscript/fileName/InternalOptionsRegistry.cs:  -> bc6aae4553bad0e51491cd45c18e813d
  custom:scripting/monoscript/fileName/DebugUIHandlerObjectList.cs:  -> a475d22ce8f16edbf16eeb7f9ade8601
  custom:scripting/monoscript/fileName/TaskCreateManifest_RFBP.cs:  -> 815d3f79558fe9416182306c88e74a93
  custom:scripting/monoscript/fileName/EditorDefine.cs:  -> 33ea48f98ada7a5fb704e7091df58378
  custom:scripting/monoscript/fileName/RetryPolicyInformation.cs:  -> 5557de9b1f66aee6a3c11b4e68ac2114
  custom:scripting/monoscript/fileName/GlobalgamedatasPatcher.cs:  -> 6ec48c0c06ac834f360c1890dba64717
  custom:scripting/monoscript/fileName/AssetBundleInspector.cs:  -> 889653d0d1cc752709989412fa082c11
  custom:scripting/monoscript/fileName/Blitter.cs:  -> e1b76b0af1a215217f8675b505b84f93
  custom:scripting/monoscript/fileName/UniversalDecalSubTarget.cs:  -> 8da8f10969afb1ba23c3b1a4d6b2578e
  custom:scripting/monoscript/fileName/ILegacyTarget.cs:  -> 923f47aa4547412e5de6f4b3c4999997
  custom:scripting/monoscript/fileName/IGooglePlayStoreExtendedPurchaseService.cs:  -> 68febf4eae5937a842821859c8fdfcb4
  custom:scripting/monoscript/fileName/RuleDisplayName.cs:  -> 13a41cf4aab74156e069a7dc2a29db8b
  custom:scripting/monoscript/fileName/SampleTexture3DNode.cs:  -> 9c49d9ef8f525311c7d3367fb2236654
  custom:scripting/monoscript/fileName/FakeStore.cs:  -> 46128d86c7329bf1a08dbb2295adc598
  custom:scripting/monoscript/fileName/UniversalRenderPipelineGlobalSettings.cs:  -> a3b6b54d248ff08b86fefeb4768df907
  custom:scripting/monoscript/fileName/ObjectPools.cs:  -> bd9b03fedf47069fb35d83319d7bb848
  custom:scripting/monoscript/fileName/RawFileBuildPipeline.cs:  -> e03a29e92f9307267486037ad8b698be
  custom:scripting/monoscript/fileName/FSClearCacheFilesOperation.cs:  -> c1ba3aad2c0a1c237e2c8f701ddb8495
  custom:scripting/monoscript/fileName/RawBundleLoadAllAssetsOperation.cs:  -> e57f8096ae8c6141234c5b0f1910de56
  custom:scripting/monoscript/fileName/AdminApiHeaders.Gen.cs:  -> 90647cc400823b41df847a6cbfc29026
  custom:scripting/monoscript/fileName/PortInputView.cs:  -> d7994c9c42fe213110eabe96af4b2caa
  custom:scripting/monoscript/fileName/ProbeVolumeBakingProcessSettingsDrawer.cs:  -> a732d4179f45764caa1691bb55cefa57
  custom:scripting/monoscript/fileName/PurchaseUseCaseFactory.cs:  -> 449af5bb662a0f326c55a3ae4e0e2e90
  custom:scripting/monoscript/fileName/LoggerExtensions.cs:  -> c7635d9c4e5320dfdc9a78739617013e
  custom:scripting/monoscript/fileName/UnityThreadUtilsInternal.cs:  -> db907031b91c05c00109dd0308888529
  custom:scripting/monoscript/fileName/FresnelEffectNode.cs:  -> d1c618e4224796ea6c2f366b433bca6d
  custom:scripting/monoscript/fileName/ShadowRendering.cs:  -> f24a400a39c6bf5dd6dbba668eb57a88
  custom:scripting/monoscript/fileName/ReflectionProbeMinMaxZJob.cs:  -> 15b0e124d2636669ba7eaa803207887f
  custom:scripting/monoscript/fileName/U2DToURPPixelPerfectConverter.cs:  -> 247fa735da57d506b5acfcdbfdcdaff1
  custom:scripting/monoscript/fileName/ClearAllCacheManifestFilesOperation.cs:  -> 387e739a5ce057106a0bf1f8a27bee2f
  custom:scripting/monoscript/fileName/IEditablePathView.cs:  -> 3a9f2ebf9600bf864aba29e7cabcb39c
  custom:scripting/monoscript/fileName/HashingHelpers.cs:  -> 0f7aeced044c9bfbe971ac41bd6b1b1e
  custom:scripting/monoscript/fileName/HttpClient.cs:  -> 6f589aa53e23fc30613c9de6ca38fe21
  custom:scripting/monoscript/fileName/PurchasingServiceAnalyticsRegistrar.cs:  -> e816b7edf4d6dd9304d258b55d59c708
  custom:scripting/monoscript/fileName/RemotePlayerConnection.cs:  -> da542ad8f37a629280873c44019dce7e
  custom:scripting/monoscript/fileName/PurchasingGameService.cs:  -> f0bc60f5b12285b24bac53906a0dda70
  custom:scripting/monoscript/fileName/FileCompressor.cs:  -> 9e176c2b40f10af0783acadfcf93a0a6
  custom:scripting/monoscript/fileName/SRDebugService.cs:  -> 5978e9cca271230fbd9fb6fe00c847b0
  custom:scripting/monoscript/fileName/BuildCacheUtility.cs:  -> 2743f002ee5eaa2b245807c6d3986866
  custom:scripting/monoscript/fileName/BufferedRTHandleSystem.cs:  -> b3c5d78351e9fd8c620ba35efb81184c
  custom:scripting/monoscript/fileName/AppleTransactionSubscriptionInfo.cs:  -> 1eccd75a7c2e46b964d397cba73b46a8
  custom:scripting/monoscript/fileName/VolumeMenuItems.cs:  -> d8525aaf2535cbc3e22aa5153cbfd864
  custom:scripting/monoscript/fileName/AppleExtensions.cs:  -> ef8582c54c7804c35dc0b9d2c30deb63
  custom:scripting/monoscript/fileName/AssetBundleBuilder.cs:  -> 66026cb25f59730dd66d64c17a72bd7d
  custom:scripting/monoscript/fileName/Matrix4ShaderProperty.cs:  -> ff58c6654172fcb3f2bad12ed5e02a31
  custom:scripting/monoscript/fileName/VolumeDebugSettings.cs:  -> 90647cc400823b41df847a6cbfc29026
  custom:scripting/monoscript/fileName/ColorShaderProperty.cs:  -> 85812e83c056d2832dd294fd38221d6f
  custom:scripting/monoscript/fileName/ScriptableRendererFeatureEditor.cs:  -> 7861cf932091d297c0b591f48752e268
  custom:scripting/monoscript/fileName/DCFSLoadBundleOperation.cs:  -> a4ae0c8c16228c6bafda0632d2366789
  custom:scripting/monoscript/fileName/DisplayWindow.DebugSidePanel.cs:  -> fdc76af93c95796253fa211c3d9c79fa
  custom:scripting/monoscript/fileName/ScrollRectPatch.cs:  -> 01e034332c8b74a6cd9259128f95d4c3
  custom:scripting/monoscript/fileName/GooglePlayStoreFetchPurchasesService.cs:  -> caa04371220a81690f4a42b97147d887
  custom:scripting/monoscript/fileName/ClearUnusedCacheBundleFilesOperation.cs:  -> bca464223e7f7b042d1b67ba0e2574ca
  custom:scripting/monoscript/fileName/RTHandleUtils.cs:  -> 78256e5a8648a33271a907f607eb0cb4
  custom:scripting/monoscript/fileName/CopyLayoutElement.cs:  -> e07e367c9d21509f1ad9a46cc555f8c0
  custom:scripting/monoscript/fileName/LookDev.cs:  -> 081eaeba7abf519152f4b806040014ac
  custom:scripting/monoscript/fileName/UnityPatchProjectV1Request.cs:  -> c6a39576d362d5719b8c0057b54f465b
  custom:scripting/monoscript/fileName/IClearAppleTransactionLogsUseCase.cs:  -> 02ecffa08d7e884fc045e143bec0f94a
  custom:scripting/monoscript/fileName/BuildCallbacks.cs:  -> e372553ccc5bfd1dd2d4f86e3433b7ac
  custom:scripting/monoscript/fileName/ShaderGraphVfxAsset.cs:  -> 6262928fe123b0b018ee700d7453cf36
  custom:scripting/monoscript/fileName/GetIl2CppFolderHook.cs:  -> d293318f602c8e331c86d206ece4d43c
  custom:scripting/monoscript/fileName/ProbeGIBaking.Dilate.cs:  -> 330e56460745b2173b246e880ce62600
  custom:scripting/monoscript/fileName/FloatPropertyDrawer.cs:  -> 7cae5c87d04fa44fe05c3c5f9c4c3327
  custom:scripting/monoscript/fileName/ConsoleTabQuickViewControl.cs:  -> 4ca22b149271c9759ab95ff0cd52909f
  custom:scripting/monoscript/fileName/ViewDirectionMaterialSlot.cs:  -> 7f2e086f1f2545af02d9e066e7521d2b
  custom:scripting/monoscript/fileName/SearcherHighlighter.cs:  -> 96b2a76d470d934733c63af4ac6c5753
  custom:scripting/monoscript/fileName/IPurchaseUseCase.cs:  -> 88f58c18954fe0d0aa89627b936ac911
  custom:scripting/monoscript/fileName/FetchProductsException.cs:  -> 353042db140202c93db3b7453a21a23e
  custom:scripting/monoscript/fileName/ServicesCreationException.cs:  -> 40142800771fcc1f5855193d741c129e
  custom:scripting/monoscript/fileName/FrameTimeBottleneck.cs:  -> d01d47bf3e1bc0a82ba4d22b88f163af
  custom:scripting/monoscript/fileName/VectorControl.cs:  -> fec38ebbffeaceffe3a426e14dc05343
  custom:scripting/monoscript/fileName/TaskQueue.cs:  -> 458757cd1b312076a00414756d04778c
  custom:scripting/monoscript/fileName/IEnvironmentFetcher.cs:  -> 4324c744baa655843f8a2db18e322b79
  custom:scripting/monoscript/fileName/ICanMakePaymentsUseCase.cs:  -> 34be60ab7e7b81c5544d78cc5c48f6a8
  custom:scripting/monoscript/fileName/AssetBundleBuilderWindow.cs:  -> a46a3180522c86cbc00e95c5d27375b3
  custom:scripting/monoscript/fileName/RTHandleSystem.cs:  -> 5daf6630b1cf6890990a3fe2d5894f57
  custom:scripting/precompiled-assembly-types:Unity.Purchasing.Codeless:  -> 9c363291b8f6d98ba6b945be0c4f98eb
  custom:scripting/monoscript/fileName/IGooglePlayConfiguration.cs:  -> 40d937320dc32dec67da42073dbef2c2
  custom:scripting/monoscript/fileName/PooledHashSet.cs:  -> 90647cc400823b41df847a6cbfc29026
  custom:scripting/monoscript/fileName/ITokenExchangeUrls.cs:  -> f529e59149e9ccc31fc5b827b34c33db
  custom:scripting/monoscript/fileName/ChannelMixerNode.cs:  -> f8fa57c5899bfd5b3c064a5e50084c10
  custom:scripting/monoscript/fileName/VisualEffectMasterNode1.cs:  -> 3167e4ed8c337d21ef1f60ad900e1ed1
  custom:scripting/monoscript/fileName/IGetProductDetailsUseCase.cs:  -> 41ddde9d0ea9742a48516f2624aded39
  custom:scripting/monoscript/fileName/IGooglePlayStoreConnectionService.cs:  -> ab23896fd1f4d68c8c3410df5744f6a4
  custom:scripting/monoscript/fileName/DebugUpdater.cs:  -> 9f45699e51aad71e72798c0917e036ec
  custom:scripting/monoscript/fileName/IBundleQuery.cs:  -> d61c15afb00502c811e7fd4d6462c2c5
  custom:scripting/monoscript/fileName/GradientSlotControlView.cs:  -> 6aa8c827bcb9730efaf8c4c543b8a406
  custom:scripting/monoscript/fileName/VirtualBundleLoadAssetOperation.cs:  -> 90ab5421a139a53cf7782320ef91b885
  custom:scripting/monoscript/fileName/RefValueEnumerable.cs:  -> 0cdf409b5aa8d4c25876d72b5c6a3b60
  custom:scripting/monoscript/fileName/IGooglePlayStoreFetchProductsService.cs:  -> ce71f2e893ca75693fa17384be053f47
  custom:scripting/monoscript/fileName/IapMenuConsts.cs:  -> ff6082743aeb851b32f88f8385561e34
  custom:scripting/monoscript/fileName/ProductCatalogEditor.cs:  -> cb6b1d956d54ae614f36e6ed073e1124
  custom:scripting/monoscript/fileName/PixelPerfectBackgroundPass.cs:  -> f76b514228724a95e85eb3e668ed1b10
  custom:scripting/monoscript/fileName/SRRetinaScaler.cs:  -> e12b8d9bd6cdf2251505e19466e0659f
  custom:scripting/monoscript/fileName/UniversalRenderPipelineAssetUI.Drawers.cs:  -> de5d6e71fdc0962c63e7e7751984054e
  custom:scripting/monoscript/fileName/UniversalRenderPipelineLightUI.Skin.cs:  -> f7a56ca62d5093b4bfc6c14616084bf1
  custom:scripting/monoscript/fileName/DBFSLoadPackageManifestOperation.cs:  -> a27ac40aebcaa394935cdd81c252df00
  custom:scripting/precompiled-assembly-types:Unity.Services.Core.Threading:  -> ca5820d3037e7034a063518fa47775e2
  custom:scripting/monoscript/fileName/LongPressButtonEditor.cs:  -> ba915e9065ee9a62cfde3ddab03bffeb
  custom:scripting/monoscript/fileName/INodeModificationListener.cs:  -> 049764a02981c89e0f2136f3b74968d0
  custom:scripting/monoscript/fileName/BlendNode.cs:  -> b4b4f143c52d64a21519d88e8be249aa
  custom:scripting/monoscript/fileName/ReadOnlyHttpRequest.cs:  -> 8ed1e96527aeaf3049f26baaeff0902d
  custom:scripting/monoscript/fileName/Hammersley.cs:  -> 339155ffee6a61a50f127221824effe3
  custom:scripting/monoscript/fileName/ProbeVolumeBakingWindow.cs:  -> 6398185119c24ed7ab727bbfaaa97955
  custom:scripting/monoscript/fileName/CartItem.cs:  -> 31450e04985cc1f4892e4c1d16d10e22
  custom:scripting/monoscript/fileName/FieldDescriptor.cs:  -> 4d97f5765ff9e60faa7a5a5be9ac1c1e
  custom:scripting/monoscript/fileName/StructCollection.cs:  -> b4d030c45ad297d13f89c52edd7c257b
  custom:scripting/monoscript/fileName/InternalStore.cs:  -> a246b99a40247af74c42986066984b0e
  custom:scripting/monoscript/fileName/DEFSLoadBundleOperation.cs:  -> 7b1f974bd0ef3ef6b92e049ef5e4d141
  custom:scripting/monoscript/fileName/TextControl.cs:  -> bf8d9deebeade1d35f8af0460f483b70
  custom:scripting/monoscript/fileName/UnityIAPServices.cs:  -> d9a4647808e2a8de4be11b1cdb470023
  custom:scripting/monoscript/fileName/DebugDisplaySettingsCommon.cs:  -> d0c00b803d6cda17bde08fa5bef7fd77
  custom:scripting/monoscript/fileName/ShadowUtils.cs:  -> e94cbe7725d6ae90a92c4f58c87026eb
  custom:scripting/monoscript/fileName/CodelessCatalogProvider.cs:  -> f90ba189584194fd8b74be8f2a3820bd
  custom:scripting/monoscript/fileName/DebugUI.Fields.cs:  -> 7956bd0a0c7f1cc9d2a32c1bd9fd25ad
  custom:scripting/monoscript/fileName/DecalUpdateCachedSystem.cs:  -> da013a438865457c307cd1b083e391ed
  custom:scripting/monoscript/fileName/LoadBundleFileOperation.cs:  -> de0f361e74655a45a445a7f6cb38bc81
  custom:scripting/monoscript/fileName/TextureArrayControl.cs:  -> 1dc184796033ffea0942ca3c7551ab61
  custom:scripting/monoscript/fileName/StringControl.cs:  -> 0a9446b65c00f4a25b35b92751667183
  custom:scripting/monoscript/fileName/Vector2MaterialSlot.cs:  -> 768efe5fe99a019959a928f37f2ae4ea
  custom:scripting/monoscript/fileName/FSRequestPackageVersionOperation.cs:  -> 012d84e9033a04e41fdb7d2b8e1dd960
  custom:scripting/monoscript/fileName/JsonData.cs:  -> 90647cc400823b41df847a6cbfc29026
  custom:scripting/monoscript/fileName/UnloadAllAssetsOperation.cs:  -> edf4d181505ddae62eee29c9e6719ae8
  custom:scripting/monoscript/fileName/ResourcePackage.cs:  -> c00e78530031b0d5576e1bfd9adc9fc2
  custom:scripting/monoscript/fileName/DecalPreviewPass.cs:  -> ade4334e8571d5c709a5eb862cb74556
  custom:scripting/monoscript/fileName/DBFSRequestPackageVersionOperation.cs:  -> 8b62656d84828beb91603a127dd7640f
  custom:scripting/monoscript/fileName/NodeClassCache.cs:  -> 2201850454163165f2c7bb2d7ed05b65
  custom:scripting/monoscript/fileName/ShadowCasterGroup2DManager.cs:  -> cfcfc02929649f8664d9d34ef87f9195
  custom:scripting/monoscript/fileName/DebugUIHandlerEnumField.cs:  -> dfe34fa077fcc7109ecd793749f36832
  custom:scripting/monoscript/fileName/VisibilityAttribute.cs:  -> 49e798b1c498546f09244503349891b2
  custom:scripting/monoscript/fileName/FileSystemParameters.cs:  -> 86a818d219b23342dab9100ded3c104c
  custom:scripting/monoscript/fileName/BillingClientStateListener.cs:  -> f440bbf1f8a8d6a9f34c97314209f81c
  custom:scripting/monoscript/fileName/IMayRequireScreenPosition.cs:  -> 968f9c93acd804ac34f4c24b410d370e
  custom:scripting/monoscript/fileName/RenderStateCollection.cs:  -> 1a7b6cf13f7ac8e2de3adf4f48b74b17
  custom:scripting/monoscript/fileName/RejectionNode.cs:  -> dd3c55d1df44fa382db0832289dc2a86
  custom:scripting/monoscript/fileName/ActionScheduler.cs:  -> 4b3a1bee28d6ab276113779464cd5e1f
  custom:scripting/monoscript/fileName/SGPropertyDrawerAttribute.cs:  -> 206a382a66ae66362e302edecd31dc1f
  custom:scripting/monoscript/fileName/TangentVectorNode.cs:  -> 86ad40264752662271de7715b278b324
  custom:scripting/monoscript/fileName/OneMinusNode.cs:  -> cdcdbdc299c6d4956e1ea37aa564f72e
  custom:scripting/monoscript/fileName/ShaderPreprocessor.cs:  -> df7d717f84f92c365d5736fad98dc68e
  custom:scripting/monoscript/fileName/DefaultAddressRule.cs:  -> 6cc8f64006d7473f8260cd23fc85e80f
  custom:scripting/monoscript/fileName/StepNode.cs:  -> 0cf1fe76415b9b4855057e268b1ff98c
  custom:scripting/monoscript/fileName/RenderGraphPass.cs:  -> 0afbd3891b59f7d87ba5a17dba9cdc11
  custom:scripting/monoscript/fileName/HueNode.cs:  -> ae8c443fd25348be4c046eebd095956b
  custom:scripting/monoscript/fileName/ProductServiceDependencyInjector.cs:  -> 721d11eb705751022f4e606a83586b5c
  custom:scripting/monoscript/fileName/DebugUIHandlerBitField.cs:  -> be9771bd1a0b74dd596578dd9d2623f5
  custom:scripting/monoscript/fileName/ISetAppAccountTokenUseCase.cs:  -> 88d64744c6a41c6174a6131a1faf387c
  custom:scripting/monoscript/fileName/IsNanNode.cs:  -> c613c46dbf6e562629aeeabce6a6413f
  custom:scripting/monoscript/fileName/IBundleExplictObjectLayout.cs:  -> ddaeb79a7a717f820f674015296294c0
  custom:scripting/monoscript/fileName/CombinedAssemblyResolver.cs:  -> 3d8e4b0a0da8ed4460abbaea91cd3560
  custom:scripting/monoscript/fileName/EnvironmentSettingsProvider.cs:  -> 237263cbc2f115c0b90b2c3fc83a1110
  custom:scripting/monoscript/fileName/CameraCaptureBridge.cs:  -> 3a8109537ef2226ecde8bacab43d1c91
  custom:scripting/monoscript/fileName/TelemetryDiagnosticNames.cs:  -> 3615d03db21dfe51d45d32b24f28df7b
  custom:scripting/monoscript/fileName/ResourceReloader.cs:  -> 7f0140f7643d9055d7a5650d5bf7f9a0
  custom:scripting/monoscript/fileName/UnityUpdateOrganizationRequest.cs:  -> c81a99780bba7daac8cc2c5dac469fe1
  custom:scripting/monoscript/fileName/Matrix2ShaderProperty.cs:  -> cc12977346773b822ad2151aacd198d8
  custom:scripting/monoscript/fileName/EnumerableExtensions.cs:  -> 9c1d8ae25f87be7f1939167a8c1d107e
  custom:scripting/monoscript/fileName/NormalBlendNode.cs:  -> e6f7c25e39b1d3d371ed0a0c4d1fc933
  custom:scripting/monoscript/fileName/RebuildSpriteAtlasCache.cs:  -> 4336dcac6b167662dc27a4b8cb534249
  custom:scripting/monoscript/fileName/CopyPasteGraph.cs:  -> 7dedce59d5bdae0e185b87d4717d9da2
  custom:scripting/monoscript/fileName/IAnalyticsAdapter.cs:  -> f542eddd9e8487f7105936de72a826bb
  custom:scripting/monoscript/fileName/LDasm.cs:  -> 6c4a99bef76182485c5693048bccb0a4
  custom:scripting/monoscript/fileName/AbstractObfuscatorSection.cs:  -> 9e462b361593bcba1f1c42235d92b6a5
  custom:scripting/precompiled-assembly-types:Unity.Services.Core.Editor:  -> e27a3b08181552d3676394287e3ee482
  custom:scripting/monoscript/fileName/UnityUtilDependencyInjector.cs:  -> f96e59937f65f4abdc3d09c472999b25
  custom:scripting/monoscript/fileName/UnityAdsIdentifier.cs:  -> 6666e4d931c1a681dcee861ce8dc56a2
  custom:scripting/monoscript/fileName/RetryPolicyConfig.cs:  -> 533d36c1df5475ce177f07fcbfd5c545
  custom:scripting/monoscript/fileName/SampleGradientNode.cs:  -> f6195a43d695f0d8a48fc09c30d29819
  custom:scripting/monoscript/fileName/GetProductDetailsUseCase.cs:  -> 818b0f2a72003d28dee152f2d7521d45
  custom:scripting/monoscript/fileName/TaskGetBuildMap_SBP.cs:  -> e3297bce37cbc1bfa79674d1c19528e1
  custom:scripting/monoscript/fileName/AppleAppStoreCartValidator.cs:  -> 9b4329856941a7acf731bdcafaa3cf41
  custom:scripting/monoscript/fileName/Vector3ShaderProperty.cs:  -> 70cec1a3276ebe99d07902a792996d37
  custom:scripting/monoscript/fileName/FreeformPathPresets.cs:  -> 8e19b71800ef376bfc3de5e7eb7692e6
  custom:scripting/monoscript/fileName/TaskCreatePackage_BBP.cs:  -> 6f7ea23258816a8fcc8ae6bd18ccb409
  custom:scripting/monoscript/fileName/GoogleConfigurationData.cs:  -> 294c664c7d5abd3c1d0f5fcf45b58c58
  custom:scripting/monoscript/fileName/FSLoadAssetOperation.cs:  -> b2fc177aa625d7699b66c308f48eafd5
  custom:scripting/monoscript/fileName/BitangentMaterialSlot.cs:  -> d7f69008fda1e8f29eb9e6df0b7d5cfb
  custom:scripting/monoscript/fileName/OnEntitlementRevokedUseCase.cs:  -> e57e44a805327cb21d1cae14e2dd7371
  custom:scripting/monoscript/fileName/ConsoleTabController.cs:  -> 54b7e3d82f977d50ec5cb90072efefa3
  custom:scripting/monoscript/fileName/DebugDisplaySettingsUI.cs:  -> 89cbd60af687477caa5cd25059d8b863
  custom:scripting/monoscript/fileName/EnvironmentValidator.cs:  -> 08b5a9dc48dd22c719e1975ef1db1683
  custom:scripting/monoscript/fileName/SearchKeyword.cs:  -> e0780cde8d9047314b19a37ffee7a3b0
  custom:scripting/monoscript/fileName/ProjectConfigurationBuilder.cs:  -> 3a77bc00f860533701242ca98886ca86
  custom:scripting/monoscript/fileName/DummyShaderLibrary.cs:  -> 118dd4b5a671cac351149718bd315413
  custom:scripting/monoscript/fileName/SearcherWindow.cs:  -> 31f518e88f1895987c6e40bce9b59292
  custom:scripting/monoscript/fileName/IAccessTokens.cs:  -> 3e3094814f4dba04dfbc3053655e6598
  custom:scripting/monoscript/fileName/UserRoleRequestUiHelper.cs:  -> a99a899edbebc06ce30ec51f79ff566a
  custom:scripting/monoscript/fileName/PreviewNode.cs:  -> 008ca8a2ae13b0f0e523f96153a22a22
  custom:scripting/monoscript/fileName/FunctionRegistry.cs:  -> 16dc0bee02f47cca70519103460e3bf2
  custom:scripting/monoscript/fileName/IGooglePlayStoreSetObfuscatedIdUseCase.cs:  -> e0d76cee383613a08683c487bdbc7dc2
  custom:scripting/monoscript/fileName/UtcTimeProvider.cs:  -> 34e00235b689057dfe7c5f53347158ea
  custom:scripting/monoscript/fileName/BuildProcessorUtil.cs:  -> 247adacefd52a74407d52bd0b9253f8c
  custom:scripting/monoscript/fileName/JavaBridge.cs:  -> 9caadd39abba57c7a04813d5c26ebf59
  custom:scripting/monoscript/fileName/DefaultWebRemoteFileSystem.cs:  -> 05b720eeeb0d725e8afa325ee79fe41f
  custom:scripting/monoscript/fileName/RadiansToDegreesNode.cs:  -> bf70ef254edbb32d62812077822559d8
  custom:scripting/monoscript/fileName/ShaderGraphShortcuts.cs:  -> be7c12b303f610fb77161cd72cdb58e0
  custom:scripting/monoscript/fileName/HyperbolicTangentNode.cs:  -> ccabf3f8104a9abaef6874c12878bb74
  custom:scripting/monoscript/fileName/IMayRequireTangent.cs:  -> fbb60974ce22980a4a05a95a247ef085
  custom:scripting/monoscript/fileName/PurchasingServiceEnabler.cs:  -> c0d2ea10b16074bff60638e7e6433dc4
  custom:scripting/monoscript/fileName/ProductCatalog.cs:  -> 48ac7af37c27405451ca3404296d328e
  custom:scripting/monoscript/fileName/SerializedUniversalRenderPipelineAsset.cs:  -> bb0e707d346206413fb3f3f320911c80
  custom:scripting/monoscript/fileName/BundleDetails.cs:  -> c2ce173f3479298f0c344c217d376d24
  custom:scripting/precompiled-assembly-types:StompyRobot.SRF:  -> 69cd9ff9cb97744c9d3f55e665780b3f
  custom:scripting/monoscript/fileName/UpdateBundleObjectLayout.cs:  -> d3e8743e5c2de0c9b031ff5de45c2faa
  custom:scripting/monoscript/fileName/HybridCLRSettingProvider.cs:  -> 82001ab4fec12c00ce550817f8921583
  custom:scripting/monoscript/fileName/MonoBehaviorUtil.cs:  -> f0a526cc5d3465bcd8eea36e1e813ada
  custom:scripting/monoscript/fileName/USerialize.cs:  -> 6f1fb90844e336a2331e02dcaf45180a
  custom:scripting/monoscript/fileName/MatrixDeterminantNode.cs:  -> fc20b2fb1b0d0945b7e4fa5ab032e685
  custom:scripting/monoscript/fileName/MeshGizmo.cs:  -> 1367e325c4b3122f5e0c59a2898707b3
  custom:scripting/monoscript/fileName/SystemEnvironmentPathUtils.Gen.cs:  -> 9f60a7d4b8edfd5e67c66c89eee984df
  custom:scripting/monoscript/fileName/HlslFunctionView.cs:  -> 91fe4fc2572601d51314d48c648308df
  custom:scripting/monoscript/fileName/TaskUpdateBundleInfo_ESBP.cs:  -> a1534fdc5974c19764d22b084c1a522e
  custom:scripting/monoscript/fileName/GooglePurchaseConverter.cs:  -> e55e813bd2b92af92174a0aa3131eb8b
  custom:scripting/monoscript/fileName/FieldCondition.cs:  -> 68c14bb711f90162091b8d00dc18ac08
  custom:scripting/monoscript/fileName/ConfirmOrderRequest.cs:  -> 00a9129dbf54c2ea105441b21f89ea39
  custom:scripting/monoscript/fileName/CodelessIAPButtonEditor.cs:  -> 451cedb132ff8048cd31d768bc77ff67
  custom:scripting/monoscript/fileName/CoreServicesEnvironmentSubject.cs:  -> 80b4da62e210374a4ebd09b2d531b003
  custom:scripting/monoscript/fileName/Scrollable.cs:  -> 9595fa0d197f3eb818c6a1e6a1f3b387
  custom:scripting/monoscript/fileName/EnvironmentsApiInternal.cs:  -> ddda38a23193b92419a4176f3ffd04a7
  custom:scripting/monoscript/fileName/SRNumberButton.cs:  -> bff53a790c957cd5cc9f9a68e5cfcad4
  custom:scripting/monoscript/fileName/EditorGameServiceAnalyticData.cs:  -> 0fc6f3bf04cc7c89fce9a2c7c7ab285b
  custom:scripting/monoscript/fileName/MaterialGraphEditWindow.cs:  -> 22b7af5f54d64dd16e9b45a307a0001b
  custom:scripting/monoscript/fileName/PreviewProperty.cs:  -> d93fac191c27dba0152ab509a218a801
  custom:scripting/monoscript/fileName/RectangleNode.cs:  -> 2af038361905b60eb5a622cc97d1e5bc
  custom:scripting/monoscript/fileName/TaskCopyBuildinFiles.cs:  -> 4fccc973afd87447e3084da9cfb6667b
  custom:scripting/monoscript/fileName/TransactionFailedEventHelper.cs:  -> c5e5b717f419fc9637d8a4ab4efc5a66
  custom:scripting/monoscript/fileName/IMayRequireVertexID.cs:  -> 3aba08464f87293afb55f26eaeebf2b7
  custom:scripting/monoscript/fileName/ConstructorNotFoundException.Gen.cs:  -> d5eeea08ebee99ae8f097d0f6c2b88b0
  custom:scripting/monoscript/fileName/EnvironmentServiceRegistry.cs:  -> 87c6dee4ea55850e884c48687d120061
  custom:scripting/monoscript/fileName/AccessTokensSingleton.cs:  -> ed21a5edcf5821a4e4c3f640d88a8890
  custom:scripting/monoscript/fileName/RenderPipelineConvertersEditor.cs:  -> 1e51303d0c535a6ba9d089ee68d2630a
  custom:scripting/monoscript/fileName/AdditionalPropertiesState.cs:  -> 90647cc400823b41df847a6cbfc29026
  custom:scripting/monoscript/fileName/ComponentMenuPaths.cs:  -> 26d2fe440499acc2418b4f56fd298dff
  custom:scripting/monoscript/fileName/IoUtils.cs:  -> 407719a7637f4a4931cf4ba6f0c431e9
  custom:scripting/monoscript/fileName/CameraUI.Environment.Drawers.cs:  -> 6b931c755be6b8c07068541044964215
  custom:scripting/monoscript/fileName/DecalUpdateCulledSystem.cs:  -> cd23b1fe61c74f5791b9c161042b96d4
  custom:scripting/monoscript/fileName/IProductServiceFactory.cs:  -> f5edf733fa2de2f0320d367722c81621
  custom:scripting/monoscript/fileName/EmptyUnityAnalyticsAdapter.cs:  -> aa82e205436bbf8b26cca855cf7c5d6e
  custom:scripting/monoscript/fileName/IStoreServiceExtension.cs:  -> 52250cb40196d1436f8b01212b816de9
  custom:scripting/monoscript/fileName/CatalogTools.cs:  -> 5a5b5e72265466194d146f4173e05382
  custom:scripting/monoscript/fileName/CompatibilityExtensions.cs:  -> bcd4366262f2aa1ee3d32a6a84b15d03
  custom:scripting/monoscript/fileName/PositionNode.cs:  -> bc54121527f459f91c14738c0deabade
  custom:scripting/monoscript/fileName/IPlayMode.cs:  -> b7df7fb3866a89b552fbd11691f85e1b
  custom:scripting/monoscript/fileName/CustomFunctionNode.cs:  -> 915a68c03d05916b943b7723817f1168
  custom:scripting/monoscript/fileName/GooglePlayCheckEntitlementUseCase.cs:  -> 3952a424a37851e0e3bd1693406aa184
  custom:scripting/monoscript/fileName/SettingsWebRequests.cs:  -> f01213db974da284c2ed97232083e3af
  custom:scripting/monoscript/fileName/ObjectNode.cs:  -> 1764c6f0687197738dd4af7ad53537b8
  custom:scripting/monoscript/fileName/SRServiceManager.cs:  -> d233468a586319a94be6c5b74e74e294
  custom:scripting/monoscript/fileName/DebugUIHandlerRow.cs:  -> 5aa34c839041921a8bb4782962dd40d0
  custom:scripting/monoscript/fileName/ProbeVolumeAsset.cs:  -> a5e0c9ed947690b267844429bc5fb834
  custom:scripting/monoscript/fileName/ChannelMixerControl.cs:  -> 477ffb2c13d59c3bbff0aa9446c183ef
  custom:scripting/monoscript/fileName/IDebugDisplaySettingsPanel.cs:  -> 268c0fea34c9d6cdb0a803b95b28efce
  custom:scripting/monoscript/fileName/XmlLinkedMethod.cs:  -> 0832a872e8f410f9dbd4e4797775d14c
  custom:scripting/monoscript/fileName/GraphDataUtils.cs:  -> e2f79c65340ccfe3db9c0a87b99dbfce
  custom:scripting/monoscript/fileName/LoadWebServerCatalogFileOperation.cs:  -> b6291bce92a4e4487da4ed05b8677aee
  custom:scripting/monoscript/fileName/SimpleLitShader.cs:  -> f8ea131ef5780feb0901ed242f900471
  custom:scripting/monoscript/fileName/IBuildContent.cs:  -> 985433c3d816b7fe3356ac6fdd88a9c1
  custom:scripting/monoscript/fileName/PlayModeImpl.cs:  -> 119e34df7d852f5add145b915b9587a6
  custom:scripting/monoscript/fileName/DefaultSearchSystem.cs:  -> 825a1d499c3bbf5a339706837e69a592
  custom:scripting/monoscript/fileName/SingleQuantityCartValidator.cs:  -> 81b70374c5459e280331b97a0a9b9561
  custom:scripting/monoscript/fileName/CubemapAssetNode.cs:  -> aed46f7168590ce85b34679df34e78ae
  custom:scripting/monoscript/fileName/PreDownloadContentOperation.cs:  -> f4aab0a7bf18a75605c171d5ab6a2780
  custom:scripting/monoscript/fileName/INativeStore.cs:  -> 3eb0a17a3a98f5e6991ce5d6c3941d3a
  custom:scripting/monoscript/fileName/ReadOnlyControl.cs:  -> 3d577380ed4733ca2afae6730e12404b
  custom:scripting/monoscript/fileName/IDebugService.cs:  -> d0a693c0260ea823e1f079e807be94e9
  custom:scripting/monoscript/fileName/AssetBundleLoadAssetOperation.cs:  -> e0e424e695dbac42472c2249facca050
  custom:scripting/monoscript/fileName/ShadergraphSpriteGUI.cs:  -> b5f7f75e0b916d17ffd825587d5b6363
  custom:scripting/precompiled-assembly-types:Unity.Purchasing.Stores:  -> cda3e49aa2cfe2d93f53db8c260ad9d9
  custom:scripting/monoscript/fileName/TilingAndOffsetNode.cs:  -> 5f8c418d189cdb22adc1dc1014866312
  custom:scripting/monoscript/fileName/DistinctProductsCartValidator.cs:  -> f152bff72778a806fc903948378e1988
  custom:scripting/monoscript/fileName/UnityWebRequestOperation.cs:  -> 7e3cd60f87576989108db3dbb4e74241
  custom:scripting/monoscript/fileName/ITimeProvider.cs:  -> ddd25bd8e3c8be311aae000881753524
  custom:scripting/monoscript/fileName/URP2DConverterUtility.cs:  -> 2d935af379f761e0b3a4dddeb4f8604a
  custom:scripting/monoscript/fileName/PurchasingUrls.cs:  -> dab2f03814a5047f8c9dbe249b084234
  custom:scripting/monoscript/fileName/SubShaderDescriptor.cs:  -> c46bf66e7269673486bde05407331190
  custom:scripting/monoscript/fileName/TargetSetupContext.cs:  -> 8f890170e86629e5cf1de773fa1c4c00
  custom:scripting/monoscript/fileName/IESObject.cs:  -> 44f389ed9102ee4b311260e8a2ba5b10
  custom:scripting/monoscript/fileName/StoreSpecificIds.cs:  -> 3c60cdbb4b8b4d18ed49d633f08529d5
  custom:scripting/monoscript/fileName/ProbePlacement.cs:  -> 96cb1cde9d2502ce2fedd6b29bccd394
  custom:scripting/monoscript/fileName/ShaderData.cs:  -> b3d84c5cb6962df79f8ae9762bea8beb
  custom:scripting/monoscript/fileName/VolumeProfileOverridesAnalytic.cs:  -> 3eda3a3105bc4bd130cf1060d6d35f83
  custom:scripting/monoscript/fileName/Stage.cs:  -> 8207a8497643b50b80f8ad65c6b0c3a3
  custom:scripting/monoscript/fileName/SRTab.cs:  -> 168f35a652e50ffd3eacf8609db58e9b
  custom:scripting/monoscript/fileName/LiftGammaGain.cs:  -> 1cd0b608cb0bfc445e2a88a76d4c55c1
  custom:scripting/monoscript/fileName/MissingComponent.cs:  -> 6fcd30b84d1ca630662778f50cedadd3
  custom:scripting/monoscript/fileName/GradientNoiseNode.cs:  -> 134baa69ccf721841d0d43b5e023da45
  custom:scripting/monoscript/fileName/Responses.cs:  -> cf8e91b141cc85b29c745e415fc1f688
  custom:scripting/monoscript/fileName/Transient.Gen.cs:  -> fb508b42c100a2c07b866a44f9ab3ed0
  custom:scripting/monoscript/fileName/UnityDownloadResumeFileOperation.cs:  -> d10a1ab0bb47bc33052aab58e2b85f54
  custom:scripting/monoscript/fileName/IGooglePurchaseBuilder.cs:  -> fb07cad59409d5873df3f796bd264866
  custom:scripting/monoscript/fileName/CacheEntry.cs:  -> 184ec4582c6a111a6d76b26e9882d8ac
  custom:scripting/monoscript/fileName/ScanReportConfig.cs:  -> 160bb8a2f80a8e8e7fbb5f0d6982b15b
  custom:scripting/monoscript/fileName/Context.cs:  -> 9f2868ee92231bc7f785cc05a1299416
  custom:scripting/monoscript/fileName/IContinuePromotionalPurchasesUseCase.cs:  -> 7b013237904a7ffe41b6bc511ef8b669
  custom:scripting/monoscript/fileName/MultiJson.cs:  -> 1369d60f528f78fbf4d963f80f73ed13
  custom:scripting/monoscript/fileName/AssemblyCache.cs:  -> e6c496c6f3781e2b3bf4dc7273b4e568
  custom:scripting/monoscript/fileName/DCFSLoadPackageManifestOperation.cs:  -> b41fae2b7f8c82f1ad938809318c7315
  custom:scripting/monoscript/fileName/Renderer2DDataAuthoring.cs:  -> 90647cc400823b41df847a6cbfc29026
  custom:scripting/monoscript/fileName/ContinuePromotionalPurchasesUseCase.cs:  -> 620dfd3467a109235eca05446de09e25
  custom:scripting/monoscript/fileName/ColorManager.cs:  -> 42d9b52a0f5738e13965fe5213a0eece
  custom:scripting/monoscript/fileName/PurchasingEnabledState.cs:  -> 9b01670d32979414a57bae274160bf4b
  custom:scripting/monoscript/fileName/DebugUIHandlerEnumHistory.cs:  -> 45d0932c2171072f0ab05fc6dbe0c326
  custom:scripting/monoscript/fileName/IInstallationId.cs:  -> f04e3188def2f4af24969a3d446782a7
  custom:scripting/monoscript/fileName/DebuggerOperationListViewer.cs:  -> 46857746463afec49c8e51e87bfd5b9a
  custom:scripting/monoscript/fileName/BuiltInMetadata.cs:  -> b758f793a906b752ebe574d6ace8ba11
  custom:scripting/monoscript/fileName/SRDebugEditor.Compiler.cs:  -> 56bd2d51618b21a7cb7b20bdfdad8b52
  custom:scripting/monoscript/fileName/ShaderSpliceUtil.cs:  -> 296a64ad3e8dd4ca6d3fee43f5f88197
  custom:scripting/monoscript/fileName/LightExplorer.cs:  -> 5feecd53b9ab65b806161f77c35a5544
  custom:scripting/monoscript/fileName/PinEntryServiceImpl.cs:  -> 671d77eec0f18c81a57ccb66ff5b72bc
  custom:scripting/monoscript/fileName/PostScriptsCallback.cs:  -> 1cec4066ff38f9052245bd85d91b727c
  custom:scripting/monoscript/fileName/LzmaEncoder.cs:  -> e2b9e76ee41120efc50105d896907bf8
  custom:scripting/monoscript/fileName/DropArea.cs:  -> e5297c892c4f377561567d7e5c07eddb
  custom:scripting/monoscript/fileName/SerializableGuid.cs:  -> 00ccf160b58b099b7c9658b3c5a164ed
  custom:scripting/monoscript/fileName/ICatalogProvider.cs:  -> 7e9251733f4328c0a884548b921d46fe
  custom:scripting/monoscript/fileName/IGooglePurchase.cs:  -> 1de87599c3b5064256ac3fd0260880cd
  custom:scripting/monoscript/fileName/UniversalRenderPipelineCameraUI.Rendering.Drawers.cs:  -> e5c5f822dc45323aa96fa5499520805d
  custom:scripting/monoscript/fileName/ProbeGIBaking.Invalidation.cs:  -> 6175994ec88bb43d2596e758da499508
  custom:scripting/monoscript/fileName/IapException.cs:  -> c33d30e21a54be84f64b9db5c5cb780d
  custom:scripting/monoscript/fileName/ShaderModel.cs:  -> 5cf9d74447b1e6f5e3bacc8044d3fc92
  custom:scripting/monoscript/fileName/SerializableTextureArray.cs:  -> 0bee458622d49ab0111b7d692c545e6d
  custom:scripting/monoscript/fileName/SplitToning.cs:  -> 6e00997d297918dd9fcf6987a8b40bcb
  custom:scripting/monoscript/fileName/IDeterministicIdentifiers.cs:  -> 9fdfcaea74e444a0ad0fcc5b015d955f
  custom:scripting/monoscript/fileName/GBufferPass.cs:  -> 459744e59a356f458da99c9b828f07bd
  custom:scripting/monoscript/fileName/HaltonSequence.cs:  -> a3239711e10942cbbdb76cce3d18fd36
  custom:scripting/monoscript/fileName/StringExtensions.cs:  -> aeb28b1b0441399c9fc949739b9ead47
  custom:scripting/monoscript/fileName/PreviewSceneResources.cs:  -> 6b86b2dd532cefcde875061b2937c098
  custom:scripting/monoscript/fileName/ToggleDisplay.cs:  -> 66e917c275d39c734fea1d485b6978b6
  custom:scripting/monoscript/fileName/DeferredLights.cs:  -> 4f9aa2cd394a611cbb59704874f62e68
  custom:scripting/monoscript/fileName/DebugUIDrawer.Builtins.cs:  -> 5d0037884c83169940102660bf529305
  custom:scripting/monoscript/fileName/FogNode.cs:  -> b9ee0398f36530ca5ee705d172cd0d96
  custom:scripting/monoscript/fileName/StoreServiceFactoryManager.cs:  -> f30c3e0502bb9d855d97fe7dbbf4dfab
  custom:scripting/monoscript/fileName/ProfilerGraphAxisLabel.cs:  -> 8cbf53b292ca4b3b56c933910f7d43db
  custom:scripting/monoscript/fileName/ComparisonGizmoState.cs:  -> 207e057ba229ffc960362d8a8a5b7ffc
  custom:scripting/monoscript/fileName/StandardPurchasingModule.cs:  -> 6822f23e00e41695648059ab32fd657e
  custom:scripting/monoscript/fileName/IPropertyDrawer.cs:  -> 14aea0f1675ba1be97bef2c03e191c86
  custom:scripting/monoscript/fileName/CameraUI.Output.Drawers.cs:  -> 6b931c755be6b8c07068541044964215
  custom:scripting/monoscript/fileName/DWRFSInitializeOperation.cs:  -> a7609a151631cf35868f8035019924eb
  custom:scripting/monoscript/fileName/DotProductNode.cs:  -> 3d6927e8fbe6749097ac731eb476aa51
  custom:scripting/monoscript/fileName/ShadowsMidtonesHighlights.cs:  -> 8cb97abcc6fab21d26c3189f9f5c208b
  custom:scripting/monoscript/fileName/IVolumetricCloud.cs:  -> a109cf95a5821af8228689d7851a2e81
  custom:scripting/monoscript/fileName/ITelemetryDiagnostics.cs:  -> 9e2a52d577dd8b0be3395f323c1754e8
  custom:scripting/monoscript/fileName/TaskCreatePackage_RFBP.cs:  -> 3cfdcb85d63c4c0ba4f85f89725917b9
  custom:scripting/monoscript/fileName/ScriptableRenderPass.cs:  -> 213cc24c01557361331b57786f492d12
  custom:scripting/monoscript/fileName/DebugUIHandlerValueTuple.cs:  -> d634df7643b5297902d49f55d38b9a4f
  custom:scripting/precompiled-assembly-types:Unity.RenderPipeline.Universal.ShaderLibrary:  -> 688645a35edb23da7def5447ad2ad7ae
  custom:scripting/monoscript/fileName/Vector1ShaderProperty.cs:  -> 3c299809aa353f8aa1854626005411f2
  custom:scripting/monoscript/fileName/SamplerStateNode.cs:  -> 6bc38490f4dee89097730d6d317a8160
  custom:scripting/monoscript/fileName/MatrixShaderProperty.cs:  -> 6920f4f73b447d579d242531bf79ea6b
  custom:scripting/monoscript/fileName/GooglePlayProductCatalogExporter.cs:  -> 0de9052135352e603d8c2f51af82bc72
  custom:scripting/monoscript/fileName/ToggleDataPropertyDrawer.cs:  -> ad2994fdbff12e703f206902ddbe1ec7
  custom:scripting/monoscript/fileName/UniversalRenderPipelineLightUI.PresetInspector.cs:  -> f620521d1ce13d1efa4dd8b738d8952e
  custom:scripting/monoscript/fileName/SingleProductSingleQuantityCartValidator.cs:  -> 26347cbee5665fb7700fa7be86438faa
  custom:scripting/monoscript/fileName/IAPSettings.cs:  -> eeba929e95f78525b5b11f65437ee3b6
  custom:scripting/monoscript/fileName/NeverAllowedByTargetAttribute.cs:  -> 5e23c9c64cd39b78ee55dec681b9bdc7
  custom:scripting/monoscript/fileName/MenuProvider.cs:  -> 18bb4a330382da6110ff3a5209c48f18
  custom:scripting/monoscript/fileName/UniversalRenderPipelineAssetUI.Skin.cs:  -> 4942e40c5b492a61128a992bc81f7099
  custom:scripting/monoscript/fileName/ArccosineNode.cs:  -> a35e27d63b8a0b87495f9dc3cd2385c9
  custom:scripting/monoscript/fileName/SRSingleton.cs:  -> 90647cc400823b41df847a6cbfc29026
  custom:scripting/monoscript/fileName/FullscreenMetaData.cs:  -> 2dd8128f018fb0776bd5c2867e8e930a
  custom:scripting/monoscript/fileName/Texture3DSlotControlView.cs:  -> 7ea95dd24830f5d8af189e4e6bc7c100
  custom:scripting/monoscript/fileName/MaterialNodeView.cs:  -> cb2ca08d17b9e6ae4f1ad4c4faf5b1c4
  custom:scripting/monoscript/fileName/InitializationOptions.cs:  -> a3b098c01b711d197eb5be831c1fe3cb
  custom:scripting/monoscript/fileName/InputRegistering.cs:  -> cb47d0b372583ed4212bfacf4d681feb
  custom:scripting/monoscript/fileName/IProgressTracker.cs:  -> 59e48e9e64fc66dccd13c436990f26d1
  custom:scripting/monoscript/fileName/DependencyCollection.cs:  -> 5643c35ae77cc5e66d1b11ef7126e706
  custom:scripting/monoscript/fileName/Environment.cs:  -> 88ed5c5b879a17136454598d4f1afab4
  custom:scripting/monoscript/fileName/SerializedUniversalRenderPipelineGlobalSettings.cs:  -> 6433a9b5569efa46cc3b977b14b8adcc
  custom:scripting/monoscript/fileName/ResponseDeserializationException.cs:  -> ee4bcd8feef77e51dd56d7612403078e
  custom:scripting/monoscript/fileName/SerializedDictionary.cs:  -> 0cdf409b5aa8d4c25876d72b5c6a3b60
  custom:scripting/monoscript/fileName/AssetDependencyCache.cs:  -> 94d7afaafca6561aad6c5f0544e47c30
  custom:scripting/monoscript/fileName/DebugDisplayStats.cs:  -> fba2b183c082be0ad9e2b5838cdf2fb8
  custom:scripting/monoscript/fileName/RemoveAdditionalDataUtils.cs:  -> aa9656d15f0c27d99401c03a7ce23b81
  custom:scripting/monoscript/fileName/IAPListener.cs:  -> 86c9d8f7b28aea7f38275daa6fb71bf4
  custom:scripting/monoscript/fileName/SceneDepthDifferenceNode.cs:  -> 8b4af65ee125e4459f757cffcf74b7ec
  custom:scripting/monoscript/fileName/DeserializeManifestOperation.cs:  -> a2e324c02fe59e7ae04222543a98e2ba
  custom:scripting/monoscript/fileName/CustomTextureSelf.cs:  -> f53ae610c96d8cd316112a71827058f1
  custom:scripting/monoscript/fileName/IGraphDataAction.cs:  -> 2bbf15ec78509ab836a9f8c43a9c727f
  custom:scripting/monoscript/fileName/LinkXmlWriter.cs:  -> 549f5aa9e5f4785e3e070c34285e4a03
  custom:scripting/monoscript/fileName/StickyNoteData.cs:  -> 50de03a5593c3db20c79d821fbf50dfd
  custom:scripting/monoscript/fileName/ProductService.cs:  -> d528b85fbbacc2a3517dc3859063adf4
  custom:scripting/monoscript/fileName/CubemapPropertyDrawer.cs:  -> 2c78f71715ce4f50ca396b15a55c428a
  custom:scripting/monoscript/fileName/IEnvironments.cs:  -> c0584c08a0bd557b383eebd7f6ddb36a
  custom:scripting/monoscript/fileName/DefaultFilterRule.cs:  -> fb82e83ad78fa5da049133225efea8ad
  custom:scripting/monoscript/fileName/Vector4MaterialSlot.cs:  -> 5513e99cb99efc729655c724300102cf
  custom:scripting/monoscript/fileName/ProductServiceDependencyFactoryInjector.cs:  -> 72cfe5184a370c8f13f098e14e09bbc4
  custom:scripting/monoscript/fileName/DefaultApiRequests.cs:  -> 0c40f474d191c79755786a315c4d3837
  custom:scripting/monoscript/fileName/CommonStrings.cs:  -> c37303b8ea4b24be7afe89e3c1f096f3
  custom:scripting/monoscript/fileName/SBPBuildTasks.cs:  -> 77b5961a6927edfc48549d4f3a448841
  custom:scripting/monoscript/fileName/FakeJsonObject.cs:  -> ebe0642e955ceece6f734ed7a2ecdaa9
  custom:scripting/monoscript/fileName/ManifestDefine.cs:  -> 7971011e65f319d87694806b6ff66fa6
  custom:scripting/monoscript/fileName/RTHandle.cs:  -> 198beeada0783b102b5de49eaf76743d
  custom:scripting/monoscript/fileName/SimpleStateMachine.cs:  -> 849ed7f5b11c9db237ef61b01c5a5104
  custom:scripting/monoscript/fileName/RawFileBuildParameters.cs:  -> b8bf32a713d9ddcee0327f74c91d6b68
  custom:scripting/monoscript/fileName/BugReportPopoverService.cs:  -> 1d226118f5ba6c86ff0ed48b03482224
  custom:scripting/monoscript/fileName/EndianBinaryReader.cs:  -> 76d5d50e02e03712f3643dfa460f454c
  custom:scripting/monoscript/fileName/LoadEditorPackageHashOperation.cs:  -> 0c267fd12db569aa4af13e99d1517adf
  custom:scripting/monoscript/fileName/DecalUpdateCullingGroupSystem.cs:  -> 43d6aceffaee73b488b2e7228f05259e
  custom:scripting/monoscript/fileName/CopyPreferredSize.cs:  -> 034718f8c40eb82dcf4e52609f394a85
  custom:scripting/monoscript/fileName/StoreWrapper.cs:  -> b22b397cc7bf244c27bdec6f07ce5425
  custom:scripting/monoscript/fileName/ScannerResult.cs:  -> 0f1513e74859800769dcf543418b28c1
  custom:scripting/monoscript/fileName/ForwardLights.cs:  -> 5092fc81890d4c453d2e02fea6311170
  custom:scripting/monoscript/fileName/PurchasingIdentifierKey.cs:  -> 8f1dbe306ccc167f7dd8e9b34f86da82
  custom:scripting/monoscript/fileName/CommandBufferPool.cs:  -> 35881b26195c08fe29d91784b3493017
  custom:scripting/monoscript/fileName/IAppleAppReceiptViewer.cs:  -> 509b47a4ea410dfeb373b015de4d5aeb
  custom:scripting/monoscript/fileName/AssetArtScannerSetting.cs:  -> 04bfec6ef50cd4215e760606bcba3571
  custom:scripting/monoscript/fileName/LegacyUnknownTypeNode.cs:  -> 6bce94b33b90a7d08d9d8065ebc0bdb4
  custom:scripting/monoscript/fileName/ShaderGraphAnalytics.cs:  -> cd0d162bc6048dda7cc300c26b687cc0
  custom:scripting/monoscript/fileName/TaskPrepare_ESBP.cs:  -> 4d8414f2218342bca763a2b3027c46d2
  custom:scripting/monoscript/fileName/VirtualBundleResult.cs:  -> b9eb75c11c9cd795c6d843fedca03d18
  custom:scripting/monoscript/fileName/PlatformSupportUiHelper.cs:  -> c2fb091feeb92fc6d04201e72415cd6f
  custom:scripting/monoscript/fileName/RenderPipelineConverterContainer.cs:  -> ad2402d77ee21c3a71a01bb503e63a28
  custom:scripting/monoscript/fileName/EventSources.cs:  -> 85d1e7e5f9730544777d448768edb51b
  custom:scripting/monoscript/fileName/LifecycleNotifier.cs:  -> f8c74b6ed7802f5876b563c61d95e679
  custom:scripting/monoscript/fileName/FetchProductsUseCase.cs:  -> d89c7e734e15035723d2b410d16444bc
  custom:scripting/monoscript/fileName/BuiltInLitSubTarget.cs:  -> aac3359589a4029dcae0bd2454bbaa85
  custom:scripting/monoscript/fileName/FSLoadAllAssetsOperation.cs:  -> 31ca1aae3b8eecd490e35216055a2266
  custom:scripting/monoscript/fileName/SRText.cs:  -> 4edb377063fdcccc1778a7953fd00cfd
  custom:scripting/monoscript/fileName/IConfigurationProvider.cs:  -> af9003c2ff2e581cf6d2023a9420f4ca
  custom:scripting/monoscript/fileName/StoreServiceFactory.cs:  -> 168718e429e6ebc730e976b20e335a85
  custom:scripting/monoscript/fileName/CompletedProvider.cs:  -> 9dbd66f6df4011beec02b025ad1e6d65
  custom:scripting/monoscript/fileName/IMetricsFactory.cs:  -> fde5d2b8b6a1babbe7e5508a35a60c95
  custom:scripting/monoscript/fileName/ChannelToken.cs:  -> 749f097d0aecdba9e5864aa66e7c548d
  custom:scripting/monoscript/fileName/UnityPurchasingEditor.cs:  -> 712e91311ba89aaa6ca17dbe69835196
  custom:scripting/monoscript/fileName/PurchasingSettingsProvider.cs:  -> d717bed9e4ed814d58b6259f7f991f59
  custom:scripting/monoscript/fileName/UniversalRenderPipelineCameraUI.Output.Skin.cs:  -> 22eba76a03e5e0641146acadd7685f02
  custom:scripting/monoscript/fileName/FSRUtils.cs:  -> cc5a2350cf3d51f8c4e95d114b305009
  custom:scripting/monoscript/fileName/DebugUIHandlerToggleHistory.cs:  -> 0efb67cbdca69bd93c6e89c840b7dddd
  custom:scripting/monoscript/fileName/ProjectBindRedirectUiConstants.cs:  -> 1d3bd9a52471c7a484b82396440177cc
  custom:scripting/monoscript/fileName/IDebugCameraService.cs:  -> 21853770176b4eac7712f55db7e4ad18
  custom:scripting/monoscript/fileName/BlackboardInputInfo.cs:  -> a25dfa010eeafa1bd76fb146177a2385
  custom:scripting/monoscript/fileName/DebugUIHandlerMessageBox.cs:  -> eae216b4275440e05f67b5fc8b459028
  custom:scripting/monoscript/fileName/SettingsUIConstants.cs:  -> c4ed6af194097ceef03cb028d506634d
  custom:scripting/monoscript/fileName/IColorProvider.cs:  -> db28d082041ca082dcdcb6bea551bbba
  custom:scripting/monoscript/fileName/ScreenSpaceAmbientOcclusionEditor.cs:  -> 4e26f25b102f0c8c498d4d21b38559d7
  custom:scripting/monoscript/fileName/KeywordDependentCollection.cs:  -> f0fb22e265a5f87d0185dc115b033693
  custom:scripting/monoscript/fileName/OutBuffer.cs:  -> f7e97e674a5408a2942bc58db3342dc5
  custom:scripting/monoscript/fileName/TaskBuilding_SBP.cs:  -> 9b82923d3bdda73591a3425ec531d42b
  custom:scripting/monoscript/fileName/DecalChunk.cs:  -> 5dccc55f4ee05e89a95f84eaa84b8901
  custom:scripting/monoscript/fileName/GraphViewActions.cs:  -> ca8d2c30bf20be877033840cbfefd483
  custom:scripting/monoscript/fileName/ProbeBrickPool.cs:  -> 14b7482ce920c36421c3e0984e1cf843
  custom:scripting/monoscript/fileName/DialogRequest.cs:  -> dc6d81abee435dfba380461e53dc0418
  custom:scripting/monoscript/fileName/NormalizeNode.cs:  -> 206e083603352147c800077850d90691
  custom:scripting/monoscript/fileName/ExtensiblePurchaseService.cs:  -> 32691ff6cf93e85be271169bb98bdebd
  custom:scripting/monoscript/fileName/HttpServiceConfig.cs:  -> a19e8b39679e0da2413fb1719624f1f2
  custom:scripting/monoscript/fileName/InitializationOperation.cs:  -> 453d8dda2eb6a58e3de3ee4285b3306f
  custom:scripting/monoscript/fileName/DataStore.cs:  -> 90647cc400823b41df847a6cbfc29026
  custom:scripting/monoscript/fileName/EditorGameServiceFlagEnabler.cs:  -> ed4b01161596daf6c007c5cb985797df
  custom:scripting/monoscript/fileName/EditorValueTracker.Gen.cs:  -> 90647cc400823b41df847a6cbfc29026
  custom:scripting/monoscript/fileName/ProjectConfigurationBuilderHelper.cs:  -> f79e2dec68c2a8a55186a3fd4274546b
  custom:scripting/monoscript/fileName/NandNode.cs:  -> 23c9b6cc63194bd87293b257b3e30f9a
  custom:scripting/monoscript/fileName/DisallowMultipleRendererFeature.cs:  -> 142870ad7d4ba0caa45edf4ada5c5e95
  custom:scripting/monoscript/fileName/IDecryptionServices.cs:  -> e3b2c49806abe69df5b25f1a87b9aa84
  custom:scripting/monoscript/fileName/IGooglePlayChangeSubscriptionUseCase.cs:  -> 7012e1f0d7d3665e577765d1f22f5179
  custom:scripting/monoscript/fileName/IdentifierControl.cs:  -> e3495e4ca87c994bf5ea600cf5b4136f
  custom:scripting/monoscript/fileName/SRDependencyServiceBase.cs:  -> 90647cc400823b41df847a6cbfc29026
  custom:scripting/monoscript/fileName/RenderPipelineConverter.cs:  -> 568f1980316ac750296fc0d40360c6d8
  custom:scripting/monoscript/fileName/IAPSettingsConsts.cs:  -> 87302c2534930e9d9ddffd81b72f64de
  custom:scripting/monoscript/fileName/IPropertyFromNode.cs:  -> 5a8c7873f0970db2476ff7e6c1e65620
  custom:scripting/monoscript/fileName/FSLoadBundleOperation.cs:  -> 1512a91c7fa14c7f39ac5b430284a3f5
  custom:scripting/monoscript/fileName/Texture3DInputMaterialSlot.cs:  -> a249965d545b834a1461258c73ff703f
  custom:scripting/monoscript/fileName/TaskEncryption_RFBP.cs:  -> e79d4b4ae53e1f79ee5143eabd035ad6
  custom:scripting/monoscript/fileName/UniversalAdditionalLightData.cs:  -> b0fd8f5040ee43f9a9bc50edd300a9e8
  custom:scripting/monoscript/fileName/BuildWriteData.cs:  -> 2cea0300b77fdbda33a3d90a3f600b08
  custom:scripting/monoscript/fileName/IUnityThreadUtils.cs:  -> 09e8ec6b5955782b75f75b287fbd41f1
  custom:scripting/monoscript/fileName/CrossProductNode.cs:  -> 5753a6163a344e80db4d0c8f1e930426
  custom:scripting/monoscript/fileName/PathAssemblyResolver.cs:  -> 295cb5f41db847bc8915e1ee5327d7f1
  custom:scripting/monoscript/fileName/UniversalRenderPipelineAssetPrefiltering.cs:  -> 0cdf409b5aa8d4c25876d72b5c6a3b60
  custom:scripting/monoscript/fileName/RenderSettingsConverter.cs:  -> d44eb69e921f53eddc6bc8ab2ef99301
  custom:scripting/monoscript/fileName/EditorSimulateBuildParameters.cs:  -> 70a7be88104bfca2a628d0788c55d928
  custom:scripting/monoscript/fileName/UniversalRenderPipelineAsset.cs:  -> 44d29cff0a5d058e760518e1729b9f3e
  custom:scripting/monoscript/fileName/IConfigurationLoader.cs:  -> 2906069c8520611bdd1356369b0a29f4
  custom:scripting/monoscript/fileName/InitializeConverterContext.cs:  -> d3d3f1d70ac16a8a43542759983f9035
  custom:scripting/monoscript/fileName/VerifyCacheFilesOperation.cs:  -> 79e331f0460ba870bd845b4e5e2be554
  custom:scripting/monoscript/fileName/UniversalSpriteLitSubTarget.cs:  -> 3c5321f5618498f0aa157a1eac760ae2
  custom:scripting/monoscript/fileName/IsInfiniteNode.cs:  -> bcbe18979f1abaee3b2f5891214af9fe
  custom:scripting/monoscript/fileName/ProfilerServiceImpl.cs:  -> 4fd5ab891145a3e183e3a4d5fdb5930c
  custom:scripting/monoscript/fileName/Clipper.cs:  -> b03ee9aedbf7c83e1a6bcd93b1ca73a6
  custom:scripting/monoscript/fileName/EnumInfo.cs:  -> 90647cc400823b41df847a6cbfc29026
  custom:scripting/monoscript/fileName/MaterialHeaderScopeList.cs:  -> 0d6a9edf3c9eb4e8fa69c90ce08ee23b
  custom:scripting/monoscript/fileName/TangentNode.cs:  -> 5be4a5f6c1ed93d91b4bee14ddacc49a
  custom:scripting/monoscript/fileName/Analyzer.cs:  -> fefc3d3734ce3f3a030ba09217447628
  custom:scripting/monoscript/fileName/InBuffer.cs:  -> 63faa6e241967b91a828e63360f709d0
  custom:scripting/monoscript/fileName/ICanChangeShaderGUI.cs:  -> 149afd3c7e6c003c39b1dfc9a42bd842
  custom:scripting/monoscript/fileName/BuildLogger.cs:  -> b9d8388fec3c0769797110715bcda48f
  custom:scripting/monoscript/fileName/SpherizeNode.cs:  -> 23d3fca0c7958f0b21e4cab6cc90dd40
  custom:scripting/monoscript/fileName/IEditorAnalyticsEvent.cs:  -> 4b7eee2b443523af8f180068f1738c53
  custom:scripting/monoscript/fileName/MinimalGraphData.cs:  -> 24c9a82381036b73bba9d0155e17f7b4
  custom:scripting/monoscript/fileName/Il2CppDefGenerator.cs:  -> 36d2cc5e81c439350245effea8e79c8f
  custom:scripting/monoscript/fileName/StandardConsoleService.cs:  -> 3f2db45282da7723ad28955748c40907
  custom:scripting/monoscript/fileName/UnityListProjects200Response.cs:  -> 428e859b4396ae3112aa4ecacae32fbf
  custom:scripting/monoscript/fileName/IDetailedStoreListener.cs:  -> 19c53506665f1ee1c01ad5400c491e70
  custom:scripting/monoscript/fileName/IGoogleBillingClient.cs:  -> 15e59e8ee481fe8bfe07dbde8d91931b
  custom:scripting/monoscript/fileName/HyperbolicCosineNode.cs:  -> 73e8d0e41fecb707e781d9037b52cb7b
  custom:scripting/monoscript/fileName/BuildSpriteData.cs:  -> c829088ed78bbbb541c4780bcaac9f9e
  custom:scripting/monoscript/fileName/AssetBundleLoadSceneOperation.cs:  -> 05956b3f6e717c64e6da4c61b569030f
  custom:scripting/monoscript/fileName/ISerializedCamera.cs:  -> d7b200b20c684d3011944cf7d1378800
  custom:scripting/monoscript/fileName/FSLoadPackageManifestOperation.cs:  -> 688db379adef71557a8cb80fec7b9b6d
  custom:scripting/monoscript/fileName/CorePackageInitializer.cs:  -> 829d217bce271cb9c1fa63d564b476ec
  custom:scripting/monoscript/fileName/AppleXMLProductCatalogExporter.cs:  -> 220dece0c62737d3bc575663136e012d
  custom:scripting/monoscript/fileName/CameraUI.Environment.Skin.cs:  -> ea37b571f4b5213ec876c626bae4a6c0
  custom:scripting/monoscript/fileName/DefineCollection.cs:  -> e1c72f4e3503f163edb100c8a092cf78
  custom:scripting/monoscript/fileName/UniversalRenderPipelineGlobalSettings.ShaderVariantSettings.cs:  -> 90647cc400823b41df847a6cbfc29026
  custom:scripting/monoscript/fileName/EnvironmentNotFoundException.cs:  -> 8f8ecf9219a7a93736afa67d923d561a
  custom:scripting/monoscript/fileName/Edge0.cs:  -> b8c3599d71272796679e59a534e95c81
  custom:scripting/monoscript/fileName/AppleObfuscatorSection.cs:  -> 015cd7e0fe0037bcbc2b77ab630d05e2
  custom:scripting/monoscript/fileName/DependencyTreeInitializeOrderSorter.cs:  -> 398a0f081d411379f31bc2eb52bbbd21
  custom:scripting/monoscript/fileName/SGBlackboard.cs:  -> 1f7428668e6d5a1439fb32f4eb755967
  custom:scripting/monoscript/fileName/ShaderGraphMetadata.cs:  -> 4e2fb0c623627109d410e2062edd78b2
  custom:scripting/monoscript/fileName/CustomTextureSize.cs:  -> 9bbd5149e3f41e9a69c70a4637bf6c31
  custom:scripting/monoscript/fileName/BatchRendererGroupGlobals.cs:  -> 187c7c671b978d74ca2a118ab492e450
  custom:scripting/monoscript/fileName/BundleFileWriter.cs:  -> 6893779f80da98ac99de90613ce6ba1f
  custom:scripting/monoscript/fileName/DielectricSpecularControl.cs:  -> 7ac30c06d0369013691fdcb246b9c661
  custom:scripting/monoscript/fileName/DebugUI.cs:  -> 398639f868eabde8ec4cfa5a98e2d32c
  custom:scripting/monoscript/fileName/IAsyncDelayer.cs:  -> c42a1fc7bc99c6c45dd7bdfb1dad379c
  custom:scripting/monoscript/fileName/MethodBridgeGeneratorCommand.cs:  -> a53190a36168cd9d1325c792e966eca3
  custom:scripting/monoscript/fileName/UnlitMasterNode1.cs:  -> 3d378576268d72287c9b90359bbe8833
  custom:scripting/monoscript/fileName/UnifiedReceipt.cs:  -> b560bb3a3692e8beb8b2f1bf09bf029c
  custom:scripting/monoscript/fileName/EventSourceMenuItems.cs:  -> f90ea15ca4ba5c45e6f4ff8dc016e1b3
  custom:scripting/monoscript/fileName/FloorNode.cs:  -> 8cd5a3ef634e6c8d8ccc7d29534db43e
  custom:scripting/monoscript/fileName/SRMath.Tweening.Functions.cs:  -> a238831e31c7a4af7e9791e1cf2aee08
  custom:scripting/monoscript/fileName/ContextInjector.cs:  -> be93aa05045a7a9adf91118021d7b9ef
  custom:scripting/monoscript/fileName/ExpandedState.cs:  -> 90647cc400823b41df847a6cbfc29026
  custom:scripting/monoscript/fileName/SRDebugEditor.Resources.cs:  -> cad88491d7b9cf346c955fd5900643e9
  custom:scripting/monoscript/fileName/GooglePlayKeyRequestResult.cs:  -> 45d9b8491e0606c4330699080b7644ea
  custom:scripting/monoscript/fileName/IWriteOperation.cs:  -> f992fc85bf839520185f31965947c71e
  custom:scripting/monoscript/fileName/VectorShaderProperty.cs:  -> 6b11de3f68a621d16581f67570325ccd
  custom:scripting/monoscript/fileName/CrossPlatformValidator.cs:  -> 3e048943bb2d0e072d919f659fc30d03
  custom:scripting/monoscript/fileName/DisplayWindow.cs:  -> 5fbb58f67d9ef9189379b30fc85923ba
  custom:scripting/monoscript/fileName/UnityGetUserPermissions200Response.cs:  -> 7fdf29503cc5301312d984f2af06eb45
  custom:scripting/precompiled-assembly-types:Unity.Purchasing:  -> 3390af5fc25a7b99f3e8f3460257697d
  custom:scripting/monoscript/fileName/IRetryRequest.cs:  -> fcc22e6c3bd935207826960b6fb8e465
  custom:scripting/monoscript/fileName/MatrixConstructionNode.cs:  -> 9967ad2a53631a1bff24165e0e4f1f77
  custom:scripting/monoscript/fileName/IOnEntitlementRevokedUseCase.cs:  -> 782ff759e7eac2fe04d30141cbae1093
  custom:scripting/precompiled-assembly-types:Unity.Purchasing.SecurityStub:  -> 3acf554ebc74526507ce4bbc2075bd09
  custom:scripting/monoscript/fileName/ShaderGraphImporterEditor.cs:  -> bdac637587671ba15340ab379e88e5c6
  custom:scripting/monoscript/fileName/RandomRangeNode.cs:  -> b51d9d2bd8932cdc2ac3f3857bfcf1a3
  custom:scripting/monoscript/fileName/Bloom.cs:  -> e051d0d488dd04170db16f16dbc31846
  custom:scripting/monoscript/fileName/RedirectNodeView.cs:  -> 7117241b17e37a403dceb07917f1ba94
  custom:scripting/monoscript/fileName/AbsoluteNode.cs:  -> 80c13250d10231a7843225a44587e406
  custom:scripting/monoscript/fileName/ShadowUtility.cs:  -> 9223bb1de7f1a7176703f3c36c80391f
  custom:scripting/monoscript/fileName/IAppleFetchProductsService.cs:  -> 9f0c2addcac2c20d8ab04354e5e8689d
  custom:scripting/monoscript/fileName/ArchiveAndCompressBundles.cs:  -> a4f30b836ec7f461da7b1d8eed932e91
  custom:scripting/monoscript/fileName/RenderingLayerUtils.cs:  -> fe1762fac8849b34c5ee4b9cafdf3546
  custom:scripting/monoscript/fileName/CheckEntitlementUseCase.cs:  -> 3fc9aefd7c2b5ddab185fad7ac82b7d3
  custom:scripting/monoscript/fileName/DebugReport.cs:  -> 71b8a94c6b48b309226e0ebcfb15fa9e
  custom:scripting/monoscript/fileName/AssetBundleSimulateBuilder.cs:  -> 12a459c9d57b76cf42a75d21a245cef0
  custom:scripting/monoscript/fileName/CompileDllCommand.cs:  -> e055a58b54d2f989256f81925e2f84c0
  custom:scripting/monoscript/fileName/ITableCell.cs:  -> 92b3875bee388ba2ee8406db0650a349
  custom:scripting/monoscript/fileName/StoreController.cs:  -> 049cd06d78b374a307ecc5d7c4473235
  custom:scripting/monoscript/fileName/Controls.cs:  -> 254a2b33ef5cb8cb752d017afc8f099b
  custom:scripting/monoscript/fileName/PinEntryControl.cs:  -> 90c9ac4c1bcb53323f73f3fe6b4502bc
  custom:scripting/monoscript/fileName/WindowDockingLayout.cs:  -> 630113a5efc6c12b70d63262990f21bf
  custom:scripting/monoscript/fileName/DropdownPropertyDrawer.cs:  -> 2120ab2037d876e6f65ba5dece9df770
  custom:scripting/monoscript/fileName/IMayRequireFaceSign.cs:  -> edccb2ba772eaf9429b2276a1604f45c
  custom:scripting/monoscript/fileName/SRDebugEditorStrings.cs:  -> 5031bc7de8c1d8d3c6bdfb34377610a3
  custom:scripting/monoscript/fileName/ReplaceColorNode.cs:  -> 431bf5e931174ebc6a28fc468bc6e28d
  custom:scripting/monoscript/fileName/HasDependenciesAttribute.cs:  -> 1994e3daf482d8c507492fc0431f2a21
  custom:scripting/monoscript/fileName/IntegerPropertyDrawer.cs:  -> 6533f4c9eabbac5498573216a9ceebbf
  custom:scripting/monoscript/fileName/EdgeConnectorListener.cs:  -> e11391e99e4e32d1221129184b7a5f3e
  custom:scripting/monoscript/fileName/CloudEnvironmentConfigProvider.Gen.cs:  -> 5a0c9bc3528e508605862cace6052ab9
  custom:scripting/monoscript/fileName/ScheduledInvocationComparer.cs:  -> 83106d0c8c6b049feeaa7bc89351f333
  custom:scripting/monoscript/fileName/LogNode.cs:  -> 6a74d8117017a06427518c3f78b4aa03
  custom:scripting/monoscript/fileName/DrawScreenSpaceUIPass.cs:  -> 5779b25c6380329c56786bb057a9d285
  custom:scripting/monoscript/fileName/DebugUIHandlerVector2.cs:  -> d5c4c7d89d856249aba59298135734e4
  custom:scripting/monoscript/fileName/FSInitializeFileSystemOperation.cs:  -> 09bf3f619570c0b0f919675bc402848c
  custom:scripting/monoscript/fileName/ClearCacheBundleFilesByTagsOperaiton.cs:  -> b5b8196ef5edc5e0b43562fac733b8da
  custom:scripting/monoscript/fileName/ReciprocalNode.cs:  -> e9dc9c25581dec21f7553e0ae2091bf5
  custom:scripting/monoscript/fileName/PhysicalMaterial3DsMaxPreprocessor.cs:  -> 6b829fba1999f8997924c132f61166e6
  custom:scripting/monoscript/fileName/Compositor.cs:  -> dae0903800afd8f8a89ef50c00659138
  custom:scripting/monoscript/fileName/IntegerValueCell.cs:  -> abe0ef12ed2d592e5f2a7c1e1a885c77
  custom:scripting/monoscript/fileName/DebugUIHandlerPanel.cs:  -> 5720e729e9678befbefa3fbc3d574965
  custom:scripting/monoscript/fileName/MainLightDirectionNode.cs:  -> cf8f5c90dcde96f9cc26ff927f26adb8
  custom:scripting/monoscript/fileName/LoadCachePackageHashOperation.cs:  -> 67918306b79a86f229f5495877638947
  custom:scripting/monoscript/fileName/DefaultApi.cs:  -> 1d4ada5f7be42c3459105e8a4ff7befa
  custom:scripting/monoscript/fileName/UnityServicesBuilder.cs:  -> 2c873918180573f10abfeda6ebefa0f9
  custom:scripting/monoscript/fileName/UniversalRendererRenderGraph.cs:  -> 59b7346c1a02f53616f79fa4a7730b95
  custom:scripting/monoscript/fileName/MenuManager.cs:  -> 0343bcd059e803f90b5a61786ef257ee
  custom:scripting/monoscript/fileName/DecalShaderGraphGUI.cs:  -> 62974717331955b060fa9ff9467d9547
  custom:scripting/monoscript/fileName/ProviderOperation.cs:  -> b930a394752fdc5ba86a6e22b69e74ff
  custom:scripting/monoscript/fileName/RemotePlayerSession.cs:  -> 62e83640983aa134f14d73f29f93cba3
  custom:scripting/monoscript/fileName/SerializableVirtualTexture.cs:  -> 2bacbd79cbb274b5fdc9d8731752e21f
  custom:scripting/monoscript/fileName/SquareWaveNode.cs:  -> b45226c65ba98c99cccf2d66e77b0bc5
  custom:scripting/monoscript/fileName/AppReceiptUseCase.cs:  -> d68abcb1438ca7edaa45c17da8e06d4b
  custom:scripting/monoscript/fileName/IMayRequirePosition.cs:  -> 8887708717c204db632822e0c31db4c0
  custom:scripting/monoscript/fileName/CreateUnlitShaderGraph.cs:  -> 95bc664a39d3357bb03f554956b809aa
  custom:scripting/monoscript/fileName/GameServicesEventComponents.cs:  -> ee3c151485cee2ea4609f79ec9492855
  custom:scripting/monoscript/fileName/GenericEditorFieldEditEventSenderHelpers.cs:  -> 91cb4dff41e7feda97f0b63925ddaa86
  custom:scripting/monoscript/fileName/ServiceRegistry.cs:  -> 9f2f77edf09fc4d5ffdc5ae250d852d2
  custom:scripting/monoscript/fileName/EnvironmentAnalyticsSender.cs:  -> 8bcdd72c4f4f7ba6fed9617ecb7e992f
  custom:scripting/monoscript/fileName/ProductServiceFactory.cs:  -> 6dbd29fbc94f370f00866f5bbbb576a8
  custom:scripting/monoscript/fileName/IWebRequest.cs:  -> f8077547cc413a0c74af55ed1e0bc217
  custom:scripting/monoscript/fileName/ScheduledInvocation.cs:  -> 6dd46403260fc3e01309ae7e636c0e8a
  custom:scripting/monoscript/fileName/BashUtil.cs:  -> b5d498f9a3fc9ffb322ca01ca35addf5
  custom:scripting/monoscript/fileName/ShadowCaster2DShapeTool.cs:  -> f2815c35c8b9286e5571878ca604fc1f
  custom:scripting/monoscript/fileName/UnityProjectNotLinkedException.cs:  -> fffb6126e50500c8c570125732d06308
  custom:scripting/monoscript/fileName/PurchaseUseCase.cs:  -> 254ff637ba4988ef70ef1471cb54b6fa
  custom:scripting/monoscript/fileName/LightBatchingDebugger.cs:  -> 213c46d0c05dea3eabf8740bf9c0576f
  custom:scripting/monoscript/fileName/UniversalRenderPipeline.cs:  -> 311eb5dfcd13350fa575d9b2c20c51b7
  custom:scripting/monoscript/fileName/PrebuildCommand.cs:  -> 599807ecb8f0750cc8d4de5ef5b7ffca
  custom:scripting/monoscript/fileName/TemporalAA.cs:  -> 58dbdaf54031242c49b7e820ca5acd86
  custom:scripting/monoscript/fileName/GenericArgumentContext.cs:  -> 61fb05d6236e9274a2b2814e5b7b33b4
  custom:scripting/monoscript/fileName/DebugUIHandlerVBox.cs:  -> 62474eac231858d08f534ea8cc4c6be5
  custom:scripting/monoscript/fileName/AssetArtReporterWindow.cs:  -> 506fcff1d68e84f08300797d71ae7586
  custom:scripting/monoscript/fileName/PostProcessData.cs:  -> 4ea45b14948cc4a65ec799c4461c6832
  custom:scripting/monoscript/fileName/ScreenSpaceShadowsEditor.cs:  -> 7e976b191f1062056966037e58eea7ab
  custom:scripting/monoscript/fileName/TwirlNode.cs:  -> 80fdd3a1e71301ab6c511458b3a8f793
  custom:scripting/monoscript/fileName/ServicesInitializationException.cs:  -> 905c414eaf6bb9e99e87b7be57e80385
  custom:scripting/monoscript/fileName/IStoreListener.cs:  -> a4c9f851f8a75f6a21c0b398e5496a63
  custom:scripting/monoscript/fileName/CoreRegistry.cs:  -> f8cefd7d8b5109f3c61c0ba5ed06a2ed
  custom:scripting/monoscript/fileName/SRMath.Tweening.cs:  -> d3fa533fc3e9bd0d90d61b544bdf9abb
  custom:scripting/monoscript/fileName/TonemappingEditor.cs:  -> 19bddbd2baf9da83bd2a2065ad30260b
  custom:scripting/monoscript/fileName/Configuration.cs:  -> 4d19c1da7f614cc93468a9d05d08dc7d
  custom:scripting/monoscript/fileName/AssetDatabaseHelper.cs:  -> 43463f09453d3f0c41559b0197fd0dfe
  custom:scripting/monoscript/fileName/UIFoldout.cs:  -> bb8a6ce8394724e78f5b3ce98cb0378d
  custom:scripting/monoscript/fileName/GooglePurchaseStateEnum.cs:  -> a61f4c5883216f23e70d0c64ad075308
  custom:scripting/monoscript/fileName/KeyframeUtility.cs:  -> 247dc6655a1dfd92b42a93a2158a21ef
  custom:scripting/monoscript/fileName/InvalidJwtException.cs:  -> 44c6d327479bc7179514ecd464e65b5b
  custom:scripting/monoscript/fileName/IProjectStateRequest.cs:  -> 27b27df4e3b68078a5908d7df6fce95f
  custom:scripting/monoscript/fileName/IGooglePlayStoreCheckEntitlementService.cs:  -> b87c7f90e37fe1767e9e9f58f5a25601
  custom:scripting/monoscript/fileName/GoogleReceipt.cs:  -> a0bd2b1035f3de286def4cbf535820ea
  custom:scripting/monoscript/fileName/GoogleConfigurationWebRequests.cs:  -> d8be2f968bdceb845dbf49efe2db2931
  custom:scripting/monoscript/fileName/Light2DLookupTexture.cs:  -> daa1c37de7080596852e47a2d7760e6f
  custom:scripting/monoscript/fileName/IBuildPipeline.cs:  -> 45044e1b38103f10b26b9ce1c93cbeed
  custom:scripting/monoscript/fileName/CustomColorData.cs:  -> 2da80ff913237e90addff3989e95f467
  custom:scripting/monoscript/fileName/EditorAnalyticsDataSignature.cs:  -> b8257e66c10f14e4e81bd82ec5e76c22
  custom:scripting/monoscript/fileName/UIElementsTools.cs:  -> bbca8892b3a315400854d8c8a3372fc1
  custom:scripting/monoscript/fileName/ConstantBuffer.cs:  -> d3d43752e65290ba663df673c4be3913
  custom:scripting/monoscript/fileName/AppleStoreExtendedPurchaseService.cs:  -> 1b7498666b8385bd86ea98c7398a7796
  custom:scripting/monoscript/fileName/IAppleConfiguration.cs:  -> b04f6f574f9df630b4b37397d8a64e6b
  custom:scripting/monoscript/fileName/GradientPropertyDrawer.cs:  -> e14c0b6fc12aafda69de58f471522fad
  custom:scripting/monoscript/fileName/UnifiedReceiptFormatter.cs:  -> 11dd7567f565347e216b5fa6aa516423
  custom:scripting/monoscript/fileName/PurchasingServiceAnalyticsSender.cs:  -> 6f24159ff38adc56d0d2e3996605b113
  custom:scripting/monoscript/fileName/TangleFileConsts.cs:  -> e3dc62561a446e76a4e08b83a3d486d3
  custom:scripting/monoscript/fileName/AnalyticsWarningServiveSettingsBlock.cs:  -> 7d6a6da61a94f17e479cd0755e0c06a4
  custom:scripting/monoscript/fileName/BooleanShaderProperty.cs:  -> 6b8fb255a8f36a782aea641701793369
  custom:scripting/monoscript/fileName/FullScreenPassRendererFeatureEditor.cs:  -> f41643bdf463842cb3d328db23901cff
  custom:scripting/monoscript/fileName/GooglePlayStoreCheckEntitlementService.cs:  -> 74505af3e9e09579e6a2bf8a31e4ea07
  custom:scripting/monoscript/fileName/StencilDescriptor.cs:  -> e973f5dea4bbc7f31e1a386ee957f512
  custom:scripting/monoscript/fileName/XmlLinkedType.cs:  -> 879123e42892f87010bef78e341312d0
  custom:scripting/monoscript/fileName/Vector3Node.cs:  -> b00e452ab4707aff87f5d4776964cff7
  custom:scripting/monoscript/fileName/Strings.cs:  -> a3f6aa4985099b9fdf66f4a825937bca
  custom:scripting/monoscript/fileName/IAPButtonEditor.cs:  -> 5deb59a3a69c2539aee2155d93361b13
  custom:scripting/monoscript/fileName/ISetStorePromotionOrderUseCase.cs:  -> 7e5ecf2d800aba1197de7301615b9db7
  custom:scripting/monoscript/fileName/DecalDrawSystem.cs:  -> 89f2bfa254a234aa6736870d706e30aa
  custom:scripting/monoscript/fileName/AssetInfo.cs:  -> cb71ddecafa74902a796d6016adbaf2c
  custom:scripting/monoscript/fileName/EditorGameServiceDashboardHelper.cs:  -> ea8538090dcae2327f4c15e2ca056258
  custom:scripting/monoscript/fileName/SceneProvider.cs:  -> 6139709953ad3968a3bcf742e7b57ff9
  custom:scripting/monoscript/fileName/AssetBundleCollectorWindow.cs:  -> d4c6bafc92cb82dd30d72e2c55450ef4
  custom:scripting/monoscript/fileName/TextureParameterDrawer.cs:  -> 2c6b9120bbbf6a2067db0c6f6979447c
  custom:scripting/monoscript/fileName/AggregateRetryPolicy.cs:  -> 166d2bdc973dfe113728761f65d70238
  custom:scripting/monoscript/fileName/StructDescriptor.cs:  -> 8002089f11f8eaf1427a8da221c44f89
  custom:scripting/monoscript/fileName/AppleProductMetadata.cs:  -> 5ebcb71a11793b4215c35bcbf2c4238b
  custom:scripting/monoscript/fileName/RadialShearNode.cs:  -> 0b065e7e3e008de5f98e68aa95f36132
  custom:scripting/monoscript/fileName/PurchaseServiceDependencyFactoryInjector.cs:  -> ee7ed7106ebbfc471980f41fa459e384
  custom:scripting/monoscript/fileName/BuildTargetGroupExtensions.cs:  -> c338739496d4f359d04e44c3beae4306
  custom:scripting/monoscript/fileName/ScriptableRendererData.cs:  -> 7fab31eda7df14007c6305830c538fa8
  custom:scripting/monoscript/fileName/IShaderInputObserver.cs:  -> 7da39cbf2287b15594dba3bc2efa91f4
  custom:scripting/monoscript/fileName/ScreenPositionNode.cs:  -> 71ca3eca9774b7309dec647eb443f82a
  custom:scripting/monoscript/fileName/ApplyRevertChangeTracker.Gen.cs:  -> 90647cc400823b41df847a6cbfc29026
  custom:scripting/monoscript/fileName/ReflectionProbeManager.cs:  -> fa093033ae029abdfe148fe190c4f8b9
  custom:scripting/monoscript/fileName/DownloadPackageBundleOperation.cs:  -> 0ec687036a40ba062352427c4fe44121
  custom:scripting/monoscript/fileName/OptionsServiceImpl.cs:  -> 7c2e8e5824c2acc58ec8e2145a312c61
  custom:scripting/monoscript/fileName/CubemapShaderProperty.cs:  -> 597c7494ec1bcda61a6debae07dde0f1
  custom:scripting/monoscript/fileName/CollectionExtensions.Gen.cs:  -> aff9dee80b4292d09c09f3acd69a3289
  custom:scripting/monoscript/fileName/RenderPipelineGlobalSettingsUI.Skin.cs:  -> 9c646fac78d3537cf5088886d8ff1760
  custom:scripting/monoscript/fileName/IComponentRegistry.cs:  -> 31dc7d917392108590a76b6f7b8e718f
  custom:scripting/monoscript/fileName/ShadowsMidtonesHighlightsEditor.cs:  -> eba14324d7393dcf18a2c07195da387f
  custom:scripting/monoscript/fileName/IEditorGameService.cs:  -> faa7656610bf6f8463e95c403d6c6e6c
  custom:scripting/monoscript/fileName/DepthOfField.cs:  -> e4cc19d3cd3652f165b28c767b2a5d66
  custom:scripting/monoscript/fileName/IEnableTab.cs:  -> 433ed231f4acee1030656518cc0038df
  custom:scripting/monoscript/fileName/ConfirmOrderUseCase.cs:  -> 4d93a25c9b17d61123824e5677a29a3a
  custom:scripting/monoscript/fileName/HashUtil.cs:  -> 04004ce177968ea5fdc699f016cb3a12
  custom:scripting/monoscript/fileName/GuidEncoder.cs:  -> fcb11fce9f3dbea698f6c386aff1b631
  custom:scripting/monoscript/fileName/ContrastNode.cs:  -> b8bb5e9ab31994489bbc61c1eb1cc9d0
  custom:scripting/monoscript/fileName/ButtonControl.cs:  -> 53e1f916a8c6b149dc54ed2ac3da8c66
  custom:scripting/monoscript/fileName/ITableData.cs:  -> e0b2cbb1d667507c9dce480f7f1a0959
  custom:scripting/monoscript/fileName/ReportIndependAsset.cs:  -> 1dac6eb5251bdfa81e6dbfcb5662f661
  custom:scripting/monoscript/fileName/QueryProductDetailsService.cs:  -> 27aafa102db8f7beed3477cf3c0dac0c
  custom:scripting/monoscript/fileName/TaskCopyBuildinFiles_RFBP.cs:  -> 7bb573e8e8c6ec76a8f99f586ae29031
  custom:scripting/monoscript/fileName/XROcclusionMesh.cs:  -> be152c3b740cdbda71143279f09d0770
  custom:scripting/monoscript/fileName/EnvironmentSettings.cs:  -> e2b98ee836b42374bfa16506e47055ce
  custom:scripting/monoscript/fileName/GradientUtil.cs:  -> 2d193e7aecc7f5c5df34722d3e9762d4
  custom:scripting/monoscript/fileName/CameraUI.Rendering.Drawers.cs:  -> 6b931c755be6b8c07068541044964215
  custom:scripting/monoscript/fileName/MacAppStore.cs:  -> 81fe10c355cf8be9a2fbe827c7d694ef
  custom:scripting/monoscript/fileName/RunItemContext.cs:  -> d35b5dd5e31389598dfa65d33e4ba88d
  custom:scripting/monoscript/fileName/BuiltinBuildParameters.cs:  -> 882479af13ea33d193f6283fcd2b3f7e
  custom:scripting/monoscript/fileName/GooglePurchasesResponseListener.cs:  -> 9522dc16159e297061a4757832c198f6
  custom:scripting/monoscript/fileName/ApiSignupWindow.cs:  -> 71b898c9e18ce47f633848be2bb7ec6b
  custom:scripting/monoscript/fileName/BundleResult.cs:  -> 72f5d085c05aa5679cf69fd2c36e0152
  custom:scripting/monoscript/fileName/GooglePlayStoreChangeSubscriptionService.cs:  -> 1b8103ab1febf9d4c0905d3fab17f96d
  custom:scripting/monoscript/fileName/IBuildTask.cs:  -> 8c2dcc1472be7341025ec28aeffdf148
  custom:scripting/monoscript/fileName/GenerateBundleMaps.cs:  -> 9a1c9e701ac353a3e9f794fda78e0a1c
  custom:scripting/monoscript/fileName/SceneStateCleanup.cs:  -> 31db7f5f98e9a1c904a3b9e4c43aa24b
  custom:scripting/monoscript/fileName/TaskEncryption.cs:  -> 0ee74ee90269122f37de3a6fdcfe20a2
  custom:scripting/monoscript/fileName/RetryRequest.cs:  -> 67044ec166c56507fd064d70398b0b7c
  custom:scripting/monoscript/fileName/ShaderStringBuilder.cs:  -> a11ca0962f8dc6bd0b7351893a7e19ea
  custom:scripting/monoscript/fileName/DebugHandler.cs:  -> c4f387bc9132b0803a06d1dbcd1846e9
  custom:scripting/monoscript/fileName/TruncateNode.cs:  -> 0bf7ec3659f8ef070ad79bcd8dd061b1
  custom:scripting/monoscript/fileName/Texture2DAssetNode.cs:  -> dcf583e87f2543c7262e1220f686d233
  custom:scripting/monoscript/fileName/IChannel.cs:  -> db8ed6536767d05dc3fe7251f4a4dcd3
  custom:scripting/monoscript/fileName/StoreCartValidator.cs:  -> e1d1621473386aa66efaafe0bbbe1bb2
  custom:scripting/monoscript/fileName/IAsyncOperation.cs:  -> f56289e88c7dcb628d7e5619c74e7538
  custom:scripting/monoscript/fileName/ProbeGIBaking.cs:  -> 791688496f53f4da9a76954e53be2b39
  custom:scripting/monoscript/fileName/XmlLinkerModel.cs:  -> d4c2817476b9b278a7b7808d61032596
  custom:scripting/monoscript/fileName/NoRetriesPolicy.cs:  -> 6bddf35d9eae3c85a302bee3dfadc9b5
  custom:scripting/monoscript/fileName/SpriteUnlitMasterNode1.cs:  -> 6be95751975c7c45d123cc1d8915dc38
  custom:scripting/monoscript/fileName/IAppleStoreExtendedPurchaseService.cs:  -> e6e9ab8284c00ae4b3a00f6513a058b0
  custom:scripting/monoscript/fileName/IapCoreInitializeCallback.cs:  -> b07d6d768526bd29d08abc71ae434ba5
  custom:scripting/monoscript/fileName/IPurchasedProductInfo.cs:  -> a7bf6e084b02da1c0a1b929918b3adb6
  custom:scripting/monoscript/fileName/TelemetryDiagnosticsInstanceWrapper.cs:  -> e0220bf717ba7b8a39a01fca2d8701e5
  custom:scripting/monoscript/fileName/GradientNode.cs:  -> 54c8cc6b89bd7398a89734fa847640cf
  custom:scripting/monoscript/fileName/IGooglePlayStoreService.cs:  -> 79a61d1e44f0b3f52dd70bb6b5f4085b
  custom:scripting/monoscript/fileName/TaskUpdateBundleInfo.cs:  -> e28714e4a2be4c745cb1baa67b8a80a2
  custom:scripting/monoscript/fileName/StyleSheetEditor.cs:  -> 8092de99eaa5723f89521716e1674c9a
  custom:scripting/monoscript/fileName/AggregateCartValidator.cs:  -> c0d5176c3d54301bbe5c4ef628711315
  custom:scripting/monoscript/fileName/Metrics.cs:  -> ff969a3864869c6435b83c963d65cf34
  custom:scripting/monoscript/fileName/UnloadSceneOperation.cs:  -> 8345287c6aa7b0eea6e8ceeccf043f3f
  custom:scripting/monoscript/fileName/ICoreRenderPipelinePreferencesProvider.cs:  -> 28e38694e52838c88e002871f82edfbe
  custom:scripting/monoscript/fileName/UnityDownloadLocalFileOperation.cs:  -> 4e1c86e3a7116ca893c968a541d88ea3
  custom:scripting/monoscript/fileName/RenderGraphBuilder.cs:  -> a7921dee2b57034479b5a7b9bbd5059b
  custom:scripting/monoscript/fileName/ConstantNode.cs:  -> e387b0da9b0205380637701f5e02f68b
  custom:scripting/monoscript/fileName/YooAssets.cs:  -> 60d5cb420e7f846ea3aea443710d89a8
  custom:scripting/monoscript/fileName/IVivoxTokenProviderInternal.cs:  -> 8f6eac73831e2d88349c636e0c8277cf
  custom:scripting/monoscript/fileName/HableCurve.cs:  -> 0737dbcc090169dd4b4d7b5443698830
  custom:scripting/monoscript/fileName/VolumeProfileEditor.cs:  -> e31778f800440db7a42833bea8e8e35f
  custom:scripting/monoscript/fileName/ProbeIndexOfIndices.cs:  -> 861c90ec7458fcf35ccebbebd3bddb16
  custom:scripting/monoscript/fileName/BuildInterfacesWrapper.cs:  -> aeca1257cd6ce17b667e21eeaeaba2db
  custom:scripting/monoscript/fileName/DefaultCacheFileSystem.cs:  -> 7947eaf885f4181314733ed940985033
  custom:scripting/monoscript/fileName/UniversalAnalytics.cs:  -> 2783930a1bf4097e39dd123c79849146
  custom:scripting/monoscript/fileName/MatrixSplitNode.cs:  -> 79d8d64c073e2bb15ba8788f547d5e93
  custom:scripting/monoscript/fileName/IStoreExtension.cs:  -> 5fff6884ee4d3b0f516612a952843be6
  custom:scripting/monoscript/fileName/RoundedPolygonNode.cs:  -> 0dc0a55cce2a272a8c9856a50419d8e4
  custom:scripting/monoscript/fileName/TaskCreateManifest_SBP.cs:  -> 8b16732bf7d9527bdbcb1cb3d835dadd
  custom:scripting/monoscript/fileName/PassCollection.cs:  -> c2b134f05208ef2dbf196da67f9df956
  custom:scripting/monoscript/fileName/GooglePlayPurchaseCallback.cs:  -> 473e701cd3963a73553c6be687c7aa55
  custom:scripting/monoscript/fileName/AsyncDelayer.cs:  -> 0a5f3bb46eb092b950a9613b9a0db0b9
  custom:scripting/monoscript/fileName/ConversionIndexers.cs:  -> 3effbfa2bc014d1c1000e111395bdb2e
  custom:scripting/monoscript/fileName/DWSFSLoadBundleOperation.cs:  -> 7a7fbc1133ba87d759896194c81cbb1f
  custom:scripting/monoscript/fileName/IEncryptionServices.cs:  -> 330d3bd391d88987f4be1b2c4544637f
  custom:scripting/monoscript/fileName/ThreadingManager.cs:  -> c9fc7fb2e109a60745bd85a84c04e0b5
  custom:scripting/monoscript/fileName/MaterialHeaderScope.cs:  -> 66fa6ce34f46c534702dd8e972146598
  custom:scripting/monoscript/fileName/DWSFSLoadPackageManifestOperation.cs:  -> 7a9ee9b115c2d33f800658b655f5cdb0
  custom:scripting/monoscript/fileName/IGoogleFinishTransactionUseCase.cs:  -> 4500d24e8258a93906b8eecb48788eb3
  custom:scripting/monoscript/fileName/GradientInputMaterialSlot.cs:  -> 20f3f7097efed20cdd57a6e7771b1c88
  custom:scripting/monoscript/fileName/OptionsTabController.cs:  -> fada9b373025ac8b62dfe21aef429994
  custom:scripting/monoscript/fileName/AppleReceiptExtensions.cs:  -> 26042a600c9287848211a87451487c1c
  custom:scripting/monoscript/fileName/UnityWebRequestUtils.cs:  -> f709ddaaeb44d62e1a53fe224983d54c
  custom:scripting/precompiled-assembly-types:Unity.Purchasing.AppleMacosStub:  -> deeb6a4eb13d00ecbae749196ecbbab6
  custom:scripting/monoscript/fileName/DebugFrameTiming.cs:  -> 14137f4640ecd850c2fe21d8a7aed25b
  custom:scripting/monoscript/fileName/GraphDataReadOnly.cs:  -> abb883a327bc322bca2389669bd467bc
  custom:scripting/monoscript/fileName/DependencyTree.cs:  -> 0bd2915409b5c0af8089da1663502e47
  custom:scripting/monoscript/fileName/GooglePlayStoreFetchProductsService.cs:  -> 23fe6631363b7cbfd5b57b4f757f39c4
  custom:scripting/monoscript/fileName/AssetReimportUtils.cs:  -> 61d74a1c5692b83e957fb1d6d69d3ea3
  custom:scripting/monoscript/fileName/AppleStoreImpl.cs:  -> d367d79d109d8cbb418a9ddf5863283d
  custom:scripting/monoscript/fileName/IAPAndroidDependencies.cs:  -> ad1912e43a52604221f2bc2ef3a89baa
  custom:scripting/monoscript/fileName/ProductFetchFailed.cs:  -> 8fa7c889f5836a1be5d4f3aa88904a2b
  custom:scripting/monoscript/fileName/RoundNode.cs:  -> 9696f40a4fa953c72b630e73f3c0758e
  custom:scripting/monoscript/fileName/ParticlesLitShader.cs:  -> 02f9200aa18adb34b99f90c35e158cfe
  custom:scripting/monoscript/fileName/SGBlackboardRow.cs:  -> 5edce3efa64fd95f51b9abdb7933298a
  custom:scripting/monoscript/fileName/Matrix3Node.cs:  -> cda4b5973c5d501f67a0cbefbe5f1b9b
  custom:scripting/monoscript/fileName/PropertyReference.cs:  -> ae20c6baaea6ee63e39a4884c204e651
  custom:scripting/monoscript/fileName/ProbeVolume.cs:  -> c5dff5f16b984bc7f85121a44a60e634
  custom:scripting/monoscript/fileName/PropertyConnectionStateMaterialSlot.cs:  -> d41f62bb31a0a2883e1949419fd21ac2
  custom:scripting/monoscript/fileName/BoolParameterDrawer.cs:  -> acd73defd122ce58edf7564d9e0a0d58
  custom:scripting/monoscript/fileName/AllAssetsHandle.cs:  -> f791fcab3b3757fb621d9394e5139461
  custom:scripting/monoscript/fileName/Cart.cs:  -> b677ecb14c3f5550c83571de17f7bf57
  custom:scripting/monoscript/fileName/UniversalAdditionalCameraDataEditor.cs:  -> 11c0c8b5874c5f16b1cdd0e8087d53ae
  custom:scripting/monoscript/fileName/FilterWindow.cs:  -> 394ded6255167029db306bfb96e85826
  custom:scripting/monoscript/fileName/ProjectorEditor.cs:  -> cf0713c43328a5e7ab4efefb5790c521
  custom:scripting/monoscript/fileName/GenerateBlocksAttribute.cs:  -> 35348fb252a1322b15ff1df4b4b1cc80
  custom:scripting/monoscript/fileName/IFetchProductsUseCase.cs:  -> 9a9b9f67bc92de5428e3495514ed6236
  custom:scripting/monoscript/fileName/IConditional.cs:  -> 4e50a2a99eb7a5d34fde21d14b736b06
  custom:scripting/monoscript/fileName/ProjectionNode.cs:  -> 0ea3cbf8c98f68bd87545d4f6828ebac
  custom:scripting/monoscript/fileName/MaterialGraphView.cs:  -> 771fa79ddcf5fe535a013bc875c7503e
  custom:scripting/monoscript/fileName/Settings.cs:  -> 5fbff1f116f99aceadd64fed112e4cac
  custom:scripting/monoscript/fileName/GameServicesAnalyticsPackageKeyHolder.cs:  -> b614e00aebf48aecafdabfe91c842c44
  custom:scripting/monoscript/fileName/ParamInfo.cs:  -> 37b81d8dcded8ad4e83f55451dea1dfa
  custom:scripting/monoscript/fileName/CameraSwitcher.cs:  -> 5294375be82a1ad31289f79614bdae50
  custom:scripting/monoscript/fileName/TransformNodePropertyDrawer.cs:  -> bf508639824b499fdde32bcffe909e1b
  custom:scripting/monoscript/fileName/ReflectionNode.cs:  -> ef2347449bea0876b8d868eb1d64f0e0
  custom:scripting/monoscript/fileName/SampleTexture2DNodePropertyDrawer.cs:  -> cbd7b51ebaf6222695c4bb21a810ee62
  custom:scripting/monoscript/fileName/DecalShaderPassNames.cs:  -> 12a9343e2bb320f0b058c2a723c25574
  custom:scripting/monoscript/fileName/SignNode.cs:  -> 9000aa9a27372bf780a63bfbbff2dbc4
  custom:scripting/monoscript/fileName/RenderGraph.cs:  -> 07bc306a3f12e8105847b45c9bc2945c
  custom:scripting/monoscript/fileName/RawFileProvider.cs:  -> feb521f452f3de4479ec4285ea2d9f73
  custom:scripting/monoscript/fileName/SubTargetFilterAttribute.cs:  -> fc4c19d560ec6623c56d9f232bc4720a
  custom:scripting/monoscript/fileName/ForwardRendererData.cs:  -> e4e4f89c0aa1d64001e398798840243f
  custom:scripting/monoscript/fileName/UnityAddressV1.cs:  -> 4d4ba30b341c7e72810f3c36b5914fa5
  custom:scripting/monoscript/fileName/IGatewayTokens.cs:  -> af8d58613a9fd459a444ee8b327072b0
  custom:scripting/monoscript/fileName/ThreeDSMaterialDescriptionPostprocessor.cs:  -> e50dca4cc1f96e36fa8c97ac9bbfbc32
  custom:scripting/monoscript/fileName/IAPButton.cs:  -> af807e6ea484bc6cfbfa11359a894797
  custom:scripting/monoscript/fileName/IGooglePlayStoreFinishTransactionService.cs:  -> 601ee2bcb85b47ffb850468c5034d874
  custom:scripting/monoscript/fileName/ScriptingUnityCallback.cs:  -> bce949de466e3daef3273cde2f7974f6
  custom:scripting/monoscript/fileName/ReporterSummaryViewer.cs:  -> 527356d22505526c0ce22ad235cf3584
  custom:scripting/monoscript/fileName/VolumeStack.cs:  -> 5e9458a733eab2b2ffb9f5f047a8072b
  custom:scripting/monoscript/fileName/SRTabController.cs:  -> 2fe4712c895338ad4d8b3315eb4fa076
  custom:scripting/monoscript/fileName/Texture3DMaterialSlot.cs:  -> 94d951e1822ac26c95b1bb375c96eba7
  custom:scripting/monoscript/fileName/PropertyRow.cs:  -> 96dfe3ec98b9dd304aa0d3bdae367fe0
  custom:scripting/monoscript/fileName/DebugShapes.cs:  -> 0f5f0c5e63940ca68133e9442ede7868
  custom:scripting/monoscript/fileName/GooglePlayStore.cs:  -> eeb616a605679bb5abbe87da58382845
  custom:scripting/monoscript/fileName/UniversalRenderPipelineCameraUI.Environment.Drawers.cs:  -> e5c5f822dc45323aa96fa5499520805d
  custom:scripting/monoscript/fileName/SRMath.cs:  -> d3fa533fc3e9bd0d90d61b544bdf9abb
  custom:scripting/monoscript/fileName/UpgradeCommon.cs:  -> f15f60c9114c7d16e9286b20737a7b9e
  custom:scripting/monoscript/fileName/UniversalRenderPipelineCameraUI.PhysicalCamera.Drawers.cs:  -> e5c5f822dc45323aa96fa5499520805d
  custom:scripting/monoscript/fileName/IInitializablePackage.cs:  -> 7a2afaa327b6f2c8c3b73c00855d936d
  custom:scripting/monoscript/fileName/SetStorePromotionOrderUseCase.cs:  -> 3902465ad85e64d61c1cfd5dc8875d0a
  custom:scripting/monoscript/fileName/Service.cs:  -> 3ff6ee3fe52b8c8595476c69e257eba7
  custom:scripting/monoscript/fileName/AnalyticsOptionsExtensions.cs:  -> 61b53e23187fa8065622d09b0f304596
  custom:scripting/monoscript/fileName/BuildDependencyData.cs:  -> e86421eb6cd5a56c2f29fe865b6f6634
  custom:scripting/monoscript/fileName/SearcherDatabase.cs:  -> f1858298b23b41d91d05b2b3651430a9
  custom:scripting/monoscript/fileName/AssetArtCollector.cs:  -> 14031eeb3de172d1ae89d3bde3b6d1d5
  custom:scripting/monoscript/fileName/GooglePurchasesUpdatedListener.cs:  -> b998e024cf7c3f4541985ef96e68333d
  custom:scripting/monoscript/fileName/IQueryProductDetailsService.cs:  -> 7866f4144a5b4ef651a6afd071a536d9
  custom:scripting/monoscript/fileName/EditorTools.cs:  -> 54e2705aa65d656e6d2098472a2968bc
  custom:scripting/monoscript/fileName/IHasDependencies.cs:  -> 2e592e665f7c2e293020dfb486c69c91
  custom:scripting/monoscript/fileName/UniversalSubTarget.cs:  -> 43c331b0c673e16d204d4fae7f1d9237
  custom:scripting/monoscript/fileName/CompatibilityBuildPipeline.cs:  -> facf82cb07a5c10c38b56a00da8757a5
  custom:scripting/monoscript/fileName/ProductDetailsQueryResponse.cs:  -> ffbe761603b0b135d7917e5d607efde3
  custom:scripting/monoscript/fileName/LoadCachePackageManifestOperation.cs:  -> 83b672cc645de3609777750c4d42d7cd
  custom:scripting/monoscript/fileName/SphericalHarmonics.cs:  -> 567449079ef1753d42e266c142e6290e
  custom:scripting/monoscript/fileName/CameraNode.cs:  -> 4e1a40bcfba783289ce302b19a1348e9
  custom:scripting/monoscript/fileName/PowerOfTwoTextureAtlas.cs:  -> 3ba3e20165127fdc5a5ebaa35e474158
  custom:scripting/monoscript/fileName/KernelDescriptor.cs:  -> 2b38f73a6b6e2e0d6f8a466ad180e617
  custom:scripting/monoscript/fileName/Swap.Extensions.cs:  -> 52877fcefb9a253c373b7035499c43d9
  custom:scripting/monoscript/fileName/CosineNode.cs:  -> 14c244f3c8cd183f99f8c6669c623a18
  custom:scripting/monoscript/fileName/GooglePlayPurchaseUseCase.cs:  -> 7669708dc15de863abb8fcca5c3e2d27
  custom:scripting/monoscript/fileName/ResizeHandle.cs:  -> 423865153d7e364742c8081f04757f0c
  custom:scripting/monoscript/fileName/CatalogDefine.cs:  -> e224e4a1ed8890379cfd234e020e9f58
  custom:scripting/monoscript/fileName/ShaderInput.cs:  -> 4f7adcb1cbe41f826ca50982e9371bf8
  custom:scripting/monoscript/fileName/EventTools.cs:  -> 4a0eb83fb1da5881fedb4248638a4f5c
  custom:scripting/monoscript/fileName/UniversalRenderPipelineCameraEditor.cs:  -> e4cc25f054ce9cc8b8c9083a0c572947
  custom:scripting/monoscript/fileName/EnvironmentSelector.cs:  -> ac21f39d65ed579595edcbd2c9853105
  custom:scripting/monoscript/fileName/DEFSInitializeOperation.cs:  -> 4e7728d7c22dcb19dc98dfe3d28dcd36
  custom:scripting/monoscript/fileName/ProbeReferenceVolumeProfileEditor.cs:  -> 20670612b1fe4329932626dfca1cbf02
  custom:scripting/monoscript/fileName/JsonHelpers.cs:  -> 8837ad713480b6b5528a3b03a0d76fa1
  custom:scripting/monoscript/fileName/IHasMetaData.cs:  -> 82d527f7f039465047891ddb3dfcdac6
  custom:scripting/monoscript/fileName/AbstractMaterialNodePropertyDrawer.cs:  -> 862ed4cd28cd10f07f426a79e61cfb43
  custom:scripting/monoscript/fileName/DefaultCdnConfiguredEndpoint.cs:  -> 624837102d8bef2a2323b0b82727af95
  custom:scripting/monoscript/fileName/LitDetailGUI.cs:  -> cbfe7262251c7a339656a126e396c048
  custom:scripting/monoscript/fileName/PreviewTarget.cs:  -> a871fe751a54066803bfdc5cdd6870ac
  custom:scripting/monoscript/fileName/VolumeComponent.cs:  -> 0ce2900bf4b52691e991c42d8d280291
  custom:scripting/monoscript/fileName/TableViewer.cs:  -> e94e8288c79a8b31bb9d433b2f018257
  custom:scripting/monoscript/fileName/Scope.Gen.cs:  -> 409412ebac5387d01283cada94af8d59
  custom:scripting/monoscript/fileName/AssetBundleCollector.cs:  -> 340da094351ac08c6eb13819e1fa3ab3
  custom:scripting/monoscript/fileName/ICoreServicesEnvironmentObserver.cs:  -> f3466ee4654a053eeb1cb637aef8a9f9
  custom:scripting/monoscript/fileName/Api.cs:  -> c5a926769d26831652fda0bd14facea4
  custom:scripting/monoscript/fileName/TelemetryDiagnostics.cs:  -> bae8e2c0ffc0e9c1c1bfbb11dd328499
  custom:scripting/monoscript/fileName/IManifestProcessServices.cs:  -> 6d8358b78a9fc24570bc0cc0fe2cbf0d
  custom:scripting/monoscript/fileName/HookUtils.cs:  -> 510bff0747bb9dd7e642331a9b2a03e9
  custom:scripting/monoscript/fileName/ShaderPort.cs:  -> 7fd97939fdacfa0dce24311842c128e4
  custom:scripting/monoscript/fileName/SRDebugEditorPaths.cs:  -> b020881c5c469ac3f3db4e8f8547e8ab
  custom:scripting/monoscript/fileName/SwizzleNode.cs:  -> 0e49bc46c0e0dc74105cc17ceb9385a4
  custom:scripting/monoscript/fileName/GooglePlayGetGooglePurchaseUseCase.cs:  -> e13a68a0b50635704d1bfb1c33ab28b0
  custom:scripting/monoscript/fileName/PurchasingManager.cs:  -> 654c36ff389b284523c2fc6f1195ecdc
  custom:scripting/monoscript/fileName/CameraUI.PhysicalCamera.Drawers.cs:  -> 6b931c755be6b8c07068541044964215
  custom:scripting/monoscript/fileName/WhiteBalance.cs:  -> be7d54395248405f5d2b51581be9e126
  custom:scripting/monoscript/fileName/SliderToggleUiHelper.cs:  -> 297bb968c6a98e033483e5885bc5e941
  custom:scripting/monoscript/fileName/DebugDisplaySettingsLighting.cs:  -> edcf44a533b29e2ec41b0b682b2503cf
  custom:scripting/monoscript/fileName/ContextData.cs:  -> cda81a75adde05be9bd72a34135ddcaf
  custom:scripting/monoscript/fileName/GooglePlayStoreConnectionService.cs:  -> fdb5867c836dadc12fc004991fa1c999
  custom:scripting/monoscript/fileName/SineNode.cs:  -> cc4e20e12031d35c791423d6b5e5e10d
  custom:scripting/monoscript/fileName/PropertyDrawerUtils.cs:  -> 03d00631ebf238fcb08a1edbdf63b6f1
  custom:scripting/monoscript/fileName/IGooglePlayStoreFetchPurchasesService.cs:  -> 432ff0eae1144d000c7d1b8c23f54cad
  custom:scripting/monoscript/fileName/IGooglePlayCheckEntitlementUseCase.cs:  -> c39b0ace30163f3249737d21cd72609e
  custom:scripting/monoscript/fileName/UpscalePass.cs:  -> f04142765a018c4accfc027354a73d54
  custom:scripting/monoscript/fileName/CreateDecalProjector.cs:  -> 58783251f74b997887b55103cf477254
  custom:scripting/monoscript/fileName/TransformNode.cs:  -> 3ecc9e3d33116d0323a94d1a46363e3e
  custom:scripting/monoscript/fileName/Orders.cs:  -> 51bbf41b6a036ad1b8c798e4355a29fe
  custom:scripting/monoscript/fileName/ProfilerEnableControl.cs:  -> d40f2da2e9cbfc25425e80e831790021
  custom:scripting/monoscript/fileName/GooglePlay.cs:  -> 99fa3313481130ce7c7fedc1d7aa4f48
  custom:scripting/monoscript/fileName/ITelemetryMetricsService.cs:  -> e7deef348457186cc35eb4bceaa433da
  custom:scripting/monoscript/fileName/MultiJsonInternal.cs:  -> 3c0b2f060df209942444688160b7ba5c
  custom:scripting/monoscript/fileName/SubGraphOutputNode.cs:  -> 6fe55b4e9d6fa7ee82d3177803c9cf20
  custom:scripting/monoscript/fileName/AssetReimporterAnalytic.cs:  -> 271e9f176dc2f7eca5a81de5e2532513
  custom:scripting/monoscript/fileName/IFileSystem.cs:  -> 74ea74b8ee8bd1f11ae839d92649747d
  custom:scripting/monoscript/fileName/FrameTimeSample.cs:  -> 98ec0149754da47d653a2a35157d2b6c
  custom:scripting/monoscript/fileName/ChannelMixer.cs:  -> 29a7974ba92079254cc4293f3aa6eea8
  custom:scripting/monoscript/fileName/UIFakeStoreWindow.cs:  -> 2034fd0f49853004a3bec8d13bc091fc
  custom:scripting/monoscript/fileName/IStore.cs:  -> 928eed7f978a346b4415fc0727c95ad3
  custom:scripting/monoscript/fileName/IAssemblyResolver.cs:  -> 1a95ac70f197d1bb7ab1e7259143551a
  custom:scripting/monoscript/fileName/ToolbarRadio.cs:  -> 2d9edda2c314ac6468f2c36b5c8b82e7
  custom:scripting/monoscript/fileName/TextPropertyDrawer.cs:  -> ccd0a31e0b64d139c72276dafd6663e5
  custom:scripting/monoscript/fileName/IdentifierField.cs:  -> ba1db6fd74ae7e5974297edef3ea4514
  custom:scripting/monoscript/fileName/DebugUIHandlerContainer.cs:  -> c397f0bb423f49300732877230e28fb7
  custom:scripting/monoscript/fileName/IGooglePlayChangeSubscriptionCallback.cs:  -> 9c9ea8bb062f2b1e52c1d710661c7df0
  custom:scripting/monoscript/fileName/DownloadSystemHelper.cs:  -> 5986706f2918944e4e0939c537b565fd
  custom:scripting/monoscript/fileName/MethodReference.cs:  -> d70ae8d32413fac5ff3c5ce6c7fc0314
  custom:scripting/monoscript/fileName/IService.cs:  -> afa2330a6d32be2e7a659227e3bf813e
  custom:scripting/monoscript/fileName/IMayRequireBitangent.cs:  -> b08caf56583e2eb699179b0bc199bd87
  custom:scripting/monoscript/fileName/ShaderDropdown.cs:  -> b823c7dba35329fcebb57ac2e2d54de5
  custom:scripting/monoscript/fileName/ObjectControl.cs:  -> 1725fa4298c6e3f8f1dc864f66c7a71b
  custom:scripting/monoscript/fileName/PragmaDescriptor.cs:  -> 9d5c26b9fa6ff8781c6959af8018c097
  custom:scripting/monoscript/fileName/IndexSet.cs:  -> 54624cd5122f8028a8c9e5bb2553bba7
  custom:scripting/monoscript/fileName/TilingJob.cs:  -> fcefd520702d4857a544bb0d29ca64d9
  custom:scripting/monoscript/fileName/RenderPipelineGlobalSettingsProvider.cs:  -> 0cdf409b5aa8d4c25876d72b5c6a3b60
  custom:scripting/monoscript/fileName/ParticlesSimpleLitShader.cs:  -> ee9c697756b15d8bc41fb5292307453e
  custom:scripting/monoscript/fileName/MissingMetadataChecker.cs:  -> e5759d978f03f34cab6dcc44e37473a7
  custom:scripting/monoscript/fileName/NewRendererFeatureDropdownItem.cs:  -> eec587de03ed933ce350e69c37ca4b1e
  custom:scripting/monoscript/fileName/UxmlLoader.cs:  -> 581e2e6b038aa0ba08f7fcb8925d6620
  custom:scripting/monoscript/fileName/CoreRegistration.cs:  -> afa90de4a402b0848ad8b60755b1ca20
  custom:scripting/monoscript/fileName/TaskCreateCatalog_RFBP.cs:  -> a5dcc2d804468cd6be4565a3e6282627
  custom:scripting/monoscript/fileName/DefaultCacheFileSystemDefine.cs:  -> d4a679c9f77a3df02fc024b03ce98f2d
  custom:scripting/monoscript/fileName/Texture2DAtlas.cs:  -> f139623eb10c0fee049e755db7d6ec35
  custom:scripting/monoscript/fileName/ProductDescription.cs:  -> 98d6bde5a9327caf7c2792cf9a6cc19e
  custom:scripting/monoscript/fileName/DebugOperationInfo.cs:  -> 545977dbb91a3ac825055c0557721e84
  custom:scripting/monoscript/fileName/RangeCoderBit.cs:  -> 06e358cfe7c3079946418dd3c5a7114f
  custom:scripting/monoscript/fileName/TrackerExtensions.cs:  -> 05c6facd03e82ea85ea8497944d142b2
  custom:scripting/monoscript/fileName/IRenderPass2D.cs:  -> 22f80d8c694b210cd0dbd9f73d16ab59
  custom:scripting/monoscript/fileName/UVMaterialSlot.cs:  -> ba2046c9d1e32f8626c04e7842cef85c
  custom:scripting/monoscript/fileName/AssetBundleBuilderHelper.cs:  -> 2601d90396f1debe251aebd49a3c6ea1
  custom:scripting/monoscript/fileName/IGooglePlayStorePurchaseService.cs:  -> 5a7bf407ddda6fee69133d2b2d0aa145
  custom:scripting/monoscript/fileName/IActiveRule.cs:  -> 1643085ec6491bc9f25b88e90cd7e6da
  custom:scripting/monoscript/fileName/TemperatureSlider.cs:  -> b7550a71568f4131d906ef2284c689c4
  custom:scripting/monoscript/fileName/ServicesInitialization.cs:  -> 5bc34492fe95212cc8524c8c7be8ec36
  custom:scripting/monoscript/fileName/RequestWebServerPackageVersionOperation.cs:  -> de87c1f74d14df357fe4dc0cc0d146af
  custom:scripting/monoscript/fileName/UniversalRenderPipelineMaterialUpgrader.cs:  -> 2723767ea06b24e74471b6feaee930f4
  custom:scripting/monoscript/fileName/FilterHotFixAssemblies.cs:  -> c5472d5411db7ccfb2dd5f118e3f56fd
  custom:scripting/monoscript/fileName/DebuggerBundleListViewer.cs:  -> 6804a20c8c2f956f8b7cb4f1f93d6089
  custom:scripting/monoscript/fileName/ComponentSingleton.cs:  -> 90647cc400823b41df847a6cbfc29026
  custom:scripting/monoscript/fileName/IVivox.cs:  -> 6d92ea4b822d1fa7e4b8787c59760673
  custom:scripting/monoscript/fileName/SerializedDataParameter.cs:  -> 3e2448ca9812367b1288bf30d1333255
  custom:scripting/monoscript/fileName/IProfilerService.cs:  -> 849ac2bca877e04905aba1a730525eae
  custom:scripting/monoscript/fileName/ScreenPositionMaterialSlot.cs:  -> e2f37103521a69c5363f998da473cb2d
  custom:scripting/monoscript/fileName/UnityCreateAddressRequest.cs:  -> 231eb736f0a651a8ee21e6aa579173ae
  custom:scripting/monoscript/fileName/GraphCompilationResult.cs:  -> b7780f433eeedb9d65cadcbafe3cd2ac
  custom:scripting/monoscript/fileName/InstantiateOperation.cs:  -> c99894bb55527a5905f6cd8bcbc04e92
  custom:scripting/monoscript/fileName/SROptionsWindow.cs:  -> dbef2cdea053093131ab002fdc79e4e3
  custom:scripting/monoscript/fileName/InvalidCartException.cs:  -> 36fe9c6bfc8df5526c586c2dd181345b
  custom:scripting/monoscript/fileName/UnityListOrganizationFavoriteProjects200Response.cs:  -> 2acfbc626d621e368ef9190462157b7a
  custom:scripting/monoscript/fileName/IntegerNode.cs:  -> d37fcacdfa145e7b30bef149b2aa61c4
  custom:scripting/monoscript/fileName/IDebugDisplaySettings.cs:  -> f5962540ab4017752f24078100d34caa
  custom:scripting/monoscript/fileName/SceneDataWriteOperation.cs:  -> 62fc06a44a6276d74f5ce5527ac1c0e7
  custom:scripting/monoscript/fileName/PatchScriptingAssemblyList.cs:  -> e1ddb8b2f20237abb5e4367a8826af66
  custom:scripting/monoscript/fileName/SampleCubemapNode.cs:  -> 2a89d6c9f350f115f44474e9627075c2
  custom:scripting/monoscript/fileName/CinemachineUniversalPixelPerfect.cs:  -> 903cbf38abc84ca58e56a2f6405aa7bf
  custom:scripting/monoscript/fileName/GoogleCachedQuerySkuDetailsService.cs:  -> b35a1b8f63a66e4ad956d9eeec31455e
  custom:scripting/monoscript/fileName/UniversalRenderPipelineCore.cs:  -> c59ac0445524401d01c5c49167b32a45
  custom:scripting/monoscript/fileName/LightAnchorEditor.cs:  -> a50e8bbfa481761386418d81c5b198ab
  custom:scripting/monoscript/fileName/CreateFullscreenShaderGraph.cs:  -> 082a9061232b0f1c94aa6358683d088b
  custom:scripting/monoscript/fileName/ParametricToFreeformLightUpgrader.cs:  -> 67bb677b1055364f48e2504aefcb5d1f
  custom:scripting/monoscript/fileName/PragmaCollection.cs:  -> f49ba23ecf89e3c13391e892024ef55b
  custom:scripting/monoscript/fileName/UniversalRenderPipelineLightUI.Drawers.cs:  -> f620521d1ce13d1efa4dd8b738d8952e
  custom:scripting/monoscript/fileName/IPlayerId.cs:  -> 8ec284f91dceb8f1818908be17c609b0
  custom:scripting/monoscript/fileName/CoreEditorUtils.cs:  -> 2cd321874a9df82de24a716bb03de51f
  custom:scripting/monoscript/fileName/InclusiveRange.cs:  -> cf9d4e1ac3de176ea5e66898054f3dce
  custom:scripting/monoscript/fileName/BuiltInProperties.cs:  -> f776e75fdeccbdba338b5e3b51ac2624
  custom:scripting/monoscript/fileName/RawBundleLoadSceneOperation.cs:  -> 74cb56fd59d138116b9a455e706f7c86
  custom:scripting/monoscript/fileName/RenderGraphResourceRendererList.cs:  -> 29ecab2620760ec013c65d9464339e03
  custom:scripting/monoscript/fileName/CheckerboardNode.cs:  -> 11e9e444b94aca3564da1fb5e36bfb29
  custom:scripting/monoscript/fileName/Light2DBlendStyle.cs:  -> dea44044fc644cdcf5befb3a5b0308d1
  custom:scripting/monoscript/fileName/AssetBundleReporterWindow.cs:  -> 0bb9d6a34525cd1dbe66c3a7ccc9b4ec
  custom:scripting/monoscript/fileName/IMayRequireVertexSkinning.cs:  -> fbdeca0936f640a3b00a2c27ec2fc9bd
  custom:scripting/monoscript/fileName/NoiseSineWaveNode.cs:  -> 11bcd6b93b816e3a1e4d4c0bf4e53dc7
  custom:scripting/monoscript/fileName/ChannelEnumControl.cs:  -> 4e5c0e330a44ab283f046ed4264a217a
  custom:scripting/monoscript/fileName/BuildParametersContext.cs:  -> 85ba1e232bfdf13003f730e5945f39fc
  custom:scripting/monoscript/fileName/BakedGINode.cs:  -> 8c889cdfde0b3413c4bd31a994d95c18
  custom:scripting/monoscript/fileName/MaterialReferenceBuilder.cs:  -> afd0029bf32be84a56c9c5ff0c32436a
  custom:scripting/monoscript/fileName/GooglePlayStoreSetObfuscatedIdUseCase.cs:  -> 0bd872cd96e21b9af3fbf99788d2415a
  custom:scripting/monoscript/fileName/TelemetryMetricsInstanceWrapper.cs:  -> fb17015f0086f3dfc7740107c5e42187
  custom:scripting/monoscript/fileName/IUnityCallback.cs:  -> 3b166666a315acaac6224777cf02c738
  custom:scripting/monoscript/fileName/GoogleQueryPurchasesUseCase.cs:  -> 6b00e1e867abe3556af2bd6de693a090
  custom:scripting/monoscript/fileName/ISearchCommand.cs:  -> 72b92c439232d46a94248732545f38c4
  custom:scripting/monoscript/fileName/PostWritingCallback.cs:  -> 554018e4e98d586ae4dba2461cc09229
  custom:scripting/monoscript/fileName/UpgradeUtility.cs:  -> 1ac3c4f73787561953f1671efa775278
  custom:scripting/monoscript/fileName/Renderer2DDataEditor.cs:  -> c179025de6e7ef336a14b4e333ddc2b1
  custom:scripting/monoscript/fileName/PropertyFetcher.cs:  -> 32b9fa5b3c3a8930c4d96f5e32f27812
  custom:scripting/monoscript/fileName/SpookyHash.cs:  -> ced234d9ef31626b6b07f6aab873119b
  custom:scripting/monoscript/fileName/VirtualTextureMaterialSlot.cs:  -> 4661c0cba8baf532a724657848aec3d5
  custom:scripting/monoscript/fileName/AssetBundleLoadAllAssetsOperation.cs:  -> 93266aafc6dd7553208eefd37a1eae0a
  custom:scripting/monoscript/fileName/IProductDetailsQueryResponse.cs:  -> 04f3e4ef3706011fd5beb9e3e77dd04f
  custom:scripting/monoscript/fileName/SearcherAdapter.cs:  -> 22d8a8c5cd74915953ae914f15760a91
  custom:scripting/monoscript/fileName/EngineStateHelper.cs:  -> ebfe492ca39645883d66825c2e77f1d0
  custom:scripting/monoscript/fileName/IGoogleLastKnownProductService.cs:  -> 67c4a58b6e055b26d1b755c1b3d41221
  custom:scripting/monoscript/fileName/EnvironmentProvider.cs:  -> e6441984086d3ec4f02dd82b6dec6df1
  custom:scripting/monoscript/fileName/Vector2ShaderProperty.cs:  -> 9f9770fa9be4c0b4173bdcfe7eefe448
  custom:scripting/monoscript/fileName/NetworkingUtils.cs:  -> 91d5abbde19000edd1eff4879df8a43a
  custom:scripting/monoscript/fileName/PostProcessDataEditor.cs:  -> 1ffa10a6977a0783fa88804ce58b3930
  custom:scripting/monoscript/fileName/XRUtils.cs:  -> 109f488ccdd99bac82cce05f64bc94eb
  custom:scripting/monoscript/fileName/CoreMatrixUtils.cs:  -> 0895934330b4ed7720aec5730d22b550
  custom:scripting/monoscript/fileName/CapturePass.cs:  -> 920f6d50e9fc57d6e9af2042fc70a134
  custom:scripting/monoscript/fileName/Renderer2DMenus.cs:  -> 081726ebcaba6fa26eeb5510b82a68a9
  custom:scripting/monoscript/fileName/BuiltinBuildPipeline.cs:  -> 519ec2327a4fd3f29e9802a7fc71b608
  custom:scripting/monoscript/fileName/PackageInitializationInfo.cs:  -> 82c881c6d5f9d1b5f2eba332919bcd1c
  custom:scripting/monoscript/fileName/ProbeVolumeSceneData.cs:  -> 47a90d651b60a1f3cfb01a895624c61b
  custom:scripting/monoscript/fileName/GoogleIAPSettings.cs:  -> 806b23a5324954807de723e6b45db254
  custom:scripting/monoscript/fileName/SliderControl.cs:  -> 0c8b4ccf3de2573793418176380a10ba
  custom:scripting/monoscript/fileName/DecalRendererFeature.cs:  -> 7fd4e95146dac8ba24c448d4bfc9e26b
  custom:scripting/precompiled-assembly-types:Unity.RenderPipelines.Core.Runtime:  -> 304e9e04430772903aaca9825e470dcc
  custom:scripting/monoscript/fileName/DisabledDiagnostics.cs:  -> dca147f0ee6a8cbd3c40d0fb15b26062
  custom:scripting/monoscript/fileName/JsonHelper.cs:  -> 0b5759f67f92e2eb09febb2082aca955
  custom:scripting/monoscript/fileName/ScreenPositionSlotControlView.cs:  -> 52ba4fe72948fdbfa1b4eebe60b89b8a
  custom:scripting/monoscript/fileName/VersionTextBehaviour.cs:  -> 77b153a79e6dd89b5f77d7c4c7119d10
  custom:scripting/monoscript/fileName/AssemblyResolverBase.cs:  -> 09237d18fceb341ef01bda6121a0ebbe
  custom:scripting/monoscript/fileName/HierarchicalBox.cs:  -> f3ec22a8717a2ae7bdfa36e7590c32d4
  custom:scripting/monoscript/fileName/ISetPromotionalPurchaseInterceptorCallbackUseCase.cs:  -> 446d4ec35e5da57c52e16d413f49b54d
  custom:scripting/monoscript/fileName/SRMonoBehaviour.cs:  -> bbae1c976216f1242e15abd51690f7ed
  custom:scripting/monoscript/fileName/ISystemInformationService.cs:  -> 2ae646e53cc974ca9cf47b47666d2536
  custom:scripting/monoscript/fileName/StreamExtensions.cs:  -> 28cdf3f9e9013ed5e39afc809c294114
  custom:scripting/monoscript/fileName/DebugDisplaySettingsMaterial.cs:  -> e920d8432b5ddea41640e73c3741659d
  custom:scripting/monoscript/fileName/EyeIndexNode.cs:  -> fd4257db013ce52dffb32c7be03a3e02
  custom:scripting/monoscript/fileName/DCFSRequestPackageVersionOperation.cs:  -> 27dcc5318a68ca5f8ec8ce53e31f0f17
  custom:scripting/monoscript/fileName/CustomInterpolatorNode.cs:  -> eba846adf68aa9d07b8ade1f70bf60d8
  custom:scripting/monoscript/fileName/MetricsFactory.cs:  -> ff8596a1ccea2041a0c0cfe2841c8f74
  custom:scripting/precompiled-assembly-types:Unity.Services.Core:  -> 6658084c01118ae8f1ea78527e00c6d1
  custom:scripting/monoscript/fileName/IntegerControl.cs:  -> d8c70fd70ba69dc9bf47050189850505
  custom:scripting/monoscript/fileName/IFilterRule.cs:  -> 114c4bc8390d91c769a74824c89018fc
  custom:scripting/monoscript/fileName/ScreenSpaceAmbientOcclusion.cs:  -> 33f9af9068ffa81990363827ca878328
  custom:scripting/monoscript/fileName/StoreConfiguration.cs:  -> b6803b6ebaa77012bd5eb039495e158a
  custom:scripting/monoscript/fileName/ColumnStyle.cs:  -> 9e9e7662ce5b1db5117d9b35bb1ae5cf
  custom:scripting/monoscript/fileName/GenerateSubAssetPathMaps.cs:  -> c7987fa236ddbc39e6da8bcfe285d7c7
  custom:scripting/monoscript/fileName/MaterialGraphPreviewGenerator.cs:  -> 200c9d810b17de26d07ac2112623402d
  custom:scripting/monoscript/fileName/ExtensionProvider.cs:  -> 3502fea3ab0b5d91f07933ac76b7bdda
  custom:scripting/monoscript/fileName/DebugManager.UIState.cs:  -> 32e2b11d150007da9b9deba54dfccf56
  custom:scripting/monoscript/fileName/EnvironmentsClient.cs:  -> 9c80a43488077f46562fa053df484911
  custom:scripting/monoscript/fileName/ComputeDeformNode.cs:  -> 3b3b29334ecc32669d65e2c77426d3d4
  custom:scripting/monoscript/fileName/ReadOnlyObservableCollection.Gen.cs:  -> 90647cc400823b41df847a6cbfc29026
  custom:scripting/monoscript/fileName/TaskCreateReport.cs:  -> c51e52d1873b5b8c493a8c5f12149587
  custom:scripting/monoscript/fileName/Environments.cs:  -> 8b1687fd15649a52827b18b8b452a28f
  custom:scripting/monoscript/fileName/ShaderGraphProjectSettings.cs:  -> aa1c6691754f44e97d764843cf1d257b
  custom:scripting/monoscript/fileName/CinemachineUniversalPixelPerfectEditor.cs:  -> 7d11e16d60080e1975a7c26818c99787
  custom:scripting/monoscript/fileName/UniversalRenderPipelineDebugDisplaySettings.cs:  -> 99026cd83a5f85f31a83ab60de4513f0
  custom:scripting/monoscript/fileName/DepthOfFieldEditor.cs:  -> 26654c26a7156e810e0df5cec6a81a0b
  custom:scripting/monoscript/fileName/BitangentVectorNode.cs:  -> 7bf437345afe6e6128e2e7407fb2d6df
  custom:scripting/monoscript/fileName/PostProcessPasses.cs:  -> 66db08329fb6bf16576e1bd5a06d724f
  custom:scripting/monoscript/fileName/DrawSkyboxPass.cs:  -> 5a01ede0b44c1970396cfdd19dd26b19
  custom:scripting/monoscript/fileName/AssetBundleCollectorGroup.cs:  -> d0ce3bae8756e22de9c0dbed9e289dcd
  custom:scripting/monoscript/fileName/Light2DShape.cs:  -> 90647cc400823b41df847a6cbfc29026
  custom:scripting/monoscript/fileName/TerrainLitShaderGUI.cs:  -> 6b74ebec93297810dadaef24a6414edb
  custom:scripting/monoscript/fileName/PendingOrder.cs:  -> c3c4c9ee3073434ce18a76c37b62ae7b
  custom:scripting/monoscript/fileName/Texture2DMaterialSlot.cs:  -> cf8f9f78cb69e47bd1bc052c4ebb494a
  custom:scripting/monoscript/fileName/ChannelMaskNode.cs:  -> 28ee8d13bd18c5682e02f232c6f9c659
  custom:scripting/monoscript/fileName/VersionedCallbackAttribute.cs:  -> 792d43fefe55909e52271f20ce4bd5db
  custom:scripting/monoscript/fileName/UnityAnalyticsIdentifier.cs:  -> 40be8e11923159cf7c61c72c1a1b26dd
  custom:scripting/monoscript/fileName/TypeCreator.cs:  -> a03bd65d9c8651ddd11e7d565ba1fbf8
  custom:scripting/monoscript/fileName/PurchaseServiceFactoryManager.cs:  -> 293545da52dbbf5f2119ae6ca3a7f812
  custom:scripting/monoscript/fileName/ICart.cs:  -> e1454cbd872a70de8b6155b2613a3e5f
  custom:scripting/monoscript/fileName/InfoBlock.cs:  -> f886edcdbcb0e8c2a4a3895e31cf4f79
  custom:scripting/monoscript/fileName/CreateShaderSubGraph.cs:  -> e1368968d9b1ba5420bc5185345fb2f2
  custom:scripting/monoscript/fileName/IShaderVariantSettings.cs:  -> 24e5727a60448cfdcb943f27e6a3a0b3
  custom:scripting/monoscript/fileName/CRC32Algorithm.cs:  -> 3594ad065012286de7e61521d08462c5
  custom:scripting/monoscript/fileName/FieldDependencies.cs:  -> cb9b7a4c634a2d958acd9864ac95b93f
  custom:scripting/monoscript/fileName/AssemblyReferenceDeepCollector.cs:  -> cd26ff0704b14d281d4932ad85dd008b
  custom:scripting/monoscript/fileName/GenerationUtils.cs:  -> b83836e3901423508484e269abcb894c
  custom:scripting/monoscript/fileName/AsyncOperationBase.cs:  -> d5f9812560fb79ea3017c0507ae5da44
  custom:scripting/monoscript/fileName/TelemetryMetricEvent.cs:  -> 6003f162276564be61bf81b22b349977
  custom:scripting/monoscript/fileName/BuiltInLitGUI.cs:  -> 0c88265a82e7a340c0f06d77842275fc
  custom:scripting/monoscript/fileName/DebugUIHandlerGroup.cs:  -> b77b0af2c2c5f470f87bcd4b1db8db3a
  custom:scripting/monoscript/fileName/UnityUtil.cs:  -> 16803422cd335ad7deec400969fcf0e7
  custom:scripting/monoscript/fileName/BundleInfo.cs:  -> dce79bf3c8f319ce627c0cd1cefab23e
  custom:scripting/monoscript/fileName/ColorControl.cs:  -> fb4c32d0a0c84d794fec928d5e9f1135
  custom:scripting/monoscript/fileName/CombineNode.cs:  -> 6b5a95dc7234dab3949235b4a2690e82
  custom:scripting/monoscript/fileName/ContentFileIdentifiers.cs:  -> 7655f22dc8e01297e0fa51cc343ac6c9
  custom:scripting/monoscript/fileName/IGoogleCachedQueryProductDetailsService.cs:  -> aa377441db632e021a86e3f584d57664
  custom:scripting/monoscript/fileName/IOnEntitlementRevokedCallback.cs:  -> fecefc4a6e2ea9e6dbf577d9f7a8a33c
  custom:scripting/monoscript/fileName/UnityUserOrganizationsV1OrganizationsInner.cs:  -> 440e6e939c241944b318429e561d5df2
  custom:scripting/monoscript/fileName/INativeStoreProvider.cs:  -> d7188877372a4f2aee0fda978da7ca2c
  custom:scripting/monoscript/fileName/PathUtils.Gen.cs:  -> 5ddc0068a1cf521fafc42781cf03a3a9
  custom:scripting/monoscript/fileName/IReadOnlyProductCache.cs:  -> dccad5e90dd8ee16bcc13e1f516667f5
  custom:scripting/monoscript/fileName/IEditorGameServiceRegistry.cs:  -> 4894c70fd515017ae46efb4f44f8b3e2
  custom:scripting/monoscript/fileName/TargetActiveBlockContext.cs:  -> 749a20e3e40ca57ec63a3b3b352a94b2
  custom:scripting/monoscript/fileName/VolumePriorityUsageAnalytic.cs:  -> f4421683766a83f80b86e3a7cc1aa930
  custom:scripting/monoscript/fileName/StoreConnectUseCaseFactory.cs:  -> 571c637d566f68054708a9c165c44389
  custom:scripting/monoscript/fileName/IPinEntryService.cs:  -> bba948565544453861fe975f2a711b32
  custom:scripting/monoscript/fileName/DebugUIHandlerUIntField.cs:  -> e7071b0a0284932a823580ea17c74515
  custom:scripting/monoscript/fileName/RequestFailedException.cs:  -> a9eaec06c59248353e0ced5cdc95723f
  custom:scripting/monoscript/fileName/StoreKitSelector.cs:  -> 45cf0ead5ddc175f953a95114b5d1a95
  custom:scripting/monoscript/fileName/ICloudBackground.cs:  -> 0017a3c3e3896c6649a18e4112750fc0
  custom:scripting/monoscript/fileName/CameraUI.Drawers.cs:  -> 62c57f7d7b389bcaceb7784588d4e5a2
  custom:scripting/monoscript/fileName/ProductMetadata.cs:  -> e2d6172d26c8e63d567c9d5bfeca11f0
  custom:scripting/monoscript/fileName/IConfirmOrderUseCase.cs:  -> 2faa2128b878b5afa7e7693152c706fa
  custom:scripting/monoscript/fileName/AssetPathCell.cs:  -> ea451d4c18b38a1963bc757331986d5e
  custom:scripting/monoscript/fileName/ResponsiveResize.cs:  -> 1e014856db570dd5d7eca24be2c4edb3
  custom:scripting/monoscript/fileName/LightUnitSliderSettings.cs:  -> 4a0e9a3cb6ab785443943c3271b2c3fc
  custom:scripting/monoscript/fileName/CoreEditorStyles.cs:  -> 965c685586909f768e0ab91ae1fb976d
  custom:scripting/monoscript/fileName/CoreLightEditorUtilities.cs:  -> c542d2bc76088ab6610016b0b3929f43
  custom:scripting/monoscript/fileName/XmlLinkedModelsExtensions.cs:  -> 9e8a2b9216079ba87ebfd084960b4ac0
  custom:scripting/monoscript/fileName/XRBuiltinShaderConstants.cs:  -> 7a525c353bab93f527868a08305e550a
  custom:scripting/monoscript/fileName/GoogleBillingClient.cs:  -> 20c10f129f909642a61a54cc1db75f1b
  custom:scripting/monoscript/fileName/BakedLitShader.cs:  -> 71ec01e841dea33f15428f1c8a99d19e
  custom:scripting/monoscript/fileName/DefaultPackRule.cs:  -> 944233ce50afdd285fe5c609caeda279
  custom:scripting/monoscript/fileName/UnityVirtualBundleRequestOperation.cs:  -> 0ce7efead889f1a492894bb599b42a44
  custom:scripting/monoscript/fileName/EditorGameServiceRemoteConfiguration.cs:  -> 0cdf409b5aa8d4c25876d72b5c6a3b60
  custom:scripting/monoscript/fileName/IStoreFactory.cs:  -> d864f9900ba0d1ce66ae9f0d5d5fa161
  custom:scripting/precompiled-assembly-types:StompyRobot.SRDebugger:  -> 267785d9c82c1aafe10b9e6785a33371
  custom:scripting/monoscript/fileName/UnityUploadIconV1201Response.cs:  -> a7cab146027c2f1549f57a603ca22560
  custom:scripting/monoscript/fileName/MinimumNode.cs:  -> 00e99bb6a46142058419ee46b41d066b
  custom:scripting/monoscript/fileName/SketchupMaterialDescriptionPostprocessor.cs:  -> b5dedff1b7287062d614f4bbd8cf5b6a
  custom:scripting/monoscript/fileName/SRDebugEditor.cs:  -> 7110fea4785c22afbfcace852381f874
  custom:scripting/monoscript/fileName/ResourceManager.cs:  -> 2284d22c4877ab4fe83ad66e2e5399ee
  custom:scripting/monoscript/fileName/BuildResults.cs:  -> ea29098741349f66a5c13be22430b91a
  custom:scripting/monoscript/fileName/DecalProjector.cs:  -> 58f32419bc311aadda57d33fb54e8427
  custom:scripting/monoscript/fileName/DisabledDiagnosticsFactory.cs:  -> 92ef54fd2e9d3765db37c6ce29121dc7
  custom:scripting/monoscript/fileName/LensFlareDataSRP.cs:  -> d74f03bc3bb215b784c9572cd65ec236
  custom:scripting/monoscript/fileName/ProductDetailsResponseListener.cs:  -> 3df97f098edeabc4fd8b3a3c8a967bc9
  custom:scripting/monoscript/fileName/EnvironmentSaveSystem.cs:  -> 931610e413c03621f898c65e36f44fc6
  custom:scripting/monoscript/fileName/DownloadVirutalBundleOperation.cs:  -> 0573710326447bd51649ea5b6eaed761
  custom:scripting/monoscript/fileName/AbstractShaderProperty.cs:  -> 42e575e3955fb1dbdd60d6406a9e54b7
  custom:scripting/monoscript/fileName/ComponentRegistry.cs:  -> 2fefa8b1f349de188d35295b3042e694
  custom:scripting/monoscript/fileName/ProbeVolumePerSceneData.cs:  -> 0fd442e730c2b418b3169b6f17bce4b8
  custom:scripting/monoscript/fileName/TypeInfo.cs:  -> d8f2afe3d27a0b6b2d2cc9c3af8d2d30
  custom:scripting/monoscript/fileName/CategoryGroup.cs:  -> 94f291a1d9cb84ecdddc349e914d2bfa
  custom:scripting/monoscript/fileName/IProductServiceFactoryManagerInjectionPoint.cs:  -> 644ca7e3a472305ce299ce0c57a66510
  custom:scripting/monoscript/fileName/EnvironmentsClientFactory.cs:  -> 325dec75592389c16ac743f438f24960
  custom:scripting/monoscript/fileName/ConfigurationCollectionHelper.cs:  -> cb4dac2b34c76624ca64d0ad91214a93
  custom:scripting/monoscript/fileName/ShaderGroup.cs:  -> 446b571d990051314b1a10a4db8f161f
  custom:scripting/monoscript/fileName/EditorPrefBool.cs:  -> 0eb8256aee55d6197550a4587789436f
  custom:scripting/monoscript/fileName/SampleRawCubemapNode.cs:  -> 7a00e8c537ab9e661a34a7953398e3fe
  custom:scripting/monoscript/fileName/UniversalRendererDataEditor.cs:  -> 2d2b58031e061736a955c674d56433d9
  custom:scripting/monoscript/fileName/Vector1MaterialSlot.cs:  -> b992bf5e19631cddcc420202c95b063c
  custom:scripting/monoscript/fileName/DictionaryExtensions.cs:  -> d37b3043b5339f13af7295850374111a
  custom:scripting/monoscript/fileName/HashStream.cs:  -> 79ad716994d62b2c0cafd2bf9cc6c712
  custom:scripting/monoscript/fileName/IDataProvider.cs:  -> 5808751ea91fae8ce97496dac34e4cee
  custom:scripting/monoscript/fileName/SampleTexture2DArrayNode.cs:  -> 8898f303e12e1525bb0ea94e8c59c416
  custom:scripting/monoscript/fileName/AsyncOperationExtensions.cs:  -> 1fabcad386c6a3966bbd7925c1ec32e2
  custom:scripting/monoscript/fileName/ProjectUnlinkBuildWarning.cs:  -> c52465de41a758f7a3babb293254b52b
  custom:scripting/monoscript/fileName/ProductServiceFactoryManager.cs:  -> f9a42766706a48824f5e802b97277c0f
  custom:scripting/monoscript/fileName/AdditionalCommandDescriptor.cs:  -> f7496a649f992e98133fb753e75675fe
  custom:scripting/monoscript/fileName/CodeFunctionNode.cs:  -> 38444eba90d07ddf2880f29697ff4780
  custom:scripting/monoscript/fileName/IProjectStateHelper.cs:  -> 3adea7eb7ff850864d22d07f530e0111
  custom:scripting/monoscript/fileName/RawRenderQueue.cs:  -> 4dc8488c30c0a6f80cb3531fa0d5eb16
  custom:scripting/monoscript/fileName/ColorRGBMaterialSlot.cs:  -> 9c0a536df13dcf6276c2961d9088a844
  custom:scripting/monoscript/fileName/ICloudProjectId.cs:  -> 60ddc28b5a3880441601b503b311a533
  custom:scripting/monoscript/fileName/CustomRenderTextureTarget.cs:  -> ffc3cfb4ff9e382a9f64823f3a67a6b9
  custom:scripting/monoscript/fileName/ProfilerLateUpdateListener.cs:  -> 377e153b613e490aa70106f67c7572fa
  custom:scripting/monoscript/fileName/SliderNode.cs:  -> 373ccdbe736381561cdadc723643c69a
  custom:scripting/monoscript/fileName/ICopyable.Gen.cs:  -> 90647cc400823b41df847a6cbfc29026
  custom:scripting/monoscript/fileName/IHttpClient.cs:  -> 88481d25a1f892f1dc32d0efcddba205
  custom:scripting/monoscript/fileName/ThreadingUtility.cs:  -> 04b3b0b0336f4a10f1d8aa16ba8bb5cf
  custom:scripting/monoscript/fileName/SampleTexture3DNodePropertyDrawer.cs:  -> 785ce8fac288c5de4a7ed5c6aa5a6927
  custom:scripting/monoscript/fileName/CRC.cs:  -> 262efc1832dd7b962accbbba6117f070
  custom:scripting/monoscript/fileName/SortingLayerDropDown.cs:  -> 83a1e93c9cf43389ea74f13e6da87eba
  custom:scripting/monoscript/fileName/ShaderGeneratorMenu.cs:  -> fb26803cd4e0e59f48750b632e730d5d
  custom:scripting/monoscript/fileName/FullScreenPassRendererFeature.migration.cs:  -> 90647cc400823b41df847a6cbfc29026
  custom:scripting/monoscript/fileName/AnalyticsUtils.cs:  -> de4aa1897372684d3a67ac55d8fc7edf
  custom:scripting/monoscript/fileName/CustomTextureSubTarget.cs:  -> 6c544e28901053c6073bd2140cc5d64a
  custom:scripting/monoscript/fileName/BuiltinBuildPipelineViewer.cs:  -> 505d5ede3613d45aa2b1f3d7c00dc2a8
  custom:scripting/monoscript/fileName/StoreManager.cs:  -> 49906d6e56609a59dbf743c821d0cc5a
  custom:scripting/monoscript/fileName/HomePage.cs:  -> 4c4fd55e89ff9417d766263cad98e237
  custom:scripting/monoscript/fileName/VolumesPreferences.cs:  -> e79f4487bbdf3e6d15ac23fcb3663418
  custom:scripting/monoscript/fileName/MultiplyNode.cs:  -> 6e0ca95900a8a046dac52d231151c7f9
  custom:scripting/precompiled-assembly-types:Unity.Services.Core.Networking:  -> 61bebe50ea392373ad9b763369998b02
  custom:scripting/precompiled-assembly-types:Unity.Services.Core.Telemetry:  -> 93d339c2f6637582a5436fa1367ea7d7
  custom:scripting/monoscript/fileName/SerializedPropertyExtension.cs:  -> 7e5b8f797752552513c16dcc873748fb
  custom:scripting/monoscript/fileName/ComparisonNode.cs:  -> 40a113968df3c5bd55837e4b01fcf27f
  custom:scripting/monoscript/fileName/IMetrics.cs:  -> cc4d6b26e54335130aeffb94ca489467
  custom:scripting/monoscript/fileName/IExtensionProvider.cs:  -> 78eb92a47b9d281a28fb99bb67749251
  custom:scripting/monoscript/fileName/AssemblyCacheBase.cs:  -> 887a421cd73a12b79fcaa05b0effe415
  custom:scripting/monoscript/fileName/IGooglePurchaseStateEnumProvider.cs:  -> 5cd668297ee8f6c4bc0b44d845344d92
  custom:scripting/monoscript/fileName/CreateBuiltInShadersBundle.cs:  -> e4f12aa9a6b849b3a7861bf492376679
  custom:scripting/monoscript/fileName/DockConsoleServiceImpl.cs:  -> afb622dfa3c384e4b5c0e783f23103f4
  custom:scripting/monoscript/fileName/DebugUIHandlerVector4.cs:  -> e730343de3ee7ffd5c7a036565d9bcc8
  custom:scripting/monoscript/fileName/DecalEntityManager.cs:  -> 612fb265455e6be3e90401207c4d0a52
  custom:scripting/monoscript/fileName/GooglePlayStorePurchaseService.cs:  -> 0282a1eab602ff8e134bf7f699273bad
  custom:scripting/monoscript/fileName/IEnvironmentService.cs:  -> d28a6fb640eb356196b9c1017c7a0d37
  custom:scripting/monoscript/fileName/GenericMethod.cs:  -> cfb4132ab84d82fba4ed82ef968ccc64
  custom:scripting/monoscript/fileName/DebugUIHandlerButton.cs:  -> 61c34d26760a8cefe50db9d4d4ab21ce
  custom:scripting/monoscript/fileName/LightUI.Drawers.cs:  -> 897b0afb82258a548946ddf4a7dc971e
  custom:scripting/monoscript/fileName/StreamingAssetsConfigurationLoader.cs:  -> 2f115cec9bfe6872856ee4ad61eb2c3f
  custom:scripting/monoscript/fileName/UniversalTarget.cs:  -> d90d73d0d011989c3f55fec21809d54d
  custom:scripting/monoscript/fileName/MousePositionDebug.cs:  -> 5887a423cdfd2ef6af1f8a0932fb76e5
  custom:scripting/monoscript/fileName/Texture2DArrayMaterialSlot.cs:  -> cfd69d4e9ba4e76b2505b371edfe6d4f
  custom:scripting/monoscript/fileName/RenderGraphResourceComputeBuffer.cs:  -> dd25b3a8a214d271176542c4610b14a2
  custom:scripting/monoscript/fileName/StreamFile.cs:  -> c5548603c32bdca81acad3467e7a2274
  custom:scripting/monoscript/fileName/MotionBlurEditor.cs:  -> aa8807bca72fe66afdfe1064174c988c
  custom:scripting/monoscript/fileName/SettingLoader.cs:  -> 5401bb33b9a97d34eddc25226ee86ff2
  custom:scripting/monoscript/fileName/ReorderableSlotListView.cs:  -> 89c7e28f4ec7056d42ef199e11a6ef08
  custom:scripting/monoscript/fileName/IContextObject.cs:  -> fac38ce75c57d87a765e48fb8f4821f9
  custom:scripting/monoscript/fileName/SlotValue.cs:  -> 67d58cf72e626fc76649dbd0fe4680b3
  custom:scripting/monoscript/fileName/UserColors.cs:  -> bf46de9ed288097d88c95c1f06a91caf
  custom:scripting/monoscript/fileName/GetIntroductoryPriceDictionaryUseCase.cs:  -> e9600e25d8413b0805022e6342c4fae2
  custom:scripting/monoscript/fileName/DebugUIHandlerFloatField.cs:  -> 9a767a578a0218192c6245f5d8d0529a
  custom:scripting/monoscript/fileName/MethodReferenceAnalyzer.cs:  -> 690497545a22025f47c40c7f86a47a0e
  custom:scripting/monoscript/fileName/SignatureDefinitions.cs:  -> db2ef2a12a430266c877392c3742935f
  custom:scripting/monoscript/fileName/GameServicesEventActions.cs:  -> 3fb0b095a7ae9818ef746b8cd79a7fa9
  custom:scripting/monoscript/fileName/EnvironmentChangedParameters.cs:  -> 0ad6f60cc0b0e0ea02aed10221f7c8a8
  custom:scripting/monoscript/fileName/KeywordCollection.cs:  -> f7f7ff9c999b98272a701add594b3279
  custom:scripting/monoscript/fileName/StencilExtensions.cs:  -> a7db36dd290a745e21a258e68ca43f85
  custom:scripting/monoscript/fileName/AnimationClipConverter.cs:  -> d61e19628ce1a8999681d712db3a24a3
  custom:scripting/monoscript/fileName/DefaultManifestServices.cs:  -> 4f3aefc506fce0d2b25244fb4d56fc6c
  custom:scripting/monoscript/fileName/NormalFromHeightNode.cs:  -> cd1cc08323a7471dd418cc950a17df96
  custom:scripting/monoscript/fileName/CopyColorPass.cs:  -> dd6b32b2286a5b7226db9c41288f34de
  custom:scripting/monoscript/fileName/DownloadPackageHashOperation.cs:  -> 5ba97f5f7dd98353e46c59c143751d3c
  custom:scripting/monoscript/fileName/FullscreenSubTarget.cs:  -> 985b4bbd5425e43e4aa558a58393bbf2
  custom:scripting/monoscript/fileName/RichEditorWindow.cs:  -> 2d6dc43345787ee3ccbed38b233bec6e
  custom:scripting/monoscript/fileName/DebugUIHandlerVector3.cs:  -> cac992505629e655c98c5350599549ae
  custom:scripting/monoscript/fileName/Matrix2Node.cs:  -> e09158c31c4a574f4954e4a7672813f2
  custom:scripting/monoscript/fileName/CoreDiagnostics.cs:  -> 041dd565425b56b2b823902ba53cfe54
  custom:scripting/monoscript/fileName/FullscreenData.cs:  -> c0d92c9989b2a53b398dec800cc3605f
  custom:scripting/monoscript/fileName/ProbeBrickIndex.cs:  -> e5b6f03771da821363681716a25ef393
  custom:scripting/monoscript/fileName/DisplayNameAttribute.cs:  -> 4953e3fbf7bdb43150fd4e7efbb09dd6
  custom:scripting/monoscript/fileName/IStoreWrapper.cs:  -> 688bc937b138526b7a6c8c072309059e
  custom:scripting/precompiled-assembly-types:HybridCLR.Editor:  -> 802088b0330fd6604014b8e313784b45
  custom:scripting/monoscript/fileName/IManifestRestoreServices.cs:  -> 29f87d48d5e29e69a84a98262049ae02
  custom:scripting/monoscript/fileName/ITelemetryMetricEvent.cs:  -> f88413d473eca9f6383981da92d9d198
  custom:scripting/monoscript/fileName/BranchOnInputConnection.cs:  -> 75397a9a4371077ce03aac03529f97dd
  custom:scripting/monoscript/fileName/Matrix3ShaderProperty.cs:  -> c1fd621c053452425644c809b69b5c6e
  custom:scripting/monoscript/fileName/IntegrityChecking.cs:  -> b019f7fee767c95b90698835202be33c
  custom:scripting/monoscript/fileName/EditorSimulateBuildPipeline.cs:  -> 03d7ffc4d93a94da6e2e7e674a7add25
  custom:scripting/monoscript/fileName/UIElementsIcon.cs:  -> 301defff2949c1597e6a491e4e7d7530
  custom:scripting/monoscript/fileName/ProjectBindRedirectContentUI.cs:  -> ea393b5b63051e326686665efb7ed1d2
  custom:scripting/monoscript/fileName/GenericEditorClickCheckboxEventSenderHelpers.cs:  -> 58a308e792fcf4f449e3296f828e789a
  custom:scripting/monoscript/fileName/ObfuscatorWindow.cs:  -> 0c6fb80775e75554405faa680d14088f
  custom:scripting/monoscript/fileName/EditorWindowWithHelpButton.cs:  -> 7615512044a09ac0b22677cf7e6564f0
  custom:scripting/monoscript/fileName/TimedScope.cs:  -> bf3d0d298d67ce31c0947db19da9f0f8
  custom:scripting/monoscript/fileName/UIFakeStore.cs:  -> c9eff11a006bdd8721497ea68e149ebf
  custom:scripting/monoscript/fileName/SphereMaskNode.cs:  -> d90ce48cae4e046a7a54d828910e4908
  custom:scripting/monoscript/fileName/DebugManagerWidgetUsedAnalytic.cs:  -> cec7972a73f91023c3a95d5af1eaa641
  custom:scripting/monoscript/fileName/LongPressButton.cs:  -> e506cb769485da70040075dc9cb1fae3
  custom:scripting/monoscript/fileName/TelemetryDiagnosticParams.cs:  -> f3283260830606596d4d318f32ae73f0
  custom:scripting/monoscript/fileName/HashExceptions.cs:  -> 0c04f84e29310842caf31699037c2a6f
  custom:scripting/monoscript/fileName/DebuggerTabController.cs:  -> f2c940d32ab3d79ac79388d5e35f2d0d
  custom:scripting/monoscript/fileName/IRectInterface.cs:  -> aacdf0e3bc448efc0f435560577b612e
  custom:scripting/monoscript/fileName/YooAssetSettingsData.cs:  -> e91ab4327dcec67344dcaa6f080710c3
  custom:scripting/monoscript/fileName/LitShader.cs:  -> 8f463c71064bd3499a5cc779017fba0b
  custom:scripting/monoscript/fileName/UniversalSampleBufferNode.cs:  -> b6e3cd57d3ca6159425053087fec5acc
  custom:scripting/monoscript/fileName/ScriptableRendererFeatureProvider.cs:  -> 2dc02f6dc473792095e150775011b011
  custom:scripting/monoscript/fileName/VirtualVerticalLayoutGroup.cs:  -> db22003e656740339f672591b2683cd8
  custom:scripting/monoscript/fileName/ToggleControl.cs:  -> 60d144dcba51798d3da8dbb18341ad2f
  custom:scripting/monoscript/fileName/JSONSerializer.cs:  -> b3875d6067b54667912898896ab5ffd2
  custom:scripting/monoscript/fileName/IUnityServicesInitializationChecker.cs:  -> edfce04d6680d672368ad228daeda240
  custom:scripting/monoscript/fileName/IGooglePlayStoreExtendedService.cs:  -> 8b6b9e0745112346974c08940f45e1d6
  custom:scripting/monoscript/fileName/TaskUpdateBundleInfo_RFBP.cs:  -> a3d605c9af0b4ad3d30ef07c7436ca38
  custom:scripting/monoscript/fileName/StoreConnectUseCase.cs:  -> a387e1de4acf2f7eff1b3792e9ee2964
  custom:scripting/monoscript/fileName/GooglePlayRestoreTransactionUseCase.cs:  -> b3aca8b06ca0c037945a8fb6be325969
  custom:scripting/monoscript/fileName/XRView.cs:  -> 373d34f7d23b6980b61aef09e1a9d67d
  custom:scripting/monoscript/fileName/AssetVersion.cs:  -> af065387ed4d4bee5097608f4dc59ed3
  custom:scripting/monoscript/fileName/IActionScheduler.cs:  -> e5388884c9a263c0b7f149f53626af31
  custom:scripting/monoscript/fileName/SubTarget.cs:  -> a3f994b931efdcf3d37d6bc087efae58
  custom:scripting/monoscript/fileName/DiagnosticsFactory.cs:  -> 3828493052568497f2ccdc68dea8b14c
  custom:scripting/monoscript/fileName/CeilingNode.cs:  -> c744213b34f40b0c63d08f9a48fefa53
  custom:scripting/monoscript/fileName/SquareRootNode.cs:  -> ae648ece4ec71d20cdc21077ea5ced73
  custom:scripting/monoscript/fileName/RenderStateData.cs:  -> 65e890ec971d48bf3fbc43bc2e1e7fba
  custom:scripting/monoscript/fileName/CreateSpriteUnlitShaderGraph.cs:  -> f10cfd32ae2a8da43352deee97dbe059
  custom:scripting/monoscript/fileName/UniversalMetadata.cs:  -> 6c85c4b439fdf38c6ec4786a5b8db2cb
  custom:scripting/monoscript/fileName/ColorspaceConversion.cs:  -> 3ac52b3dfff7b30791c4288e39cb54da
  custom:scripting/precompiled-assembly-types:YooAsset:  -> 52402e6b0d8a2361d536f3c9ea3c0ee7
  custom:scripting/monoscript/fileName/UnityUserOrganizationsV1.cs:  -> 73dafadd41de13ace6058db610522dcd
  custom:scripting/monoscript/fileName/FileSystemParametersDefine.cs:  -> 21866d4e0bb8a7f390f5ffe85bf7c144
  custom:scripting/monoscript/fileName/XmlLinkedProperty.cs:  -> 29784440eed3b7889f0bfe76633cc000
  custom:scripting/monoscript/fileName/FilmGrain.cs:  -> a8455b951551aba24d91984c07373499
  custom:scripting/monoscript/fileName/SimpleCatalogProvider.cs:  -> 36995f5a89b151cbec250e5c090ffad4
  custom:scripting/monoscript/fileName/FSLoadSceneOperation.cs:  -> fa292d9c3923077350551940f799a453
  custom:scripting/monoscript/fileName/SGController.cs:  -> 6ac971b1d1ee160f9776e5a9b10b35da
  custom:scripting/monoscript/fileName/TaskAsyncOperation.cs:  -> deaa3dfd455420a1f0dece4fa000e9b1
  custom:scripting/monoscript/fileName/ConfirmedOrder.cs:  -> 7a6c1ec83b6b4e49edfae806d251384f
  custom:scripting/monoscript/fileName/Light2DAuthoring.cs:  -> 90647cc400823b41df847a6cbfc29026
  custom:scripting/monoscript/fileName/Singleton.Gen.cs:  -> 66c389d1e92bc70efd18b5d3b46f6bca
  custom:scripting/monoscript/fileName/SubAssetsProvider.cs:  -> b3a1f41227d82e6b974ed4e05bdc833a
  custom:scripting/monoscript/fileName/RangeCoderBitTree.cs:  -> 9c9bcec2382c1cf5389d7b7b3434bb88
  custom:scripting/monoscript/fileName/BugReportScreenshotUtil.cs:  -> 7ff7125b04244595375f4978373ac05a
  custom:scripting/monoscript/fileName/AOTReferenceGeneratorCommand.cs:  -> 5ed4e6c42d34faf81966e4b67f5d0013
  custom:scripting/monoscript/fileName/GoogleAcknowledgePurchaseListener.cs:  -> 3a6819ffddf4f425bcaadbfcb87b6952
  custom:scripting/monoscript/fileName/AddNode.cs:  -> 99a7d5a15d18be29ef0817e1cc4abf40
  custom:scripting/precompiled-assembly-types:Unity.Services.Core.Environments.Internal:  -> a94ac62d8b6ab44e5914a671ad4dd355
  custom:scripting/monoscript/fileName/HandleFactory.cs:  -> 465643bf11111d7a34d6756003dd55bf
  custom:scripting/monoscript/fileName/OrganizationHandler.cs:  -> 8e4686813d139f7c9962131a6d917980
  custom:scripting/monoscript/fileName/VerifyFileElement.cs:  -> c524cea6ac9d637c9119b121235b51d5
  custom:scripting/monoscript/fileName/GooglePurchaseBuilder.cs:  -> b104159a7e8202a2e81f612013ce76de
  custom:scripting/monoscript/fileName/DebugCameraServiceImpl.cs:  -> 90e0982bb4fe719c92a726f348be3cef
  custom:scripting/monoscript/fileName/Logging.cs:  -> dd3d661ffaebba62958d74f71aff62b2
  custom:scripting/monoscript/fileName/BlackboardCategoryController.cs:  -> 3eb54254a3b9bee318b1b43744f0e832
  custom:scripting/monoscript/fileName/LinkXMLGenerator.cs:  -> ae9b4e49cd6473e74c6d00b7a9a5576c
  custom:scripting/monoscript/fileName/OSXStoreBindings.cs:  -> 0240e044cb2b5fb3eacfdec682224c93
  custom:scripting/monoscript/fileName/EditorSimulateModeHelper.cs:  -> 219a25b7ea9d0cac067c44f620fd4fd4
  custom:scripting/monoscript/fileName/HashingMethods.cs:  -> 715cdfdde81dd1627a447579d5c1a2a8
  custom:scripting/monoscript/fileName/Texture2DAtlasDynamic.cs:  -> 31643daeb9958a0a8cdbf55cdb90144f
  custom:scripting/monoscript/fileName/EnumPropertyDrawer.cs:  -> ab52acf746d4ae1e3c1dbf50d9edd711
  custom:scripting/monoscript/fileName/GraphData0.cs:  -> 4e5874440c7e3df8ae6441d1bfc7d8db
  custom:scripting/monoscript/fileName/RefDataEnumerable.cs:  -> 0cdf409b5aa8d4c25876d72b5c6a3b60
  custom:scripting/monoscript/fileName/IInternalStore.cs:  -> e04effb782568cd3d6272bc83a81c3a6
  custom:scripting/monoscript/fileName/TelemetryMetricParams.cs:  -> ad96f4c64ea52cf738ef2e2b5f3b2cd8
  custom:scripting/monoscript/fileName/GraphicsSettingsApi.cs:  -> e643b869c2bd158e219684eb7bac7d5a
  custom:scripting/monoscript/fileName/SRInternalEditorUtil.cs:  -> d9898791fe989a4782c55258ca84d039
  custom:scripting/monoscript/fileName/SceneRawWriteOperation.cs:  -> 5a20bbe9c2135f3c677809d25231ee39
  custom:scripting/monoscript/fileName/IIgnoreRule.cs:  -> 6b8d9170df0c8b19bacb9902a191c835
  custom:scripting/monoscript/fileName/AssetBundleCollectorConfig.cs:  -> 2454e6657d702abed0210923290312e5
  custom:scripting/monoscript/fileName/AdditionalPropertiesPreferences.cs:  -> 3198283b161ec5304674eb4bc14c27c6
  custom:scripting/monoscript/fileName/UnityTransferProjectRequest.cs:  -> 160aa9e78d67107dbad79b2602ea5baf
  custom:scripting/monoscript/fileName/IDependencyInjectionService.cs:  -> 914ca6cc99a6ea28ae9b8055f8897c52
  custom:scripting/precompiled-assembly-types:Unity.RenderPipelines.Universal.2D.Internal:  -> 4d03fc9f275d470817b42b6a8a7c3043
  custom:scripting/monoscript/fileName/IAppleStoreExtendedProductService.cs:  -> 660946909a066929b538d6ed19bd03f2
  custom:scripting/monoscript/fileName/ShadowCasterGroup2D.cs:  -> 0ca7bd8a8da122d9ef4a4c9b40177e61
  custom:scripting/monoscript/fileName/SampleTexture2DLODNode.cs:  -> b90e79ac0535e770229358ec9dd0b24d
  custom:scripting/monoscript/fileName/StackPool.cs:  -> 90647cc400823b41df847a6cbfc29026
  custom:scripting/monoscript/fileName/IBillingClientStateListener.cs:  -> 186b48bbe58aff8028a57044c590c01d
  custom:scripting/monoscript/fileName/PrefabPackedIdentifiers.cs:  -> 88eee9e87bb381ef74e5d164ea9612c4
  custom:scripting/monoscript/fileName/ConfigurationBuilder.cs:  -> 21d026e6b3046c882d53c84694d71bf2
  custom:scripting/precompiled-assembly-types:StompyRobot.SRDebugger.Editor:  -> 67d80c6a3f1dad5694b4bd870cb89c59
  custom:scripting/monoscript/fileName/BufferReader.cs:  -> c0ed6a8510ff697c5b0a4888d84fd04c
  custom:scripting/monoscript/fileName/CatalogProvider.cs:  -> 2db63d281b472d7e7513351a730337d6
  custom:scripting/monoscript/fileName/ProductFetchFailureDescription.cs:  -> cd0776127ade1d2b82c989108873867c
  custom:scripting/monoscript/fileName/UniversalRenderPipelineCameraUI.Skin.cs:  -> e5c5f822dc45323aa96fa5499520805d
  custom:scripting/monoscript/fileName/EnvironmentView.cs:  -> eacb7d766ee45d9a07ea107dc0c80ac6
  custom:scripting/monoscript/fileName/AccessTokens.cs:  -> 7f3bd47a4ee3b608248d36969879b607
  custom:scripting/monoscript/fileName/LinkGeneratorCommand.cs:  -> 5a8385830a21b0d060fc981b449f91d1
  custom:scripting/monoscript/fileName/HierarchicalSphere.cs:  -> 33dd18c9974f4503485d40564984db28
  custom:scripting/monoscript/fileName/GenerationAPIAttribute.cs:  -> fca5e4c4754178ef8c2272b3502b7966
  custom:scripting/monoscript/fileName/IAppleExtensions.cs:  -> 1b2bc2ae073b30d40e903df7a0d63194
  custom:scripting/monoscript/fileName/IPinnedOptionsService.cs:  -> 8f81a92f7984bfe1219b84d9a17ea476
  custom:scripting/monoscript/fileName/VolumeAdditionalGizmo.cs:  -> f9ee2381d7eba89616f0b6172a4f1461
  custom:scripting/monoscript/fileName/IUserRoleClient.cs:  -> d3496f158bb376dd3e2c64e54c7c3a7e
  custom:scripting/monoscript/fileName/ResizeSideHandle.cs:  -> c628b98303f6122a4cf4c38b9ce4270a
  custom:scripting/precompiled-assembly-types:Newtonsoft.Json:  -> a784019f7e79cf0f65e748d41d4ceb44
  custom:scripting/monoscript/fileName/RenderGraphResources.cs:  -> 37061c2f5f7894143beb9c0e77e39e55
  custom:scripting/monoscript/fileName/DisplacableRectHandles.cs:  -> 1cb98a149b6820f3a635dc3695193e2b
  custom:scripting/monoscript/fileName/HttpOptions.cs:  -> 99f08410c8743651b2a8fdf6d32f10c4
  custom:scripting/monoscript/fileName/GradientControl.cs:  -> 323bfe3fc3fc416107ea053b9a7c8b0c
  custom:scripting/monoscript/fileName/SubtractNode.cs:  -> 6ffd21b973bc26a88645a8d6bb37479c
  custom:scripting/monoscript/fileName/UniversalStructFields.cs:  -> 28bc149ffb9340eb11e7230fc35cdde3
  custom:scripting/monoscript/fileName/GraphObject.cs:  -> 495846df814ac129cd979629710b945d
  custom:scripting/monoscript/fileName/IGooglePlayStore.cs:  -> 430f78698a0ea90ded4e1193a7c33995
  custom:scripting/monoscript/fileName/GenericEditorClickMenuItemEvent.cs:  -> 2a997550bf0ed42bd152a66bd81a91ce
  custom:scripting/monoscript/fileName/InitializeParameters.cs:  -> 2336742463538825134e9256ff911716
  custom:scripting/monoscript/fileName/LensFlareEditor.cs:  -> 7141c522ebf9958bfe3c3bbc28b1f213
  custom:scripting/monoscript/fileName/GooglePurchase.cs:  -> a0436e6718a5a1030948c2920f046bea
  custom:scripting/precompiled-assembly-types:Unity.Services.Core.Configuration.Editor:  -> 9ec415489f81483910eef61e419cb1d9
  custom:scripting/monoscript/fileName/DefaultShaderIncludes.cs:  -> c799633db67ccea2f71847c02d7df1ba
  custom:scripting/monoscript/fileName/RenderPipelineGlobalSettingsUI.Drawers.cs:  -> 0679449e826e891c094dc0e864842b41
  custom:scripting/monoscript/fileName/AssetBundleCollectorSettingData.cs:  -> 945338802145465243cf852e3b4c83be
  custom:scripting/monoscript/fileName/Vector4ParameterDrawer.cs:  -> 56131359163895f44318af914b8db51e
  custom:scripting/monoscript/fileName/KeywordDescriptor.cs:  -> 3ead088fab00afaf0f68e50aba69dac0
  custom:scripting/monoscript/fileName/StoreConnectionFailureDescription.cs:  -> 7b4d38b21beb97eed0206f3548fe8124
  custom:scripting/monoscript/fileName/UnityOrganizationWithAddressV1.cs:  -> 0255bc6178742cff2a423de9eb51e6a2
  custom:scripting/monoscript/fileName/AnalyticsClient.cs:  -> c4fbf5cee738f4838138abfcc3456320
  custom:scripting/monoscript/fileName/UnityWebRequestExtensions.cs:  -> 358a1820106838470b1cb4cd7e3908ac
  custom:scripting/precompiled-assembly-types:Unity.RenderPipelines.ShaderGraph.ShaderGraphLibrary:  -> 2b0f70078629f68eaf72bd5c996d479d
  custom:scripting/monoscript/fileName/KernelCollection.cs:  -> 2603acf0598cc6c46703f1cf5241be85
  custom:scripting/monoscript/fileName/SRDebuggerInit.cs:  -> df860f11c37daf68e515bb568ce2608d
  custom:scripting/monoscript/fileName/BuiltInToURP2DMaterialUpgrader.cs:  -> 6996ff5a66e1caf3d37af66935568b90
  custom:scripting/monoscript/fileName/SceneDepthNode.cs:  -> d395d2146c43caf5e9e45a338894cc77
  custom:scripting/monoscript/fileName/TaskUpdateBundleInfo_BBP.cs:  -> 955b3f1ca62303e4b2dcaaaec61d12ea
  custom:scripting/monoscript/fileName/ProductServiceProvider.cs:  -> bd9989206df9f681d49e061f54c31582
  custom:scripting/monoscript/fileName/VolumeComponentListEditor.cs:  -> 886928832cf33ebbc49a67caf6e72f85
  custom:scripting/monoscript/fileName/YooLogger.cs:  -> 4350a78c10835e8536afcee8d1d9c98a
  custom:scripting/monoscript/fileName/Matrix3MaterialSlot.cs:  -> 5aba613fcb2fdcd132d5da0335ed1d08
  custom:scripting/monoscript/fileName/RenderStateDataEditor.cs:  -> 9a510e77370ab2a9fc5ebd0b1287cbb9
  custom:scripting/monoscript/fileName/DebugUIHandlerIndirectFloatField.cs:  -> 95b277ed711fe70eace7b31293d272cb
  custom:scripting/monoscript/fileName/UIResourceUtils.cs:  -> 103100b8fbe92e863142414ae78e3e0e
  custom:scripting/monoscript/fileName/IRequiresData.cs:  -> 90647cc400823b41df847a6cbfc29026
  custom:scripting/monoscript/fileName/GraphEditorView.cs:  -> 7ed274a5604e03394582f9448c4a4094
  custom:scripting/monoscript/fileName/PurchaseServiceContainer.cs:  -> fa5bc0edad21e7aa2dba8b67df5ef2cd
  custom:scripting/monoscript/fileName/DivideNode.cs:  -> f5b5aa8a7cdce7f5896a2240e43a17b6
  custom:scripting/monoscript/fileName/TaskCreateReport_RFBP.cs:  -> d93ef517540a8424f0e1fb19ff7157e2
  custom:scripting/monoscript/fileName/ObservableList.cs:  -> 0cdf409b5aa8d4c25876d72b5c6a3b60
  custom:scripting/precompiled-assembly-types:Unity.Purchasing.Utilities:  -> f4b88ca91df51424e670abebceab4e97
  custom:scripting/monoscript/fileName/ContextualMenuDispatcher.cs:  -> 82d0be14d6438f944f384da97473880f
  custom:scripting/monoscript/fileName/TransparentSettingsPass.cs:  -> 6d4820df3759b8854e0acb9778a65ceb
  custom:scripting/monoscript/fileName/ThreadHelper.cs:  -> 1d011737e8133fca1a700a78b9269e43
  custom:scripting/monoscript/fileName/StripUnusedSpriteSources.cs:  -> 8e0de493596d68c81f185a4c7e2ecc3e
  custom:scripting/monoscript/fileName/BuildAssetInfo.cs:  -> d203397ae6d41e030e872b3cb5002cf3
  custom:scripting/monoscript/fileName/TaskCreateCatalog.cs:  -> da137c3122082fee665bf0b0470412f3
  custom:scripting/monoscript/fileName/IUtil.cs:  -> 4f4a6d3a1051ea44a16b3d9a10b76946
  custom:scripting/monoscript/fileName/Edge.cs:  -> 270eeb3545dc302af543cef48dee1505
  custom:scripting/monoscript/fileName/ProgressTracker.cs:  -> 7cf527e59ae90a5de1d1297f2cf5b5d9
  custom:scripting/monoscript/fileName/ModuloNode.cs:  -> 0005d8d462be0bcb49c3fc662377c4c3
  custom:scripting/monoscript/fileName/InspectorViewModel.cs:  -> 0888ac1596555ddb96e64fa2d9a41c78
  custom:scripting/monoscript/fileName/LzOutWindow.cs:  -> 74f7297e0460627d8e16f0eb46a7cdc5
  custom:scripting/monoscript/fileName/StoreServiceContainer.cs:  -> 3464fcdcc1a4b18564f0dc6cba614e42
  custom:scripting/monoscript/fileName/DownloaderOperation.cs:  -> bef40bee7493594727645fc2d0ee71c1
  custom:scripting/monoscript/fileName/LoadingSpinnerBehaviour.cs:  -> 0cf8670775fce51f02c6c6909b98eaeb
  custom:scripting/monoscript/fileName/TaskCreateManifest_ESBP.cs:  -> 8645d33bb6d3480ebe5e1ef7cfee1b24
  custom:scripting/monoscript/fileName/ServicesBehaviour.cs:  -> fc86e18139c2e2cab6df5bf113811eb1
  custom:scripting/monoscript/fileName/RTHandles.cs:  -> f8bd5612a2e588042e75c94d0f90f684
  custom:scripting/monoscript/fileName/ArrayExtensions.cs:  -> 586f3d775bf9cb769bdcc142d72eecd8
  custom:scripting/monoscript/fileName/UVNode.cs:  -> cbb7266edd5ca5b6a2c047332ffaf56b
  custom:scripting/monoscript/fileName/MotionVectorRenderPass.cs:  -> 3b548b4e643436d8d68555909165bd34
  custom:scripting/monoscript/fileName/QualitySettingsApi.cs:  -> 8a81ef3b39ef7374ffa2c64379a5666c
  custom:scripting/monoscript/fileName/UniversalLitSubTarget.cs:  -> ec6df4e9da33e20441f97004d8246055
  custom:scripting/monoscript/fileName/FinalBlitPass.cs:  -> d2df4ae04b3d39b79511312f35168e4f
  custom:scripting/monoscript/fileName/ColorLookup.cs:  -> ea3d4b51349eb2549bfde7baa690c2e3
  custom:scripting/monoscript/fileName/UnityCreateOrganizationRequest.cs:  -> 4cf5c8730ffaa3c5888d236ebc6475fc
  custom:scripting/monoscript/fileName/RemapNode.cs:  -> 570ae176f7e563dd4b3ade9aa62c5a4d
  custom:scripting/monoscript/fileName/GooglePurchasesUpdatedHandler.cs:  -> 59f205a462d633b5d7b72f916d1c3010
  custom:scripting/monoscript/fileName/Platform.cs:  -> 3dec73b58e385eeb1aa8945a90fdd163
  custom:scripting/monoscript/fileName/FieldCollection.cs:  -> 6c9bbaa11690f91d9836da5ff0a30618
  custom:scripting/monoscript/fileName/DrawObjectsPass.cs:  -> 5de04d34b0f72f82b6b3b52267da2cfd
  custom:scripting/monoscript/fileName/EditorGameServiceSettingsProvider.cs:  -> 2cb6ae4d961883e67f3e282b18d40d94
  custom:scripting/monoscript/fileName/SearchCompare.cs:  -> 3d77dbcaae6890f51268b041ea91addd
  custom:scripting/monoscript/fileName/DebugUIHandlerValue.cs:  -> e17a49bd7d7afcbd1140aa8f466d0c60
  custom:scripting/precompiled-assembly-types:Unity.Services.Core.Configuration:  -> f7859697b434adc89f377c95a9589d8a
  custom:scripting/monoscript/fileName/GooglePlayStoreExtendedPurchaseService.cs:  -> 77bbca856eba91a65c6e5f23bf69be1a
  custom:scripting/monoscript/fileName/AndroidDependencies.cs:  -> d9a236ec93b077c6bcbe7a5b859f2237
  custom:scripting/monoscript/fileName/Header.cs:  -> 3af8c9e1238a065a4b960f11e96e9119
  custom:scripting/monoscript/fileName/Light2DCullResult.cs:  -> 7f95a4e02f7f1997ade6c07641883ed2
  custom:scripting/monoscript/fileName/GraphCode.cs:  -> 2f3a13dd45adf62515a891644f26050b
  custom:scripting/monoscript/fileName/SerializedBitArray.cs:  -> 3124f9ab59b458ae8b8667ef2d167f46
  custom:scripting/monoscript/fileName/AssetHandle.cs:  -> d69e051124b2ef5c7ab8c389bbeffd65
  custom:scripting/monoscript/fileName/CopyStrippedAOTAssemblies.cs:  -> 3435d24e191f7983293171b9b404fe99
  custom:scripting/monoscript/fileName/CoreRegistryInitializer.cs:  -> e34ea8cde280e241aa2682bcb33aae4f
  custom:scripting/monoscript/fileName/RetryService.cs:  -> a6f5fbedc394c9bf16a7403245f23431
  custom:scripting/monoscript/fileName/MethodDesc.cs:  -> 938c620779a14a2ce73af3422850400e
  custom:scripting/monoscript/fileName/IEnvironmentProvider.cs:  -> 3109b26c8523241ba567e094603484cc
  custom:scripting/monoscript/fileName/Fixed2.cs:  -> 90647cc400823b41df847a6cbfc29026
  custom:scripting/monoscript/fileName/VolumeComponentEditor.cs:  -> e713fb5ef22374f3d1d0fd6d90d25c83
  custom:scripting/monoscript/fileName/QuaternionPropertyDrawer.cs:  -> 16041442e75d4d955aa971c3c1eeadba
  custom:scripting/monoscript/fileName/IdentityIOneOf.cs:  -> 29de1876e6381d1376e3875f63eb04e7
  custom:scripting/monoscript/fileName/KeywordEntry.cs:  -> bb057a1b8ea36a0cfa9fefa32dca8f9e
  custom:scripting/monoscript/fileName/ShaderGraphRequirementsPerKeyword.cs:  -> 33081336a47a3f3aab4dc88f78e77c53
  custom:scripting/monoscript/fileName/ProgressLoggingTracker.cs:  -> 5d288d40f7eb670174353f8188801c70
  custom:scripting/monoscript/fileName/ScreenSpaceShadows.cs:  -> 2758c0774cb9a8589cda7ba6250c6e25
  custom:scripting/monoscript/fileName/TelemetryMetricDefinition.cs:  -> ee48cf7f8baf4e3657ba63065b48981d
  custom:scripting/monoscript/fileName/ScriptableRendererFeature.cs:  -> 124886b34156ebf075d032bd0cb0c748
  custom:scripting/monoscript/fileName/DEFSLoadPackageManifestOperation.cs:  -> de87452adb2260bc54498de298e7fab1
  custom:scripting/monoscript/fileName/SetPromotionalPurchaseInterceptorCallbackUseCase.cs:  -> ef03daa2707ae31b5fe2f435ea3136eb
  custom:scripting/monoscript/fileName/IBuildResults.cs:  -> 8b5b87d2e7d0fe52b18dffb583edf526
  custom:scripting/monoscript/fileName/MetricizedJsonStore.cs:  -> 1d11bdcef42e641c35e349774127f01a
  custom:scripting/monoscript/fileName/JsonObjectConverter.cs:  -> 38bbb4aa4e7eb125ad2bec69e448a02f
  custom:scripting/monoscript/fileName/DebugWindow.cs:  -> 8c578d72b05b0ea4a8def6cd7527fca9
  custom:scripting/monoscript/fileName/UnityWebRequestHelpers.cs:  -> 0394add6a9f301a01222078b29ac0b18
  custom:scripting/monoscript/fileName/LockedComponentRegistry.cs:  -> ff7d4cf11049af0d186f2bffab21c5d3
  custom:scripting/monoscript/fileName/IServiceFactory.Gen.cs:  -> 5696ff4e8140aef57b36c4052f3bfc23
  custom:scripting/precompiled-assembly-types:YooAsset.Editor:  -> 07a2cae43db0775750d83e9161a62de8
  custom:scripting/monoscript/fileName/AppleAppStore.cs:  -> 7c41cef0d7122556d0a18afbf8d08ab0
  custom:scripting/monoscript/fileName/DefaultUnpackFileSystemDefine.cs:  -> bf0ab1cb14ac438bbc464a428902ffe0
  custom:scripting/monoscript/fileName/ITransactionLog.cs:  -> 2f02eb900e3fb880dedeea373b42d6b7
  custom:scripting/monoscript/fileName/SerializableEnum.cs:  -> b94fa8ae7a3d143cd17fa4f38c0d1da4
  custom:scripting/monoscript/fileName/IUserRoleHandler.cs:  -> 33c258d1966d18e84a25c5d4701ea0a4
  custom:scripting/precompiled-assembly-types:SROptions:  -> fa05decd12cb7fc373dd63540c82f7f1
  custom:scripting/monoscript/fileName/SaturateNode.cs:  -> 699472c06e43bbf995782a88e4317d65
  custom:scripting/monoscript/fileName/ValueTypeSizeAligmentCalculator.cs:  -> e3959dd8d564b00647b4d41014c97683
  custom:scripting/monoscript/fileName/ProjectedTransform.cs:  -> e8c70a79902a9ee523705215afcb1c48
  custom:scripting/monoscript/fileName/SampleVirtualTextureNodePropertyDrawer.cs:  -> ba35fb91682dfcd143a224ae6f509126
  custom:scripting/monoscript/fileName/PurchasingDisabledState.cs:  -> 860bb89923c27ff5ce820f6bc67f43a9
  custom:scripting/monoscript/fileName/SingleProductCartValidator.cs:  -> 4fcb56f91125e77ec2366556e3532a12
  custom:scripting/monoscript/fileName/RenderPipelineResourcesEditor.cs:  -> da12466a77e8246247437b56706dcc8e
  custom:scripting/monoscript/fileName/ColorNode.cs:  -> dc3b622ead159f9b1dbd4b336a7ed5df
  custom:scripting/monoscript/fileName/SRPProfilerService.cs:  -> e0977079cddb8b005399ab167f25cf47
  custom:scripting/monoscript/fileName/ConfigureCanvasFromSettings.cs:  -> 36395b28740af34d15e5284e6b1c1a21
  custom:scripting/monoscript/fileName/LightmappingShaderProperties.cs:  -> 693fbd896015807765d3c0420fada953
  custom:scripting/monoscript/fileName/LoggedOutUiHelper.cs:  -> ded703f4d077a86b901d24f648f694ca
  custom:scripting/monoscript/fileName/Unselectable.cs:  -> 18b75fb9fa13f3dbf47b3c1e4b9c05a1
  custom:scripting/monoscript/fileName/ClusterBuildLayout.cs:  -> 5771ce961e5c856dda3162f7e7866c51
  custom:scripting/monoscript/fileName/EnvironmentLibrary.cs:  -> 81bfe315836a7746628030a8a000f64e
  custom:scripting/monoscript/fileName/ShaderTypes.cs:  -> e00eb414d1aff3089e13ba130e165649
  custom:scripting/monoscript/fileName/ButtonCell.cs:  -> cf139935eb01a103ef7d856a645739d1
  custom:scripting/monoscript/fileName/VolumeProfileFactory.cs:  -> 07cba80e1acee59cfc91e9a2ae5de351
  custom:scripting/monoscript/fileName/RenderTargetBufferSystem.cs:  -> b80a8267c0152605b086cfdbfc262a04
  custom:scripting/monoscript/fileName/FullScreenPassRendererFeature.cs:  -> ebbbef44b80ef5732dbfca6477a48ee1
  custom:scripting/monoscript/fileName/CreateLitShaderGraph.cs:  -> 4a9abcbe297a136b28161ce4354921c4
  custom:scripting/monoscript/fileName/SRReflection.cs:  -> 91ba11d16aab635a4474e52a4aec3ad2
  custom:scripting/monoscript/fileName/SingleValueCell.cs:  -> e4c1b53dbe29c597a2ae5468ceed7ddb
  custom:scripting/monoscript/fileName/IDeserializable.cs:  -> 16d3138d206e866a34233b134f1222b0
  custom:scripting/monoscript/fileName/CollectionBinding.Gen.cs:  -> 90647cc400823b41df847a6cbfc29026
  custom:scripting/monoscript/fileName/ElementResizer.cs:  -> 89881509c81716ab7ffc0211e63b240a
  custom:scripting/monoscript/fileName/FileRegionReplace.cs:  -> a71f8eeb86ac9acb92319e073b486f3c
  custom:scripting/monoscript/fileName/Diagnostics.cs:  -> 310215ddbef3d1759d3801a8f9ab01fa
  custom:scripting/monoscript/fileName/PropertyNodeView.cs:  -> 1f85a7f6237ebd36b9e03a330244de0d
  custom:scripting/monoscript/fileName/DropdownEntry.cs:  -> db5289b6277aa5d447d21aff046b3d05
  custom:scripting/monoscript/fileName/ConsoleEntryView.cs:  -> f07a1aed2103c87702770ca450e36c64
  custom:scripting/precompiled-assembly-types:Unity.RenderPipelines.Universal.Runtime:  -> 51327fdf1d3dd37ea9748aa847a65c87
  custom:scripting/monoscript/fileName/ICheckEntitlementUseCase.cs:  -> 8bdcda38a779e62d5a3b5fae4edc59d0
  custom:scripting/monoscript/fileName/UniversalGlobalSettingsEditor.cs:  -> 0dbb096dcef0ec3726c3a008856dfade
  custom:scripting/monoscript/fileName/ExceptionHelper.cs:  -> 074ec3a4464566a6e9a1f4db3dfb905f
  custom:scripting/monoscript/fileName/IMaySupportVFX.cs:  -> 3166db1a8a7d1f64edbeb3ab405f11c4
  custom:scripting/monoscript/fileName/DebugTriggerImpl.cs:  -> f6a1659df54f4ad000f6433fab1b0bac
  custom:scripting/monoscript/fileName/AmbientNode.cs:  -> e05c8e9760550c6a36e7c15781fa5170
  custom:scripting/monoscript/fileName/MergedObservableCollection.Gen.cs:  -> 90647cc400823b41df847a6cbfc29026
  custom:scripting/monoscript/fileName/AutodeskInteractiveMaterialImport.cs:  -> 50856abf24392c4c5d2da9c5387b8593
  custom:scripting/monoscript/fileName/StoreFactory.cs:  -> af0e5a506fcd07d3c1ae45475d3bf176
  custom:scripting/monoscript/fileName/UniversalRenderPipelineGlobalSettingsUI.Skin.cs:  -> d00c83c73bdf9f6ea37d6ec3ff2c47eb
  custom:scripting/monoscript/fileName/DebugState.cs:  -> 08c6f080780f0e58ab66c0a3e8c209e4
  custom:scripting/monoscript/fileName/ApiSignup.cs:  -> 2b245b743dd8138afd7aa947f7876217
  custom:scripting/precompiled-assembly-types:Unity.RenderPipelines.Universal.Editor:  -> 74627dbabb8f41ca74a3b81c4dc5a57f
  custom:scripting/monoscript/fileName/XRGraphicsAutomatedTests.cs:  -> eae85d88de55e6520580ddb15f4f529f
  custom:scripting/monoscript/fileName/UIFoldoutEditor.cs:  -> d40e3e7b47c78d373d8e78599c52a994
  custom:scripting/monoscript/fileName/IProductServiceFactoryManager.cs:  -> b526762704ad8198e0fe450f116c82b5
  custom:scripting/monoscript/fileName/ChromaticAberration.cs:  -> f10dcfffa6a3b1c56c7d7fa59f896688
  custom:scripting/monoscript/fileName/AllAssetsProvider.cs:  -> e45a25ffca1b2b74a053b06088778364
  custom:scripting/monoscript/fileName/NativeStoreProvider.cs:  -> 1b89953a239f96888a298402e6dcfddd
  custom:scripting/monoscript/fileName/IStoreController.cs:  -> b66e385b4e42719d92eeb1df6e5afbae
  custom:scripting/monoscript/fileName/PropertyUtil.cs:  -> 77e9d16978431b3c694e883dcf23240a
  custom:scripting/monoscript/fileName/DebugUIHandlerToggle.cs:  -> 740a014288b306e4dea1a34b1032b829
  custom:scripting/monoscript/fileName/ScriptableBuildPipelineViewer.cs:  -> f5d443d6c9d70df381c583dee6b2d8f7
  custom:scripting/monoscript/fileName/StatusCodePolicyConfig.cs:  -> a90864f22acd00607534d01b8dae197f
  custom:scripting/monoscript/fileName/ProjectBindRedirectProjectSettingsUi.cs:  -> 07a51e74c57a4053931e01d14a91288e
  custom:scripting/monoscript/fileName/CheckEntitlementRequest.cs:  -> 08af6aae415def88d8d6ec03deb91243
  custom:scripting/monoscript/fileName/CompositeShadowCaster2D.cs:  -> 72dbfc4920c84a40ab79844c31969084
  custom:scripting/precompiled-assembly-types:Unity.Services.Core.Environments:  -> b07b1f8809421d1b72991502cdcbc5ac
  custom:scripting/monoscript/fileName/DecalScreenSpaceRenderPass.cs:  -> 77beb08ec35d8b287e6b089970f21705
  custom:scripting/monoscript/fileName/GetGoogleKeyWebRequest.cs:  -> 4f8a8a2e23cce790a3a1cb4a383fa984
  custom:scripting/monoscript/fileName/PurchasingFactory.cs:  -> d00e96b18e9b001774b6c25f707c6d76
  custom:scripting/monoscript/fileName/IWebDecryptionServices.cs:  -> daf85effae63479bca18973d00a09283
  custom:scripting/monoscript/fileName/IProjectInfo.cs:  -> 2c81b6190195adf1450efd9b8f54de95
  custom:scripting/monoscript/fileName/StreamingAssetsUtils.cs:  -> 4a501e19e96ab989552681f7cfe95d3b
  custom:scripting/monoscript/fileName/IMaterialSlotHasValue.cs:  -> 90647cc400823b41df847a6cbfc29026
  custom:scripting/monoscript/fileName/CreateDecalShaderGraph.cs:  -> ec5099a5102d4697f1af494f03484a5b
  custom:scripting/monoscript/fileName/DebugUIHandlerIntField.cs:  -> 086f57d3c5f4df925fc8a9793bf5b625
  custom:scripting/monoscript/fileName/AssetBundleBuilderSetting.cs:  -> 14d987a130caffcba8750597be485f76
  custom:scripting/monoscript/fileName/UniversalRenderPipelineGlobalSettingsProvider.cs:  -> ee8ad9571ec88c11b23849d636beab4f
  custom:scripting/monoscript/fileName/LiftGammaGainEditor.cs:  -> ea063e03bf91f469449d3b904346f0c2
  custom:scripting/monoscript/fileName/PackageInfoNameComparer.cs:  -> ea0f38f3a3ddb0faa351ccba3098624f
  custom:scripting/monoscript/fileName/AssetProvider.cs:  -> 896d71fbeb6d1a475b61a316a8804f02
  custom:scripting/monoscript/fileName/RenderGraphViewer.cs:  -> 26a9115bcc21e5c36ba722be1441e8d1
  custom:scripting/monoscript/fileName/IapListenerMenu.cs:  -> b6a9eec9cfc40ccd4474af463ac23cec
  custom:scripting/monoscript/fileName/SerializedProbeVolume.cs:  -> 659d623ae1f3fa20040907491cb7a084
  custom:scripting/monoscript/fileName/TriggerRoot.cs:  -> 07e559e64eb8a6540ffccdf7368f7f80
  custom:scripting/monoscript/fileName/IDebugPanelService.cs:  -> c467a84e6c7efc7af216e766c941d70b
  custom:scripting/monoscript/fileName/PackageInvokeBuilder.cs:  -> f77ad40907990c1a9cc10544c231eca9
  custom:scripting/monoscript/fileName/UnityWebRequestHelper.cs:  -> 2e5cbc5c38937ccdc5de3700aaa6f529
  custom:scripting/monoscript/fileName/AndroidJavaObjectExtensions.cs:  -> add5cc00a80daa1168301271b90d3228
  custom:scripting/monoscript/fileName/DeferredOrder.cs:  -> 07d7e50b6a262e66f4b10b1e61cb03b8
  custom:scripting/precompiled-assembly-types:Unity.Services.Core.Analytics:  -> 7e90522691a1ed8cc152d6a40d3f03b4
  custom:scripting/monoscript/fileName/SRDebug.cs:  -> f47513c1b435b0eea8ff2fe699fcf8d9
  custom:scripting/monoscript/fileName/DebugUIHandlerField.cs:  -> 90647cc400823b41df847a6cbfc29026
  custom:scripting/monoscript/fileName/ProbeSubdivisionResult.cs:  -> d41dab42f8f0f436ef0f7c95a7754191
  custom:scripting/monoscript/fileName/ContentPipeline.cs:  -> 0099978ab3154e75ec02b02af05e3647
  custom:scripting/monoscript/fileName/ITelemetryDiagnosticsInstanceWrapper.cs:  -> 64a160dfbb2f472aea7dbe634e128135
  custom:scripting/monoscript/fileName/VolumeParameterDrawer.cs:  -> 4f7ed0dd5606800b0584aa45570acd09
  custom:scripting/monoscript/fileName/RetryPolicy.cs:  -> e04bb42ac963f6250bc780a051aeca72
  custom:scripting/monoscript/fileName/IBuildSpriteData.cs:  -> 70fcaabd919c2d8ed3f211908205c540
  custom:scripting/monoscript/fileName/DefaultActiveRule.cs:  -> f4f24b066cafca515ec1235794c6a806
  custom:scripting/monoscript/fileName/IRetryableRequestFailureDescription.cs:  -> b8f5611be0733021f3a3a95afa4b32d3
  custom:scripting/monoscript/fileName/ScrollToBottomBehaviour.cs:  -> e0d602198f3b63664682a92c28ecb8b3
  custom:scripting/monoscript/fileName/RemoteDebuggerDefine.cs:  -> 480b2d281d14c1369fe528a4e867f72a
  custom:scripting/monoscript/fileName/GooglePlayReceipt.cs:  -> 57581f5c227beeff305d75a03c8535dd
  custom:scripting/monoscript/fileName/LoadEditorPackageManifestOperation.cs:  -> 466cb65ae029295e2cd080f778549e89
  custom:scripting/precompiled-assembly-types:Unity.ShaderGraph.Editor:  -> e5583ca5c76d06856d5040faf37c3999
  custom:scripting/monoscript/fileName/AbstractIAPButtonEditor.cs:  -> bd135a187836d14562af16e8a1ff7bdd
  custom:scripting/monoscript/fileName/BooleanNode.cs:  -> 1d8422a441c52773972a805fe68bbf97
  custom:scripting/monoscript/fileName/BuiltInStructs.cs:  -> d8cfc2348442544723b6903c1220b3fe
  custom:scripting/monoscript/fileName/FileReference.cs:  -> d4471ae463d4e3e8c769104e431a16fa
  custom:scripting/monoscript/fileName/CameraUI.Skin.cs:  -> 6b931c755be6b8c07068541044964215
  custom:scripting/monoscript/fileName/ColorPropertyDrawer.cs:  -> f299dbde1ed48058d7c3a657e2baaace
  custom:scripting/monoscript/fileName/ProbeVolumeUI.Skin.cs:  -> 7801e9e2c1b1a7b2a9bdb93331590558
  custom:scripting/monoscript/fileName/IAnalyticsSender.cs:  -> 27ac0f3c61390701fdd3b82b17bedf22
  custom:scripting/monoscript/fileName/UserRoleHandler.cs:  -> a42f5e4f9979e28831240d76ea709864
  custom:scripting/monoscript/fileName/AllNode.cs:  -> 83b94838bda7348905391e55c215aa61
  custom:scripting/monoscript/fileName/CompatibilityAssetBundleManifest.cs:  -> 8c821441185b5b6a41b701764a9456f7
  custom:scripting/monoscript/fileName/ISGViewModel.cs:  -> 6d5f55b34620b5e6e80de89953ea7619
  custom:scripting/monoscript/fileName/ShaderScriptableStripper.cs:  -> 7090e74b2a714c0e1db14fabf8d8b1b7
  custom:scripting/monoscript/fileName/DebugPackageData.cs:  -> 36103500d03e897f5f8e61a9d83f19fd
  custom:scripting/monoscript/fileName/LoadWebEncryptAssetBundleOperation.cs:  -> 305d19a933ab7aa9b822434fd738ae3a
  custom:scripting/monoscript/fileName/BuildTasksRunner.cs:  -> 6061ed342a325c9c185a4b35bbfe23f3
  custom:scripting/monoscript/fileName/IStoreConnectUseCase.cs:  -> 74fd82209a353e4ab75d1261f76548ee
  custom:scripting/monoscript/fileName/IEnvironmentValidator.cs:  -> bdc1089a446560e3518f7ac97786d874
  custom:scripting/monoscript/fileName/VolumeGizmoDrawer.cs:  -> 8dbc4f9ac43bd980d2e6c851ff7abb4c
  custom:scripting/monoscript/fileName/IGooglePlayStoreExtensions.cs:  -> 81245841bac319538abbb5c991b4ff04
  custom:scripting/monoscript/fileName/BuildExtendedAssetData.cs:  -> 646a6ec8dded2f210e51a6a26a267c53
  custom:scripting/monoscript/fileName/SceneViewDrawMode.cs:  -> 5497929b9b66770dee520eb2f36d3d20
  custom:scripting/monoscript/fileName/HandleManager.cs:  -> a2580792a5a73f464eb68ed8dfb59b85
  custom:scripting/monoscript/fileName/VolumeDebugData.cs:  -> a659127f96dec780ffdf605cb6d789f8
  custom:scripting/monoscript/fileName/RequestPackageVersionOperation.cs:  -> 643c88e19acddade3a8fc22fd926a8dd
  custom:scripting/monoscript/fileName/UnityUserGuestProjectV1.cs:  -> 58ac7a8966d050da82ebd9946d7ad9a7
  custom:scripting/monoscript/fileName/PositionNodePropertyDrawer.cs:  -> d861897e7dc6e5354efb456bec1b85e2
  custom:scripting/monoscript/fileName/AppleFetchProductsService.cs:  -> a9b727f2ef34f38a5745c9bac21064f2
  custom:scripting/monoscript/fileName/IMatchFinder.cs:  -> d68d4c331bbb12356261122e900542b7
  custom:scripting/monoscript/fileName/NeededCoordinateSpace.cs:  -> c0fa3569cde4bce581e19d224b878525
  custom:scripting/monoscript/fileName/IBaseCatalogProvider.cs:  -> e81dd3ea24694dc5d5206f0adba82ca8
  custom:scripting/monoscript/fileName/OperationSystem.cs:  -> 669217e9ff4010ac66741203de2f85b0
  custom:scripting/monoscript/fileName/TitleAttribute.cs:  -> 6053f45d1ef3cb2403c076ab952fed60
  custom:scripting/monoscript/fileName/IStoreServiceFactory.cs:  -> baee9a258fdf6dc1d39baf1598c3a5f8
  custom:scripting/monoscript/fileName/EditorPrefBoolFlags.cs:  -> 90647cc400823b41df847a6cbfc29026
  custom:scripting/monoscript/fileName/DebugProviderInfo.cs:  -> 164444c05af924be7e9e4e58e6b6bfe5
  custom:scripting/monoscript/fileName/KeywordUtil.cs:  -> c019dfc0d535a55189103208d163ebfb
  custom:scripting/monoscript/fileName/CameraUI.Output.Skin.cs:  -> ea37b571f4b5213ec876c626bae4a6c0
  custom:scripting/monoscript/fileName/FailedOrder.cs:  -> 79c18ebdc1af17001fb3ec9762657a24
  custom:scripting/monoscript/fileName/RoundedRectangleNode.cs:  -> e50705491f4f9a5d728ba9e7ecb91ffc
  custom:scripting/monoscript/fileName/TangleObfuscator.cs:  -> e1c3bc3b415aa447f9783445ef0f4ba6
  custom:scripting/monoscript/fileName/ShaderGraphImporter.cs:  -> 73b5f0538c43ad6850fb45b79c67b42e
  custom:scripting/monoscript/fileName/IsolatedJsonConvert.cs:  -> d399be4ef15efaacaf7758f4b29d410e
  custom:scripting/monoscript/fileName/StoreManagerFactoryInjector.cs:  -> e2a3459ea33fe2392db08295fb4bf386
  custom:scripting/monoscript/fileName/DebugUIHandlerColor.cs:  -> cff0ea2688fdd62ca8e6bff81367f8c8
  custom:scripting/monoscript/fileName/MappedObservableCollection.Gen.cs:  -> 90647cc400823b41df847a6cbfc29026
  custom:scripting/monoscript/fileName/AppleValidator.cs:  -> 33b80515aa407ff7d190ec880a00f173
  custom:scripting/monoscript/fileName/IUserIdentifierProvider.cs:  -> dc5eeac839d4cf332ea648a7fdcd39d6
  custom:scripting/monoscript/fileName/XRMirrorView.cs:  -> 4157fb6dd9301a412a4aa8c3f9744bb0
  custom:scripting/monoscript/fileName/BuildProfiler.cs:  -> 20a6883e13cfb1c377baf8d9ad7c7108
  custom:scripting/monoscript/fileName/UniversalRenderPipelineCameraUI.Environment.Skin.cs:  -> 22eba76a03e5e0641146acadd7685f02
  custom:scripting/monoscript/fileName/UnityGetOrganizationMembers200Response.cs:  -> 2a3745ba3cf60a91cc07f675b5cfe7f0
  custom:scripting/monoscript/fileName/UpdatePackageManifestOperation.cs:  -> 8fbd115a2c3697cc171a682a6e2d3961
  custom:scripting/monoscript/fileName/BuildPipelineViewerBase.cs:  -> f7505a1d0911592edb1dfe6630d173c9
  custom:scripting/monoscript/fileName/CoreUtils.cs:  -> a766f7394c434d4d7f520bfa9dc4645e
  custom:scripting/monoscript/fileName/IPurchaseReceipt.cs:  -> 95b73c7aadaca7d6bffdaeab7523f07d
  custom:scripting/monoscript/fileName/ManifestTools.cs:  -> f7c6fac69c839939b0ae10aeb7940ecd
  custom:scripting/monoscript/fileName/BuildMapContext.cs:  -> 269b331ae63a8544dc38a88d077af4cf
  custom:scripting/monoscript/fileName/NormalVectorNode.cs:  -> 8c26b3f4d92270aa40e7b1f481a272f1
  custom:scripting/monoscript/fileName/CloudEnvironmentConfigProvider.cs:  -> 0d9357504beb82cf1f27ae6c7b6ddec2
  custom:scripting/monoscript/fileName/ColorUtils.cs:  -> aba8d09519b8ffb0c53574f67251e4d5
  custom:scripting/monoscript/fileName/BooleanSlotControlView.cs:  -> 553aeada05a3af377a0f1ae2dcdf6079
  custom:scripting/monoscript/fileName/DecalDrawErrorRenderPass.cs:  -> 00a973df3f3a9815109596b62c474bcb
  custom:scripting/monoscript/fileName/PlatformsAndStoresEnabledServiceSettingsBlock.cs:  -> 49f54cabdee8715678a8895d38afc07f
  custom:scripting/monoscript/fileName/LzmaDecoder.cs:  -> 4d0275faf27d81a80e52352c105ec677
  custom:scripting/monoscript/fileName/ShaderGraphUnlitGUI.cs:  -> 949ad8b4b826988a16330143db14807b
  custom:scripting/monoscript/fileName/BinaryReaderExtensions.cs:  -> 4ea1e3e1ac7fadefbadd0f482ab3a6b9
  custom:scripting/monoscript/fileName/UniversalRenderPipelineRenderGraph.cs:  -> dc52930f165f54286f507434ddac078b
  custom:scripting/monoscript/fileName/LoadWebNormalAssetBundleOperation.cs:  -> 4fa267ec186a5f704ce8ea84b4fe9acc
  custom:scripting/monoscript/fileName/RecordFileElement.cs:  -> 96e4e89f258d1eb1cc95ff0bb3595695
  custom:scripting/monoscript/fileName/IServerAccessToken.cs:  -> 5dfd5eddfcd0cafe1db05f4c334820f7
  custom:scripting/monoscript/fileName/Renderer2DAnalytics.cs:  -> 29bce15de83a9c657d8ae8b67ba16e99
  custom:scripting/monoscript/fileName/IBuildContext.cs:  -> 5ff9d28c8d4a4f1b753bc76a607083bf
  custom:scripting/monoscript/fileName/Light2DEditorUtility.cs:  -> 68ed0a2cbc9d80b21fdc38ecaa0f6792
  custom:scripting/monoscript/fileName/UniversalRenderPipelineCameraUI.PresetInspector.cs:  -> f3c0813efca43f2b3e506094e82bf23f
  custom:scripting/monoscript/fileName/HandleBase.cs:  -> 94111d5bb4071aeb66140ec40ef3b579
  custom:scripting/monoscript/fileName/GraphSubWindow.cs:  -> 8f7e7a23862edf1b0150f178eeacaed9
  custom:scripting/monoscript/fileName/PurchasingServiceIdentifier.cs:  -> b6abd54527e8ee2bb83cf0df16c2a6d6
  custom:scripting/monoscript/fileName/RequestRemotePackageVersionOperation.cs:  -> f954c2d788879dcc40f70c7188993c14
  custom:scripting/monoscript/fileName/UniversalRenderPipelineAssetEditor.cs:  -> 51e0f78930256dc81fcbdccf633b45a2
  custom:scripting/monoscript/fileName/Version.cs:  -> 9ad3ab01394e519ec63a8f39ac08c22a
  custom:scripting/monoscript/fileName/ScreenNode.cs:  -> 120bbfb9661c3b1045af17ed7d1bc4cf
  custom:scripting/monoscript/fileName/SpriteLitMasterNode1.cs:  -> 2232a4e080eefdf31b8c76f113fc4b5a
  custom:scripting/monoscript/fileName/ProjectInfo.cs:  -> d289d5cd3d7bbcf9a82d73b4aa756d36
  custom:scripting/monoscript/fileName/UnityCreateProjectRequest.cs:  -> 553b660d315929e3419e6a209f9bb6ab
  custom:scripting/monoscript/fileName/UniversalAdditionalLightDataEditor.cs:  -> e976f329521eaaccbdcab98b6877ddc5
  custom:scripting/monoscript/fileName/ShaderStage.cs:  -> ea8e6b55f20bd649909b7334f2235038
  custom:scripting/monoscript/fileName/PackageInvokeBuildParam.cs:  -> 7d25bd786271a5d5f7777efc28aa98d5
  custom:scripting/monoscript/fileName/DebugUIHandlerFoldout.cs:  -> 6434777e9242f358a264c2e1a166d5b7
  custom:scripting/monoscript/fileName/BoolPropertyDrawer.cs:  -> 9586634d3ceef80c3fe1376f95d9bdb0
  custom:scripting/monoscript/fileName/TaskCreatePackage_SBP.cs:  -> 2b10b481644592908781de5bee8556a0
  custom:scripting/monoscript/fileName/GetGoogleProductMetadataExtension.cs:  -> af622a73444b5596f74fe1c13a70197a
  custom:scripting/monoscript/fileName/ICartValidator.cs:  -> 61ed9a33681cb80a0fdf7a8315d72b04
  custom:scripting/monoscript/fileName/LensFlareDataSRPEditor.cs:  -> ae260090d157cf61fee0bb22c85ca6d6
  custom:scripting/monoscript/fileName/IRefreshAppReceiptUseCase.cs:  -> e866afd1d0975f545dfd27d0689fe4de
  custom:scripting/monoscript/fileName/IGroupItem.cs:  -> bbab023933cb52d4a75f616bb9d89811
  custom:scripting/monoscript/fileName/DebugUIHandlerHBox.cs:  -> 490343c5e0670c38540ab21dbc03d0a7
  custom:scripting/monoscript/fileName/PostDependencyCallback.cs:  -> eb19b86cfe0872246c64c5aa303dec70
  custom:scripting/monoscript/fileName/PrecisionUtil.cs:  -> 3a2f515e7232454cb9ff582b0dece139
  custom:scripting/monoscript/fileName/ProfilerGraphControl.cs:  -> fb1eb7bc833d1fb5e1af5949e0c263d1
  custom:scripting/monoscript/fileName/TreeNode.cs:  -> 6d81f8987db156af841df8aaa5f33243
  custom:scripting/monoscript/fileName/PolarCoordinatesNode.cs:  -> 78e97cdb8a59c7af369c858253ef0fe9
  custom:scripting/monoscript/fileName/GoogleProductMetadata.cs:  -> e968b1a18c23e3a4a5be75f75e501fd5
  custom:scripting/monoscript/fileName/ShaderGraphAssetPostProcessor.cs:  -> 9a73e58e20756e83279de86d8db019b3
  custom:scripting/monoscript/fileName/SearchWindowAdapter.cs:  -> 02a2b676782025564e6f7cf72c15eaa0
  custom:scripting/monoscript/fileName/DecalForwardEmissivePass.cs:  -> 17add92282f2c0038d07d668a07cfba2
  custom:scripting/monoscript/fileName/SampleTexture2DNode.cs:  -> f768cec6b51716c5f96da423e9aea9ab
  custom:scripting/monoscript/fileName/IDebugDisplaySettingsQuery.cs:  -> e6ce1eb5d4950f0433c0947a0f3a6a5c
  custom:scripting/monoscript/fileName/DebugUIHandlerObject.cs:  -> 51493b926f53831f9d389a586ddf409e
  custom:scripting/monoscript/fileName/Vector3MaterialSlot.cs:  -> b7b3026f1ff7f4e22246cf818d8c1782
  custom:scripting/monoscript/fileName/PackageDetail.cs:  -> 1b414a1dc6f18c08a85afd3baf8dac31
  custom:scripting/monoscript/fileName/SplitNode.cs:  -> bb7b8924fe83f6464adcf8b446b9ace9
  custom:scripting/monoscript/fileName/ICopyLocalFileServices.cs:  -> 6e2b5ec36e0845f27968552e016a1928
  custom:scripting/monoscript/fileName/ProbeReferenceVolume.Streaming.cs:  -> 14ec65114600d0196c6247bfcb9633f8
  custom:scripting/monoscript/fileName/DeferredPaymentUntilRenewalDateOrder.cs:  -> b489465eb30e7f3f2270fc9dd191fa00
  custom:scripting/monoscript/fileName/SlotValueTypeUtil.cs:  -> 9b31e56e95c09433b974dd519589f877
  custom:scripting/monoscript/fileName/IGooglePurchasesUpdatedListener.cs:  -> c5c55375f8bcf7f752a1601a41cb5a08
  custom:scripting/monoscript/fileName/Vector4Node.cs:  -> efd729cfe207fda5317fd0959074259f
  custom:scripting/monoscript/fileName/ShadowCascadeGUI.cs:  -> 2cb2120b36a52e12a237aae9e91e22fb
  custom:scripting/monoscript/fileName/RenderObjectsPassFeatureEditor.cs:  -> a0edd9f3b75c211144f34165088ff0b4
  custom:scripting/monoscript/fileName/ExtensibleProductService.cs:  -> a02d05c821bf6d3014f024556cd3865d
  custom:scripting/monoscript/fileName/IStoreConfiguration.cs:  -> 56908c424e0c6c56af0899c26461406a
  custom:scripting/monoscript/fileName/AppleJsonProductDescriptionsDeserializer.cs:  -> feb76f7ec6d59b45c513dbf3a6c8debf
  custom:scripting/monoscript/fileName/ShaderKeyword.cs:  -> 7e10fa48e788f2a9ca448e838d41eae4
  custom:scripting/monoscript/fileName/UnityEnvironmentV1.cs:  -> 1eea8ffdfb5010d89d3ba557b2d50eab
  custom:scripting/monoscript/fileName/Texture3DControl.cs:  -> 89f268dcf2a94db5cc16a9061d576c8e
  custom:scripting/monoscript/fileName/JsonRef.cs:  -> 90647cc400823b41df847a6cbfc29026
  custom:scripting/monoscript/fileName/DebugUI.Panel.cs:  -> 8cd4a9cf945a66d68bf3f9f0a9c51f8e
  custom:scripting/monoscript/fileName/TransformationMatrixNode.cs:  -> 3baaeba44bf124e0b9c641d3a312f5a5
  custom:scripting/monoscript/fileName/GoogleProductTypeEnum.cs:  -> f9f72ce3ac4c43ee460c0132eb6d1371
  custom:scripting/monoscript/fileName/ServiceCollection.Gen.cs:  -> ee70a277f1bc1e6641d018ca44380804
  custom:scripting/monoscript/fileName/ISerializedRenderPipelineGlobalSettings.cs:  -> c1d921b345606d4e846443d4a5f46d14
  custom:scripting/monoscript/fileName/VirtualTextureShaderProperty.cs:  -> 71af8808a119d95417372c6deb7f6e61
  custom:scripting/precompiled-assembly-types:Unity.Searcher.Editor:  -> 6e08cc58a0d3846aad56b26936b9a264
  custom:scripting/monoscript/fileName/DWRFSLoadPackageManifestOperation.cs:  -> 082a366f69989eeba7136be02cb915cc
  custom:scripting/monoscript/fileName/ToggleRecord.cs:  -> 5a1414adcb78e96d8697d3c343f2d7ee
  custom:scripting/monoscript/fileName/GoogleConfigService.cs:  -> e513da03dcb8fa62d11262aade26106f
  custom:scripting/monoscript/fileName/AssetArtScannerConfig.cs:  -> c3d030f5f252eee4d1ef3d23643ef09b
  custom:scripting/monoscript/fileName/GooglePlayStoreFinishTransactionService.cs:  -> 269c050bb28d84008a8df1364e93748f
  custom:scripting/monoscript/fileName/DEFSRequestPackageVersionOperation.cs:  -> 2b043efe9eddac728b7ac341efe36e20
  custom:scripting/monoscript/fileName/ReflectionExtensions.cs:  -> 18deef64260ff7f38d0791626801b560
  custom:scripting/monoscript/fileName/TaskCopyBuildinFiles_SBP.cs:  -> fd41248d60147866f8f7c6be85851162
  custom:scripting/monoscript/fileName/ShaderStrippingReport.cs:  -> 5542a9defb85f2a681dfb801f868d80e
  custom:scripting/monoscript/fileName/ColorRGBSlotControlView.cs:  -> 47393949a40491ebca7d66fbe2be1130
  custom:scripting/monoscript/fileName/LzInWindow.cs:  -> 2a62dc977e6981d8a4130be16326ea5b
  custom:scripting/monoscript/fileName/ApiUtil.cs:  -> 99b447823c825ff0192ce48b0ab9b3fd
  custom:scripting/monoscript/fileName/GatewayTokens.cs:  -> 53270745929a7034c3268a07c13af48c
  custom:scripting/monoscript/fileName/Texture3DShaderProperty.cs:  -> fe2e7085475a591b2d8a7a0478e2404d
  custom:scripting/monoscript/fileName/PinnedArray.cs:  -> 90647cc400823b41df847a6cbfc29026
  custom:scripting/monoscript/fileName/NormalReconstructZNode.cs:  -> 1ec75dc5dde4ca1e4699da923bba6306
  custom:scripting/monoscript/fileName/PurchasesFetchFailureDescription.cs:  -> d72e5a5d45cf2bebbc86e98306923e66
  custom:scripting/monoscript/fileName/RequestWebServerPackageHashOperation.cs:  -> 94cce4343a620a9f3c62cd0a91bb675e
  custom:scripting/monoscript/fileName/CodelessIAPStoreListener.cs:  -> 9f0d2e49342270857820b66073486bf8
  custom:scripting/monoscript/fileName/UniversalFullscreenSubTarget.cs:  -> 92ab1647b268b76f54bd89ada8c6e76d
  custom:scripting/monoscript/fileName/LoadWebServerPackageManifestOperation.cs:  -> 9bfd2633153d1177f9902e964f495509
  custom:scripting/monoscript/fileName/YooAssetsDriver.cs:  -> b9f47c82f00f33a81f10b9f02503abb9
  custom:scripting/monoscript/fileName/AssetDependencyDatabase.cs:  -> f39973ec5a0eb190ba81e22110535af9
  custom:scripting/monoscript/fileName/Render2DLightingPass.cs:  -> b846f12e85949880b8096e8c04ce73df
  custom:scripting/monoscript/fileName/EnumControl.cs:  -> 168a716324366abd2221bfd489b3038f
  custom:scripting/monoscript/fileName/GoogleBillingResult.cs:  -> 681375a9729f6275e891ae481141f56e
  custom:scripting/monoscript/fileName/MatrixNames.cs:  -> ae8a14b06d41d79868ce214701267a70
  custom:scripting/monoscript/fileName/DownloadPackageManifestOperation.cs:  -> 4157092bcb68ba635cc95ef73fb8a36e
  custom:scripting/monoscript/fileName/IShaderPropertyDrawer.cs:  -> 8016b3468bea062c187693dbe94fc480
  custom:scripting/monoscript/fileName/IStoreInternal.cs:  -> 07ad219f52c80c9b7cf89d4c60bbe952
  custom:scripting/monoscript/fileName/VirtualTextureInputMaterialSlot.cs:  -> e41c02373c08cd0f91a0b28b252af957
  custom:scripting/monoscript/fileName/TileLayoutUtils.cs:  -> defa2e88135c81d660ccde9eb7e02db6
  custom:scripting/monoscript/fileName/NormalFromTextureNode.cs:  -> a2846d748b3c243ec56c2c82bfd47b94
  custom:scripting/monoscript/fileName/IGoogleOrderInfo.cs:  -> 2368ccc6acac21d45cd46b415e165c4a
  custom:scripting/monoscript/fileName/AppleStoreExtendedProductService.cs:  -> 8ef66eb15b4e150532a5aeb3284f49a7
  custom:scripting/precompiled-assembly-types:Unity.Services.Core.Registration:  -> 6ff2c253681b1c95fc4436f661813f21
  custom:scripting/monoscript/fileName/ProbeGIBaking.VirtualOffset.cs:  -> 330e56460745b2173b246e880ce62600
  custom:scripting/monoscript/fileName/ConstraintContext.cs:  -> 3f4f0c6cce5ba96dc364c445ff8c451a
  custom:scripting/monoscript/fileName/GraphUtil.cs:  -> 466dfa1fb6f876d5fc9f40e8fca7e0d0
  custom:scripting/monoscript/fileName/ChannelEnumMaskControl.cs:  -> 45fe80850185e23820380f2640f38e98
  custom:scripting/monoscript/fileName/DefaultTableData.cs:  -> cba1772cd7f0d958d6704c8f4b68eb27
  custom:scripting/monoscript/fileName/DitherNode.cs:  -> 42349e7f980412e319f98011c21241d0
  custom:scripting/monoscript/fileName/BakedLitGUI.cs:  -> e4236f9efee9cfa54ad40191b580e882
  custom:scripting/monoscript/fileName/FlipNode.cs:  -> 48bb1c008fa02da183e45f28086a00a6
  custom:scripting/monoscript/fileName/Vector4PropertyDrawer.cs:  -> 5dae06f12781d463895f20a2573fe3a0
  custom:scripting/monoscript/fileName/CopyDepthPass.cs:  -> 47a75ded3bccecab6e253957ca8897b4
  custom:scripting/monoscript/fileName/ShaderGraphRequirements.cs:  -> 6c90d639187e7a2cb4ef2011d914257b
  custom:scripting/monoscript/fileName/IPurchaseServiceFactory.cs:  -> 92f10652b35381878f69ad949e2d4966
  custom:scripting/monoscript/fileName/MethodNotFoundException.Gen.cs:  -> 0dccde8d1181b58956dff819eeec312c
  custom:scripting/monoscript/fileName/PurchaseEventArgs.cs:  -> 8648faca874523d411a8b04662bda917
  custom:scripting/monoscript/fileName/ShaderGraphNodeValidationExtension.cs:  -> 68e3c95119bf1bf0a35f08ff22cf2563
  custom:scripting/monoscript/fileName/IapCatalogServiceSettingsBlock.cs:  -> d55a7df5f084f1c0bd50f0c2d38889ca
  custom:scripting/monoscript/fileName/JsonProductDescriptionsDeserializer.cs:  -> 8b38c20a013df9b265391894690b6dda
  custom:scripting/monoscript/fileName/BuildBundleInfo.cs:  -> 0bcc251c6ff4f2096e2054e4e66df0ff
  custom:scripting/monoscript/fileName/DebugBundleInfo.cs:  -> 3c3daa87edae9c36b83910f39651186d
  custom:scripting/monoscript/fileName/DebugDisplaySettingsVolumes.cs:  -> 648301f134fed44e694cdb6662191ac2
  custom:scripting/monoscript/fileName/FlashGraphic.cs:  -> 388a28080d27ed7e4e1ffa608487f3fb
  custom:scripting/monoscript/fileName/Vector2Node.cs:  -> 27a5f70bf425f3e4ecab79166cac2f10
  custom:scripting/monoscript/fileName/IBuildParameters.cs:  -> 5444d4b7b91f8f230014e0b0f1d671dc
  custom:scripting/monoscript/fileName/PurchasedProductInfo.cs:  -> 3b6c33c87cee031a9825327eca681101
  custom:scripting/monoscript/fileName/IProductDetailsConverter.cs:  -> 81038abc129e64337edd8d5af63adedc
  custom:scripting/monoscript/fileName/MobileMenuController.cs:  -> fbbcb4079cd835e75c77053f4e5c47bd
  custom:scripting/monoscript/fileName/SearcherDatabaseBase.cs:  -> 1176fb177f3ee60ce859aada50e71de2
  custom:scripting/monoscript/fileName/LensDistortion.cs:  -> 78c46b77c9d2be9cf9d26a1329982826
  custom:scripting/monoscript/fileName/CopyBuildinFileOperation.cs:  -> 98584cbf428bdbe6cdda60b6647b66c7
  custom:scripting/monoscript/fileName/DestroyOperation.cs:  -> 54d82add4dc8f437971bf73dd158e5f2
  custom:scripting/monoscript/fileName/IProjectEditorDrawerFactory.cs:  -> 18c5020e4a357b0471f706a6144cefa8
  custom:scripting/monoscript/fileName/UnknownPurchasedProductInfo.cs:  -> 84c6a3317c8f99b68b173980d3cf0c5b
  custom:scripting/monoscript/fileName/SearcherItem.cs:  -> 1109dbb77f9f1b0162720b68baa17e53
  custom:scripting/precompiled-assembly-types:StompyRobot.SRF.Editor:  -> 87f68ec395bdf8914334da3adfdf9fd0
  custom:scripting/monoscript/fileName/UniversalProjectSettings.cs:  -> a132b99b684552d990c508881e8f87e3
  custom:scripting/monoscript/fileName/PackageBundle.cs:  -> defb9c7f42fbf31479311e21b9c3df5d
  custom:scripting/monoscript/fileName/CorePackageRegistry.cs:  -> 3f8b8a1a754bcbf32e1631fc6067b47f
  custom:scripting/monoscript/fileName/IGoogleQueryPurchasesUseCase.cs:  -> 9817f4acf031de0afdc77df2ac098a99
  custom:scripting/monoscript/fileName/IGooglePlayStoreConnectionUseCase.cs:  -> 84c53415c035a770662dc0c5925a4f9e
  custom:scripting/monoscript/fileName/CalculateCustomDependencyData.cs:  -> 60157e862b4f285cab819b205d1dcc68
  custom:scripting/monoscript/fileName/UnityBinFile.cs:  -> ba9a4689be0c24b64e7a6c254442ad50
  custom:scripting/monoscript/fileName/DecalGBufferRenderPass.cs:  -> 1d26cc5e947b4a9e2969f905cdc17cac
  custom:scripting/monoscript/fileName/BuildRunner.cs:  -> b5c505923ad18556774584da2b2da3e9
  custom:scripting/monoscript/fileName/FilmGrainEditor.cs:  -> 6ffdc11d30ac75190313e1ccb3349800
  custom:scripting/monoscript/fileName/UnityOrganizationV1.cs:  -> 202fa32fa70a6d9b0b74b5c00b1b741c
  custom:scripting/monoscript/fileName/RawWriteOperation.cs:  -> 0c25d4a5522f2e528b1c316a8854d37d
  custom:scripting/monoscript/fileName/AssetBundleCollectorSetting.cs:  -> 57c83457b7daa5fd0121a4df9a0b19a8
  custom:scripting/monoscript/fileName/MaximumNode.cs:  -> 3d81206fda4110b751cae570cdd9e099
  custom:scripting/monoscript/fileName/RemoteDebuggerInRuntime.cs:  -> 21d42d4a89472cf260e4b412a8ca80aa
  custom:scripting/monoscript/fileName/ITelemetryMetricsInstanceWrapper.cs:  -> d6734a80d54a1688ed25e59ab3cd7d1a
  custom:scripting/monoscript/fileName/GameObjectExtensions.cs:  -> e37c6143a3610e1b110c0e29f8e9932b
  custom:scripting/monoscript/fileName/IQosResults.cs:  -> b6881487c0f26ab46e2124c1d0e04307
  custom:scripting/monoscript/fileName/BuildPipelineAttribute.cs:  -> 388d09d6fea4a510e427f36a7f57e4e2
  custom:scripting/monoscript/fileName/ISGControlledElement.cs:  -> c98ab0f8fa2c364fe9d6f134861565e6
  custom:scripting/monoscript/fileName/MetaUtil.cs:  -> 530954a23974daf0ea7b9296ca22d4c9
  custom:scripting/monoscript/fileName/ParallaxMappingNode.cs:  -> 2d5d21ef3cc884ce2d0f39560fdb108a
  custom:scripting/monoscript/fileName/CameraUI.PhysicalCamera.Skin.cs:  -> ea37b571f4b5213ec876c626bae4a6c0
  custom:scripting/monoscript/fileName/TelemetryMetricsService.cs:  -> 452a99e5ea1d50d367ea90bc59ee4e5b
  custom:scripting/monoscript/fileName/ScriptingAssembliesJsonPatcher.cs:  -> 40a18daa94b36809d79ffed05219e1df
  custom:scripting/monoscript/fileName/IAccessTokenObserver.cs:  -> b63bda9cbc64f15f0d3427f52571574c
  custom:scripting/monoscript/fileName/MainLightShadowCasterPass.cs:  -> 2e199888ef3c88a8f2d469602d3e5838
  custom:scripting/monoscript/fileName/IObjectDependencyData.cs:  -> dab6b9b0a9d3dcde7acff38a7870ced5
  custom:scripting/monoscript/fileName/DynamicVectorMaterialSlot.cs:  -> 2b2bf75e6117850f940e772416b441ea
  custom:scripting/monoscript/fileName/Vector1Node.cs:  -> 0e338eccfb56abdbd9ec69df71e8d08a
  custom:scripting/monoscript/fileName/IStoreManagerFactoryInjectionPoint.cs:  -> b8da2eb1447f3dd41f91354d86110d04
  custom:scripting/monoscript/fileName/ConfigurationProvider.cs:  -> a62e6900bca7380537f3f8a35a0f8140
  custom:scripting/monoscript/fileName/IExternalUserId.cs:  -> e86cbc4ee2ec705a01d2d8184f1aa316
  custom:scripting/monoscript/fileName/CubemapInputMaterialSlot.cs:  -> 879b4a2537adb12fea356ac2bff015ac
  custom:scripting/monoscript/fileName/GooglePlayStoreService.cs:  -> 4ff9093313804b959a7aed7d72e513f4
  custom:scripting/monoscript/fileName/IInspectable.cs:  -> 5245f36409879a59996fa0e3f92ab12a
  custom:scripting/monoscript/fileName/AssetUtils.cs:  -> f2faf7ad4b4b5b06d49e576afa8ccb42
  custom:scripting/monoscript/fileName/Migrations.cs:  -> 143153bc5c87d76b9d10e24c11ea4d4b
  custom:scripting/monoscript/fileName/RotateAboutAxisNode.cs:  -> 062bed844de8e017e255f954c505ade0
  custom:scripting/monoscript/fileName/IMayRequireMeshUV.cs:  -> a0bceafe344f99e5a953d06e3b2ba490
  custom:scripting/monoscript/fileName/ClampNode.cs:  -> a7c78cfaad14a6e898c8ec2cd969b01e
  custom:scripting/monoscript/fileName/AssertHelpers.cs:  -> 71a7e432bbb25adbd741880130af5059
  custom:scripting/monoscript/fileName/ServicesInitializationEditor.cs:  -> 9a8da73184df77ef11e2b6fd2f04d32d
  custom:scripting/monoscript/fileName/VirtualBundleLoadSubAssetsOperation.cs:  -> 2d65cc8eae565f31f1ac36b3aaad363f
  custom:scripting/monoscript/fileName/BundleFileReader.cs:  -> 777eb5b9322b1ee1e8100460887e213a
  custom:scripting/monoscript/fileName/ShaderGraphLitGUI.cs:  -> 71eb0714530da1c52343ddaac1e574a3
  custom:scripting/monoscript/fileName/ListUtilities.cs:  -> e91fcc1a4b3a626aa6fbbd13c79048a5
  custom:scripting/monoscript/fileName/IEditorGameServiceAnalyticsSender.cs:  -> 16523e3d16356ae30addab5eaf4685a1
  custom:scripting/monoscript/fileName/DefaultUnpackFileSystem.cs:  -> 016f0548d89cd473e21c1faa9171b1ce
  custom:scripting/monoscript/fileName/UniversalRenderPipelineCameraUI.Drawers.cs:  -> f3c0813efca43f2b3e506094e82bf23f
  custom:scripting/monoscript/fileName/ColorAdjustments.cs:  -> 9187868c43e1c335aa960b003e536525
  custom:scripting/monoscript/fileName/CoreAttributes.cs:  -> f03c6ad4dde63ffbf55cfeca716c4c07
  custom:scripting/monoscript/fileName/GenericEditorSelectDropdownEvent.cs:  -> 0ce9632db9420922f68289388eda5a48
  custom:scripting/monoscript/fileName/Preferences.cs:  -> 94e017b2eb5287f154bb9408b15c0487
  custom:scripting/monoscript/fileName/ImageHelper.cs:  -> 725cdaa027b7fb6fdd77c26dce14244f
  custom:scripting/monoscript/fileName/ComponentUtility.cs:  -> 60b97c5fd35dec9b0fd197b6a67852f8
  custom:scripting/monoscript/fileName/StoreServiceDependencyFactoryInjector.cs:  -> 64d5ef741ee99ed5685229e18f4843d1
  custom:scripting/monoscript/fileName/SearchWindowProvider.cs:  -> 3218e4fbbc11b3551df91fd1d225696f
  custom:scripting/monoscript/fileName/PinnedUIRoot.cs:  -> 615b1fc10adf3f903fc78d9d4c3438aa
  custom:scripting/monoscript/fileName/ReporterAssetListViewer.cs:  -> 32c4ff5321e7cb3e5cbfa43c12ff8ae3
  custom:scripting/monoscript/fileName/ReciprocalSquareRootNode.cs:  -> 9ce1a8760dec6764ce4024f8be1d92b4
  custom:scripting/monoscript/fileName/GooglePlayCartValidator.cs:  -> a879e5a97936b33f917b0c12f3618991
  custom:scripting/monoscript/fileName/StoreCreationException.cs:  -> 0a96de4476bcf97c64d2b56314ba5d80
  custom:scripting/monoscript/fileName/SpriteSubTargetUtility.cs:  -> 10dc47c546b3f5dca10cd8f237963a30
  custom:scripting/monoscript/fileName/IRestoreTransactionsUseCase.cs:  -> a2c71d586f2b91080724d91938185db8
  custom:scripting/monoscript/fileName/IEnvironmentId.cs:  -> 26e3448d664cf5b5e38101bfbead1ab4
  custom:scripting/monoscript/fileName/IAnalyticsClient.cs:  -> 383c4d1e4f45238d9fe2632dc893679d
  custom:scripting/monoscript/fileName/VersionCheck.cs:  -> 9365ce0a48e16542902ab4e3e67f4caa
  custom:scripting/monoscript/fileName/IDiagnostics.cs:  -> 57266d83136060880a8bc854151a2f08
  custom:scripting/monoscript/fileName/IUnityServices.cs:  -> abc5b758eed1a2c05dfbb253b9cdf1d6
  custom:scripting/monoscript/fileName/CameraEditorUtils.cs:  -> 9ecb09c6e5e1f3cd8796a420e0060e54
  custom:scripting/monoscript/fileName/PurchaseService.cs:  -> fa71345a65464db33849babc999ebe34
  custom:scripting/monoscript/fileName/TypeMapping.cs:  -> e578f25795269fbf07606248925e8d5c
  custom:scripting/monoscript/fileName/Texture3DAssetNode.cs:  -> e9f924e349ed9ec8670f4117105fb2dc
  custom:scripting/monoscript/fileName/IAppleTransactionSubscriptionInfo.cs:  -> 89e0ae658dbfd8896d754a236e17a2fe
  custom:scripting/monoscript/fileName/IConsoleService.cs:  -> 35dcf38a81e791c113ade901299e0160
  custom:scripting/monoscript/fileName/TelemetryMetricDefinitions.cs:  -> 44b7e14714de02574f46a78ee78817d6
  custom:scripting/monoscript/fileName/BlackbodyNode.cs:  -> 2cbb0202adc8852dde784ba72daffc7b
  custom:scripting/monoscript/fileName/SettingsUIUtils.cs:  -> 611d71542e9444fbdc354f8ce91e9aeb
  custom:scripting/monoscript/fileName/LensFlareComponentSRPEditor.cs:  -> 29c085a3f3fe95ceca1a486a408cee06
  custom:scripting/monoscript/fileName/DBFSLoadBundleOperation.cs:  -> dfe2c916e9107994bb1c6c708dd8b7f9
  custom:scripting/monoscript/fileName/ShaderGraphMaterialsUpdater.cs:  -> 90cdc4d75181a2bd0a24f12f201777aa
  custom:scripting/monoscript/fileName/GoogleExtensions.cs:  -> fbfab0dc7bd39fc1be39750b07e0d0a0
  custom:scripting/monoscript/fileName/IGetIntroductoryPriceDictionaryUseCase.cs:  -> 9e60e58000175e77c421a682742967d8
  custom:scripting/monoscript/fileName/BuiltInFields.cs:  -> 55bdce375a9e879aa17c40288c131a68
  custom:scripting/monoscript/fileName/GatherTexture2DNode.cs:  -> 14267b6db3c1045c368a2ee1372601ac
  custom:scripting/precompiled-assembly-types:HybridCLR.Runtime:  -> e86aa9f9a074b12cb0fcb3b47d4e505f
  custom:scripting/monoscript/fileName/TextureControl.cs:  -> 52e7f4648e3f53963b9180a4a76cecf3
  custom:scripting/monoscript/fileName/GoogleFetchProductException.cs:  -> b6b13634f257b16a4c0ca355d5119cb4
  custom:scripting/monoscript/fileName/TableColumn.cs:  -> 66944686febc32402ad7c3566cb44016
  custom:scripting/monoscript/fileName/SawtoothWaveNode.cs:  -> a04767749f4068d8d2ea1dd9fe867d31
  custom:scripting/monoscript/fileName/BuiltInUnlitSubTarget.cs:  -> cd934080f7c805b6bbd061db48b93788
  custom:scripting/monoscript/fileName/DefaultIgnoreRule.cs:  -> fca3501d5fe5c2be4ac718389c6c3a50
  custom:scripting/monoscript/fileName/PurchaseServiceProvider.cs:  -> 23f1ed4df681a3465f62b3d2fa86ab17
  custom:scripting/monoscript/fileName/IScopedServiceProvider.Gen.cs:  -> a3e3117c2208173e411da686f8072dfc
  custom:scripting/monoscript/fileName/PackageRegistry.cs:  -> 084618e5fb4441b39eee335cbd095e50
  custom:scripting/monoscript/fileName/CameraController.cs:  -> 90f26c7c63924735c23c826b8a781463
  custom:scripting/monoscript/fileName/Target.cs:  -> 4d59880ea1d71addf2977271f44dbb24
  custom:scripting/monoscript/fileName/DebugPanelRoot.cs:  -> 26ef7cb1716defec6125b4bf54134632
  custom:scripting/monoscript/fileName/XmlLinkedAssembly.cs:  -> 997f803bab31374df714b0d6f004c82e
  custom:scripting/monoscript/fileName/OptionsServiceImpl.ReflectionOptionContainer.cs:  -> 7c2e8e5824c2acc58ec8e2145a312c61
  custom:scripting/monoscript/fileName/FixedSetAssemblyResolver.cs:  -> bc66e67d5ce8dcdff74e7a2fd0b2b71c
  custom:scripting/monoscript/fileName/Texture2DInputMaterialSlot.cs:  -> f095c115703cb7bc1c3247deb706bacb
  custom:scripting/monoscript/fileName/IMayRequireCameraOpaqueTexture.cs:  -> 12bfffea18266b1a23ce102521eca097
  custom:scripting/monoscript/fileName/FileVerifyHelper.cs:  -> 9e961402ba3777c3e427fba85dc64906
  custom:scripting/monoscript/fileName/SamplerStateNodePropertyDrawer.cs:  -> 044a23d9afc5313cf8ba9462f9fb3fc3
  custom:scripting/monoscript/fileName/BlockNode.cs:  -> a6e6423167f3cb487458ab4384bcca3b
  custom:scripting/monoscript/fileName/NotNode.cs:  -> f931cfeed3a6ce3f983d1a7764b0aee4
  custom:scripting/monoscript/fileName/InvertColorsNode.cs:  -> 21e5001b17acc89ec931712bf2a25ed9
  custom:scripting/precompiled-assembly-types:PPv2URPConverters:  -> bae848875a35fe96f09fcc9f4e534600
  custom:scripting/monoscript/fileName/SRIntegrityCheckWindow.cs:  -> d1ac639f72a44e3cc88e3bb6284306d8
  custom:scripting/monoscript/fileName/INode.cs:  -> e23b655906be2b9889b714c3007781bb
  custom:scripting/monoscript/fileName/CallNativeMethodSignatureInfo.cs:  -> ec9f40f05b335f1f537028d125d76aa9
  custom:scripting/monoscript/fileName/DependencyInjectionService.cs:  -> b206ec4122e7f1df50902de168d2e25b
  custom:scripting/monoscript/fileName/LinearPackedIdentifiers.cs:  -> f2ab3362c1bcc1efe300438e2ca25a9c
  custom:scripting/monoscript/fileName/VertexIDNode.cs:  -> 278b4af0e1d263c7a6a8330120e8ef67
  custom:scripting/monoscript/fileName/KeywordNode.cs:  -> 69447c6571188bb1a4378849842e6c36
  custom:scripting/monoscript/fileName/PosterizeNode.cs:  -> 22eec0de0b0ff2be25b885d81fc10f30
  custom:scripting/monoscript/fileName/ScriptableRendererDataEditor.cs:  -> 32062b294215fba8256918fc2039f679
  custom:scripting/monoscript/fileName/TimeNode.cs:  -> 228ce4766a99f0761289608e6ed4f9d5
  custom:scripting/monoscript/fileName/LinkedListExtensions.cs:  -> 156dc203829eba42c057d18b60189f4c
  custom:scripting/monoscript/fileName/ShaderGraphDataExtension.cs:  -> a45ecda2d2e7082aa4a437a8997966ae
  custom:scripting/monoscript/fileName/ProductDefinition.cs:  -> 123ea3b5434aef7d1b965bbe1d10784d
  custom:scripting/monoscript/fileName/ReporterBundleListViewer.cs:  -> 0bc1e05d3dfbd9217c18446afc4d2e65
  custom:scripting/monoscript/fileName/CoreMetrics.cs:  -> ba96eafc8557f10e49a5a2dab28be8c2
  custom:scripting/monoscript/fileName/CoreEditorDrawers.cs:  -> 2510b50dc7159cd7832baf63ade3e6bf
  custom:scripting/monoscript/fileName/IAppleStoreExtendedService.cs:  -> 3818bfdb510357f325f26ea2442781e2
  custom:scripting/monoscript/fileName/ProductFetchRequest.cs:  -> 7044e9b1489fcdec6551f87c153175cc
  custom:scripting/monoscript/fileName/GameServicesEventSenderHelpers.cs:  -> ddffc98ffd93911cd9d197417c8f8bc7
  custom:scripting/monoscript/fileName/ServicesInitializationEvents.cs:  -> 223f9edfffeabcf11135ebfb5e966647
  custom:scripting/monoscript/fileName/Store.cs:  -> 0b68219f6bba6d4c7bf4f7410c4bffed
  custom:scripting/monoscript/fileName/SlotReference.cs:  -> 7f27af84058579befc37c5d31958d340
  custom:scripting/monoscript/fileName/ShaderBuildPreprocessor.cs:  -> f9d63afc014f0be8a60bfd9c6b1619e2
  custom:scripting/monoscript/fileName/TaskCreateReport_SBP.cs:  -> adb80da6944d09a0f802f4e54cc69599
  custom:scripting/monoscript/fileName/DWRFSRequestPackageVersionOperation.cs:  -> 8c3f5332c649c89c62d00643c9a3ed58
  custom:scripting/monoscript/fileName/CopySizeIntoLayoutElement.cs:  -> 0d9450b8b81ceb76e87ef335237df4d9
  custom:scripting/monoscript/fileName/TempFileElement.cs:  -> 335f5c66d39d89be52fdaf2411228f99
  custom:scripting/monoscript/fileName/TaskGetBuildMap.cs:  -> 3047618a5c1823a459b822567c9614db
  custom:scripting/monoscript/fileName/FetchPurchasesUseCase.cs:  -> 71f2d59be55b14956ab183dc700c3992
  custom:scripting/monoscript/fileName/RemoteEditorConnection.cs:  -> 939aec25bd23a8705fa746fef83acd36
  custom:scripting/monoscript/fileName/ShaderUtils.cs:  -> 6cd8e8633b6bf903221f01b56bb5d50d
  custom:scripting/monoscript/fileName/ExtensibleStoreService.cs:  -> f93efb1406b7e4539aa96301010e3b9e
  custom:scripting/monoscript/fileName/PlatformsAndStoresServiceSettingsBlock.cs:  -> c93db53bf17edd2d4bee93e9e85980ea
  custom:scripting/monoscript/fileName/FileUtilities.cs:  -> 771f43e67585e5fce72a68dee6f48c42
  custom:scripting/monoscript/fileName/Obfuscator.cs:  -> 3987c85d200ad730f7d15fc3aac4ffe0
  custom:scripting/monoscript/fileName/FetchStorePromotionVisibilityUseCase.cs:  -> fa3f870937f201c14879f2b75c9b78b3
  custom:scripting/monoscript/fileName/ProbeSubdivisionContext.cs:  -> 77380e81d520bb85c1b4f94c4b1458b8
  custom:scripting/monoscript/fileName/ServiceFlagRequest.cs:  -> 81cbfe44ade2ec4f46d5579d02db90c8
  custom:scripting/monoscript/fileName/CollectCommand.cs:  -> b4554c9014743eb38b02252aa1757ec5
  custom:scripting/monoscript/fileName/CommonTransactionEventHelper.cs:  -> bf79a8187b6626537c66bf0f495c5054
  custom:scripting/monoscript/fileName/SetLayerFromSettings.cs:  -> 036bcfa3fe479a466dd8db05edb0edb6
  custom:scripting/monoscript/fileName/HttpRequest.cs:  -> 32f191459fcac54e96d5c4ad496a3ed5
  custom:scripting/monoscript/fileName/ValidationResult.cs:  -> 12d4a9b1790e80408d1518f479a1a01f
  custom:scripting/monoscript/fileName/BuddyAllocator.cs:  -> 3b4ff273b3a756e4a7aaa42278237617
  custom:scripting/precompiled-assembly-types:Unity.RenderPipelines.Universal.Shaders:  -> a1e6537565ab46852e5d3bec24d03953
  custom:scripting/monoscript/fileName/Texture2DShaderProperty.cs:  -> 2cc8ff8278e8514d47f8d0257ffba7e0
  custom:scripting/monoscript/fileName/IntParameterDrawer.cs:  -> 1660f87314874ada5cd0d35c324db62f
  custom:scripting/monoscript/fileName/BuildPlayerScripts.cs:  -> 0f2fc29cfe25da306bd11569a87e99c9
  custom:scripting/monoscript/fileName/IStoreManager.cs:  -> de7f5ec819b5faf9efb8d6ce784c2414
  custom:scripting/monoscript/fileName/UnityProjectV1.cs:  -> 33ee54c3546ae8cbce557ab2aca1756e
  custom:scripting/monoscript/fileName/ShaderGeneratorNames.cs:  -> 1bbe896da98d1d154e6d5c5756923756
  custom:scripting/monoscript/fileName/XRGraphics.cs:  -> 646c04de9fc8f194763ae67c06e8d189
  custom:scripting/monoscript/fileName/PurchasingSettingsKeywords.cs:  -> bb5d46055db409bfc8897e0caa69fcc9
  custom:scripting/monoscript/fileName/ProjectState.cs:  -> 5da9c4bc1768108d8af5cc6cbfdc9de1
  custom:scripting/monoscript/fileName/SROptions.Test.cs:  -> b54ef204dfd3672457e655073a6d36dc
  custom:scripting/monoscript/fileName/UnityServicesInternal.cs:  -> 5ea85354f5b78172e34fac25411fe7cf
  custom:scripting/monoscript/fileName/PreserveDependencyAttribute.cs:  -> 7b33b3b969409f6a38fb0affb51f2db7
  custom:scripting/monoscript/fileName/ColorSpaceUtils.cs:  -> 1d255e6551d8df71ffd04150d954b72b
  custom:scripting/monoscript/fileName/EditorMaterialQuality.cs:  -> 83d45c2d24380ad4d144c5f98f1500cf
  custom:scripting/monoscript/fileName/ExponentialBackOffRetryPolicy.cs:  -> a522fe3e4e53cacc089042b49ce0d168
  custom:scripting/monoscript/fileName/ResizableElement.cs:  -> 391fd1d62f71b65746f6e81e3871fffc
  custom:scripting/monoscript/fileName/RenderGraphResourceRegistry.cs:  -> ffe937371ff494b342e4f7da85f2a9c2
  custom:scripting/monoscript/fileName/SlotReference0.cs:  -> 9e41ce82a2db67b39f4cbf374082143a
  custom:scripting/monoscript/fileName/DDXNode.cs:  -> 3a14d8880f4781619a905b53b679f34f
  custom:scripting/monoscript/fileName/AssetBundleDebuggerWindow.cs:  -> 1ac7340fb2e586f6628a577c78827c32
  custom:scripting/monoscript/fileName/SRFileUtil.cs:  -> f0b9ba927bb64528e4d6ffa1aba497a9
  custom:scripting/monoscript/fileName/AssetObjectCell.cs:  -> 64cf5db7b0ee1b9adf17250943f801ae
  custom:scripting/monoscript/fileName/BuildResult.cs:  -> d8d2b866533723a753da10dc924f801f
  custom:scripting/monoscript/fileName/CreateSpriteCustomLitShaderGraph.cs:  -> ed68364676ebbd5a7117f55fb0b47dbb
  custom:scripting/monoscript/fileName/IWire.cs:  -> 30c1d87985bae6279501282a5e19ad84
  custom:scripting/monoscript/fileName/ShaderStripTool.cs:  -> 90647cc400823b41df847a6cbfc29026
  custom:scripting/monoscript/fileName/IGooglePurchaseCallback.cs:  -> 5dbb4012431e5d1b398cc970233a8991
  custom:scripting/monoscript/fileName/IProductServiceExtension.cs:  -> 7acbea5df64caeeeb40cb0b48a40aed5
  custom:scripting/monoscript/fileName/SubGraphAsset.cs:  -> 33cff28d8a5546149670a0e9c8e5b8a3
  custom:scripting/monoscript/fileName/Documentation.cs:  -> a0751ed4a0106adf7c6bdd2170ae5fd5
  custom:scripting/monoscript/fileName/IOptionContainer.cs:  -> c02730858a699e6d6595bcd0436d8da0
  custom:scripting/monoscript/fileName/AssetBundleResult.cs:  -> 1710546daeddc858b41a6e921d4ce799
  custom:scripting/monoscript/fileName/OptionDefinition.cs:  -> 6b38d1295a3420bd0002741e891ca655
  custom:scripting/monoscript/fileName/RenderingUtils.cs:  -> 98a881668085f01daee589c5d1471e77
  custom:scripting/monoscript/fileName/UnityGetEnvironments200Response.cs:  -> 337f99d16b0b96efb2206d69acad4db0
  custom:scripting/monoscript/fileName/ColorSlotControlView.cs:  -> 451f03ded777b5172ed38dbc7778b409
  custom:scripting/monoscript/fileName/SubscriptionManager.cs:  -> 272065db7af4848c3c469560a9bc86be
  custom:scripting/precompiled-assembly-types:Unity.Services.Core.Environments.Editor:  -> af3b9d0f3823f38d1d2cc22aa83bd019
  custom:scripting/monoscript/fileName/MethodHook.cs:  -> f03a4631f3909da348b95baf47806bb8
  custom:scripting/monoscript/fileName/ISimulateAskToBuyUseCase.cs:  -> 23dba50ccea7d64166fe5421ffd16d6b
  custom:scripting/monoscript/fileName/BasePurchasingState.cs:  -> 26720e90b9fa45646ccc227a0156d1f6
  custom:scripting/monoscript/fileName/UnloadUnusedAssetsOperation.cs:  -> 83c76ef4081d9b90c304fa8c9f2ed2f3
  custom:scripting/monoscript/fileName/SaturationNode.cs:  -> 4a0150bae6218cd390e874902d220017
  custom:scripting/monoscript/fileName/IDs.cs:  -> 89ec52f60a4346241b07746063f48725
  custom:scripting/monoscript/fileName/BundleFileInfo.cs:  -> 6ec852baa713bdb1d36e4410d2bbcd4b
  custom:scripting/monoscript/fileName/UnityBinUtils.cs:  -> 717e12019fde57e75be815443fa4fd20
  custom:scripting/monoscript/fileName/FloatParameterDrawer.cs:  -> 899092992342f8d1393b90bfe6c61d49
  custom:scripting/monoscript/fileName/SRList.cs:  -> 90647cc400823b41df847a6cbfc29026
  custom:scripting/monoscript/fileName/OperatePackageVersionConfigProvider.cs:  -> 67b4bf8d5d449d0353b963ad0e103a72
  custom:scripting/monoscript/fileName/AssetArtScanner.cs:  -> c611fba08c4b643c76e5995f6f8489e5
  custom:scripting/monoscript/fileName/TransactionLog.cs:  -> 249db5893ee71abc02b2695f0aabc062
  custom:scripting/monoscript/fileName/IBuildCache.cs:  -> b89b6b1c01287101de59d979a61eafa2
  custom:scripting/monoscript/fileName/EllipseNode.cs:  -> 5a0d534b7000c4e0c9165457c8e4f0e5
  custom:scripting/monoscript/fileName/NegateNode.cs:  -> 94a6b6efb00ed499f0715b504a59a22e
  custom:scripting/monoscript/fileName/IRetryPolicyInformation.cs:  -> f248a4ffa9eedad9502943ff9b1a5b3a
  custom:scripting/monoscript/fileName/EditorSimulateBuildPipelineViewer.cs:  -> b9a63434f1a91b54bbf0380c4ac64417
  custom:scripting/monoscript/fileName/IEnvironmentsApi.cs:  -> 10309d62b29707db950e5d0457e82d84
  custom:scripting/monoscript/fileName/Renderer2DData.cs:  -> f8a889de7b6a22494c8bf8e627a325bf
  custom:scripting/monoscript/fileName/EnumConversionControl.cs:  -> 621787f518432fab85335d78afb7dda4
  custom:scripting/monoscript/fileName/PropertyConnectionStateSlotControlView.cs:  -> 8e644e50bd0f394d592d214a26a4d874
  custom:scripting/monoscript/fileName/WebRequestCounter.cs:  -> a415d5c140522e0469b09ed4d5b5a694
  custom:scripting/monoscript/fileName/LightTextureNode.cs:  -> f18bef749842694c7e5052d221b66fa1
  custom:scripting/monoscript/fileName/CanMakePaymentsUseCase.cs:  -> ff6b6e67909c5b739421c5c41fe543ff
  custom:scripting/monoscript/fileName/DefaultBuildinFileSystem.cs:  -> 178cf9c7b33770aef6ee1a2d94836656
  custom:scripting/monoscript/fileName/UserRoleRequest.cs:  -> 8307bdf9d05c66d6ad5318e52408710f
  custom:scripting/monoscript/fileName/UniversalRenderPipelineCameraUI.Output.Drawers.cs:  -> e5c5f822dc45323aa96fa5499520805d
  custom:scripting/monoscript/fileName/VertexColorMaterialSlot.cs:  -> 9a35e2dd246f47bda426377aa27113db
  custom:scripting/monoscript/fileName/SwitchStoreEditorWindow.cs:  -> 7a1562e416cfde43be7b398178d711f6
  custom:scripting/monoscript/fileName/ReorderableListView.cs:  -> e5d0a0e62a47cd235e292d099ccb9ca4
  custom:scripting/monoscript/fileName/PaniniProjection.cs:  -> 3d2909b7857af1efb780019bbb799bf3
  custom:scripting/monoscript/fileName/DebugUIHandlerCanvasEditor.cs:  -> 0c98ba5da26cc48cd480944029611906
  custom:scripting/monoscript/fileName/DisplayWindow.EnvironmentLibrarySidePanel.cs:  -> 29d7d4debd0b0b56b589a67c88c98687
  custom:scripting/monoscript/fileName/UniversalStructs.cs:  -> c141d001a86c7c46f122d5758dc4a281
  custom:scripting/monoscript/fileName/TokenExchange.cs:  -> bbd1ed03e8e3970b0887123f043469e1
  custom:scripting/monoscript/fileName/HttpRequestExtensions.cs:  -> 35b1178ed1fd55cb1029b0abb50d01fc
  custom:scripting/monoscript/fileName/ReportScanInfo.cs:  -> ac74a18853dba7475a9ff9f87df4505c
  custom:scripting/monoscript/fileName/ActionControl.cs:  -> f4f586a1ffc19523de8243574ab45d59
  custom:scripting/monoscript/fileName/MetricizedAppleStoreImpl.cs:  -> f90a3d0656509352b7179bb8dc53e0e1
  custom:scripting/monoscript/fileName/GraphDrawingData.cs:  -> f5c450bd42c875c42ab0f55daaad921c
  custom:scripting/monoscript/fileName/RuntimeApi.cs:  -> 2ab466cdb8feeebb4f3c681a4f491256
  custom:scripting/monoscript/fileName/UserRoleClient.cs:  -> 7cb9a24ca4555e83cb355dad138297b5
  custom:scripting/monoscript/fileName/EnvironmentIdentifier.cs:  -> 39ee00a0ac13884055f18f6371bacd6d
  custom:scripting/monoscript/fileName/PurchaseFailureDescription.cs:  -> 01b25ad9ed2b9325315aecf2ba531490
  custom:scripting/monoscript/fileName/EnvironmentsConstants.cs:  -> 24e9760363ef695978ba684e5d610a82
  custom:scripting/monoscript/fileName/ClearCacheFilesOperation.cs:  -> 45b60fb4a2fc45efd779b6ac6141f4b4
  custom:scripting/monoscript/fileName/CircularDependencyException.cs:  -> d18ff671dcc1259992ffc320a2699238
  custom:scripting/monoscript/fileName/DDYNode.cs:  -> ea2cc2a2381402437bbbc15ccccbe572
  custom:scripting/monoscript/fileName/LayerUtility.cs:  -> 38dd0561e9db90e70c5b1e25fa9465bf
  custom:scripting/monoscript/fileName/IReadOnlyObservable.Gen.cs:  -> 90647cc400823b41df847a6cbfc29026
  custom:scripting/monoscript/fileName/RemoveComponentUtils.cs:  -> cba4030f6674ff81eab416fbd0e4ea84
  custom:scripting/monoscript/fileName/BuiltInSubTarget.cs:  -> a98908f467058654c6aaf46cd9e038b1
  custom:scripting/monoscript/fileName/ScreenSpaceType.cs:  -> 708a02b75c3d0cdff7fd233f736a6f5f
  custom:scripting/monoscript/fileName/SceneRenderPipelineEditor.cs:  -> 7978f181dc78bc07a62dbc11b8a03913
  custom:scripting/monoscript/fileName/IGoogleBillingResult.cs:  -> a7d7e506287a98f34a5c4e09578b8e29
  custom:scripting/monoscript/fileName/SwitchToBuildPlatform.cs:  -> 302951eb00ef533a7f8d4e2af60b1dbb
  custom:scripting/monoscript/fileName/LightUnitSlider.cs:  -> d37533252e5011f18d32062d16a5ca4a
  custom:scripting/monoscript/fileName/AOTAssemblyMetadataStripper.cs:  -> e27c7f53bf2100c2a0d7825b8a876bf2
  custom:scripting/monoscript/fileName/CopyStrippedAOTAssembliesHook.cs:  -> bfe01c70ba7276b33671d1e8244f1576
  custom:scripting/monoscript/fileName/BaseObfuscatorSection.cs:  -> f1b4d72e485c722fd71df41ce44dfe6a
  custom:scripting/monoscript/fileName/BuiltInUnlitGUI.cs:  -> 5385a9107f8419cb0654a83d8d130c8c
  custom:scripting/monoscript/fileName/ProjectBindRedirectPopupUI.cs:  -> e3fb92bd3ee82c9407053c4d3860bb4f
  custom:scripting/monoscript/fileName/DynamicResolutionHandler.cs:  -> 2c633d5b8c541c49ee13866f0fd3afad
  custom:scripting/monoscript/fileName/ProductDefinitionExtensions.cs:  -> 5484ac58fa5a719276d8cf3030daf40f
  custom:scripting/monoscript/fileName/TimeLimitRetryPolicy.cs:  -> c078c7f0d6c1d9297c97117571bfbdac
  custom:scripting/monoscript/fileName/InstallerWindow.cs:  -> 45aea44f1a98c117a40c8d43972077c2
  custom:scripting/monoscript/fileName/RawFileHandle.cs:  -> 38bc98408a8267547893ee172f1790eb
  custom:scripting/monoscript/fileName/NativeRenderPass.cs:  -> 983b8e2a26d05ba3d37c1610c3cc7cb8
  custom:scripting/monoscript/fileName/TriplanarNode.cs:  -> 90537466fe3f27af8d319b572631df67
  custom:scripting/monoscript/fileName/ExternalUserId.cs:  -> 838ec18be418bafff07b93f14174c00c
  custom:scripting/monoscript/fileName/LinkFileGenerator.cs:  -> 51b5323d52299fec9236d04721b91f22
  custom:scripting/monoscript/fileName/GlobalDynamicResolutionSettings.cs:  -> cbd9fffe3093f62e451ed7cef29e252f
  custom:scripting/monoscript/fileName/TaskGetBuildMap_ESBP.cs:  -> a233bd80e23e3262804abc6c3807d613
  custom:scripting/monoscript/fileName/TaskPrepare_BBP.cs:  -> cf99b58f2f7f6e276133fe1e852dec86
  custom:scripting/monoscript/fileName/SceneBundleWriteOperation.cs:  -> 32514961e31a58db7f78c6fb8757c75f
  custom:scripting/monoscript/fileName/IRemoteServices.cs:  -> cbca063018c0ffa2e61d58c9c5eaa1b1
  custom:scripting/monoscript/fileName/SamplerStateShaderProperty.cs:  -> 012e5cf5c9eb112d8b262fceb7e86d9d
  custom:scripting/monoscript/fileName/InstanceIDNode.cs:  -> 81bd4dc1b6300c32bd81bccfd38f23f4
  custom:scripting/monoscript/fileName/SRAutoSingleton.cs:  -> 90647cc400823b41df847a6cbfc29026
  custom:scripting/monoscript/fileName/EnvironmentAnalytics.cs:  -> df86ce352df40dfa102b41458fb9f770
  custom:scripting/monoscript/fileName/ShaderVariablesProbeVolumes.cs:  -> b2eac9c6df66322c3990c266691aae47
  custom:scripting/monoscript/fileName/FloatField.cs:  -> 886dcd3201576fc66c2d545d0e154ce0
  custom:scripting/monoscript/fileName/IBugReportService.cs:  -> affd7a5d15f983a244805c5aee0a72d3
  custom:scripting/monoscript/fileName/IBuildLog.cs:  -> 543b8847c6c9094f2d90357f2bde8b30
  custom:scripting/monoscript/fileName/ReadOnlyHttpResponse.cs:  -> cb67b795f50400334c6da0e8ef76361d
  custom:scripting/monoscript/fileName/InvalidCartItemException.cs:  -> 3436c6e70e01b6e10185585b99901fbb
  custom:scripting/monoscript/fileName/BooleanValueCell.cs:  -> 4ce51f2e59701848c71cb64aebc8715b
  custom:scripting/monoscript/fileName/UnityActivity.cs:  -> fc7813557833dc9ea7c37af99fac9ce8
  custom:scripting/monoscript/fileName/MetricizedGooglePlayStoreService.cs:  -> 03a265022d59fd44d0df4cc361fe524c
  custom:scripting/monoscript/fileName/FSLoadSubAssetsOperation.cs:  -> 90c9f9a0b76a70263f92b5dce6c2823f
  custom:scripting/monoscript/fileName/RefractNode.cs:  -> 48ec18db438424d42d3bcc49bb40cdd6
  custom:scripting/monoscript/fileName/IAssetRepresentationData.cs:  -> 4fd3029c6ddc21ad01839cd63f7e8552
  custom:scripting/monoscript/fileName/FullscreenShaderGUI.cs:  -> d11673d0d4301dc26198735b54de223f
  custom:scripting/monoscript/fileName/UniversalBlockFields.cs:  -> dcbacb5ac0cb1630c6ecbd075427c2b5
  custom:scripting/monoscript/fileName/ProductionTokenExchangeUrls.cs:  -> d51f7b5f35d9e0171f3c69e63ce67736
  custom:scripting/monoscript/fileName/AppendBundleHash.cs:  -> 4b529c191f72e41deab5ef0b8d08bb2f
  custom:scripting/monoscript/fileName/AssetBundleRecorder.cs:  -> f9ff69f460f901490504e76dc981a7c0
  custom:scripting/monoscript/fileName/UVSlotControlView.cs:  -> b9ed4c4c13cb7e7c02ee0083abd86c93
  custom:scripting/monoscript/fileName/IAppReceiptUseCase.cs:  -> 358860848d7467880517084c2fb59844
  custom:scripting/monoscript/fileName/IAndroidJavaStore.cs:  -> c0997ca1aff2275d269a933f4d161b6d
  custom:scripting/monoscript/fileName/IPurchaseServiceFactoryManager.cs:  -> ead1e88f2098de4dc8ab50cefd298e68
  custom:scripting/monoscript/fileName/SettingsUtil.cs:  -> d79d86966d24120bb6810d135df200a9
  custom:scripting/monoscript/fileName/ObfuscationGenerator.cs:  -> 5cd85b4dccf7de616d4a58ce243ecba1
  custom:scripting/monoscript/fileName/MatrixPropertyDrawer.cs:  -> deea491053a10bda5fadd0044e6ed036
  custom:scripting/monoscript/fileName/Generator.cs:  -> 2c0af45f13fff44c49acf7508b22a639
  custom:scripting/monoscript/fileName/ModelPostProcessor.cs:  -> 96d24ceff1a58ebf732d5b62aa5e16de
  custom:scripting/monoscript/fileName/UnityBinFileDefines.cs:  -> 3fe5b6a11c1a5aec7b4eb9ff6c4c7d28
  custom:scripting/monoscript/fileName/YooAssetsExtension.cs:  -> 60d5cb420e7f846ea3aea443710d89a8
  custom:scripting/monoscript/fileName/AssetUtil.cs:  -> 6e804b6e13c6affa2bc7acaf7ab633e0
  custom:scripting/monoscript/fileName/IOptionsService.cs:  -> 32049bca2efc62acf4751991d2553b09
  custom:scripting/monoscript/fileName/DebugUIHandlerIndirectToggle.cs:  -> 8dcae707d1551edf482f6d0f8ff79e5c
  custom:scripting/monoscript/fileName/IEditorGameServiceEnabler.cs:  -> 9ba91e68464ed1031653bae083d9cbd8
  custom:scripting/monoscript/fileName/DWSFSInitializeOperation.cs:  -> 2b39c1da825d98339f6eed88e7945c62
  custom:scripting/monoscript/fileName/PolygonNode.cs:  -> 48156b7d3233e99e0b8af689964ffe1f
  custom:scripting/monoscript/fileName/ProductDetailsConverter.cs:  -> 62acfbcc6d23ae690331c735db7ab05f
  custom:scripting/monoscript/fileName/Texture2DArrayAssetNode.cs:  -> 0285426e91607f7191ea9167b1f908bd
  custom:scripting/monoscript/fileName/ChannelMixerEditor.cs:  -> 4fab1400b55bbff3605a97798f1dc8ed
  custom:scripting/monoscript/fileName/GenericEditorMenuItemClickEventSenderHelpers.cs:  -> 38cfd2981796d0ea4d387aa35dd94c3a
  custom:scripting/monoscript/fileName/TaskUpdateBundleInfo_SBP.cs:  -> 27ab16c95fb4ed0b060907ca7effc9e4
  custom:scripting/monoscript/fileName/XRSystemData.cs:  -> adde3e5fca1ecbcf96149829513b2616
  custom:scripting/monoscript/fileName/UniversalProperties.cs:  -> 523dda7a8a19fb15a162f7a8c1f67f3d
  custom:scripting/monoscript/fileName/ShaderInput0.cs:  -> e13e20a5d5972b627f97800e147f8b5a
  custom:scripting/monoscript/fileName/DefaultBuildinFileCatalog.cs:  -> dc0ae783e79f77e65092213fff3b4915
  custom:scripting/monoscript/fileName/CalliAnalyzer.cs:  -> b3522ec1dc8ef2c92cf04576039a8bfd
  custom:scripting/monoscript/fileName/UniversalRendererData.cs:  -> fb4b5f12f0c43010b1eb28016094de6f
  custom:scripting/monoscript/fileName/EnvironmentService.cs:  -> 22bbc46856bf7062678eb8e6e54cf9a2
  custom:scripting/monoscript/fileName/WhiteBalanceNode.cs:  -> 8616b1655acb9d525648a72c7f39ba53
  custom:scripting/monoscript/fileName/IGooglePlayGetGooglePurchaseUseCase.cs:  -> f09a25593edf4076ad9d03ff7aa01183
  custom:scripting/monoscript/fileName/ApplicationFootPrint.cs:  -> a116da9ff812b26c16729b847ded8d98
  custom:scripting/monoscript/fileName/SubGraphNode.cs:  -> 3ff25cef27796bc17d40024f60ae6451
  custom:scripting/monoscript/fileName/DelegateUtility.cs:  -> 4fdf31df40b6382f1066f27fa3570013
  custom:scripting/monoscript/fileName/Matrix4Node.cs:  -> a82258b19e1b0221d8299445d0ee7844
  custom:scripting/monoscript/fileName/GenerateBundlePacking.cs:  -> e605bef1aeac04a952cb03f12b7d1b74
  custom:scripting/monoscript/fileName/RenderStateDescriptor.cs:  -> b2002ba6fdf731869c2d1d8f2cbbf29f
  custom:scripting/monoscript/fileName/DeserializationException.cs:  -> 76d207fdb77fb9b4f630a482f86ccf1d
  custom:scripting/monoscript/fileName/OrderInfo.cs:  -> 3bb8b22dc0a98c1e7eb84bf6fb06c40f
  custom:scripting/monoscript/fileName/CopyPreferredSizeEditor.cs:  -> dc679a3a6d10499da886793b48c9c4e8
  custom:scripting/monoscript/fileName/IMGUIContainerPopupAdapter.cs:  -> 78f7579efaac4d7bae44326ad899e4a1
  custom:scripting/monoscript/fileName/MipSamplingModes.cs:  -> 878af40352855f8a51dc2667c08c834d
  custom:scripting/monoscript/fileName/UniversalSpriteUnlitSubTarget.cs:  -> 1d12ea279e9d1e29c5ce191d052e21a7
  custom:scripting/monoscript/fileName/RequestBuildinPackageHashOperation.cs:  -> 70953b8e015e80990c6061b3c63db98c
  custom:scripting/monoscript/fileName/MotionVectors.cs:  -> 965778cac429688f4f6f67a0b1ce8a05
  custom:scripting/monoscript/fileName/Vector3PropertyDrawer.cs:  -> 9fb0b95eca53257c44d1e01ad39f7b83
  custom:scripting/monoscript/fileName/RawfileBuildPipelineViewer.cs:  -> 60f45524d69cd58ad84450cf639a6689
  custom:scripting/monoscript/fileName/JsonObject.cs:  -> d338d25a2a0271e9ef24c000c3688ac4
  custom:scripting/monoscript/fileName/AndNode.cs:  -> b9e72e1e5bf246b437a24909640ff4e3
  custom:scripting/monoscript/fileName/IsFrontFaceNode.cs:  -> ba0df370b917e50a1b67c2a867d7f741
  custom:scripting/monoscript/fileName/IGeneratesFunction.cs:  -> 22f5a18d52ee5b6c7bc7cfc3d266233e
  custom:scripting/monoscript/fileName/BitArray.cs:  -> 7ab10b1ed638d56c325b24e1c3bddbd0
  custom:scripting/monoscript/fileName/DebugUI.Containers.cs:  -> e227e0c3b20c11b20a20df6699525cc4
  custom:scripting/monoscript/fileName/StorageBlock.cs:  -> 0f410c4fb6e0875bab915f520315abcd
  custom:scripting/monoscript/fileName/SceneHandle.cs:  -> 87a5324ee63c80f2dd0068a199a57d5d
  custom:scripting/monoscript/fileName/ShaderGraphPreferences.cs:  -> 52a7826570dccfa4ba3effe67c1cf81b
  custom:scripting/monoscript/fileName/DepthNormalOnlyPass.cs:  -> b459ceac6bfcca931a1d1805837aa2a7
  custom:scripting/monoscript/fileName/TextUtil.cs:  -> ccc1520ab54b25b926169755159248d5
  custom:scripting/monoscript/fileName/UniversalRenderPipelineGlobalSettingsPostprocessor.cs:  -> 59f302716a3ecb41c52092cce5bbb6e2
  custom:scripting/monoscript/fileName/GooglePlayStoreExtendedService.cs:  -> c276ede890249bb54c9208f4705b5ccf
  custom:scripting/monoscript/fileName/Light2DPoint.cs:  -> 90647cc400823b41df847a6cbfc29026
  custom:scripting/monoscript/fileName/HttpException.cs:  -> f6827940c1f3397a3e9f5ed27d96f36c
  custom:scripting/monoscript/fileName/ArctangentNode.cs:  -> 6d30370a33d9eaffddef89583f5bfcd9
  custom:scripting/monoscript/fileName/IPackageRegistry.cs:  -> 7ed9d4b5a0ae537ff629f057cfa10e76
  custom:scripting/monoscript/fileName/NormalReconstruction.cs:  -> 080004cce2a4f478547e1363b7289bca
  custom:scripting/monoscript/fileName/IGeneratesBodyCode.cs:  -> 0af62faf4ce0dd20ee5768f8bc6cbaac
  custom:scripting/monoscript/fileName/AppleReceipt.cs:  -> 766a0ebef8efd969c6d9e51966f08996
  custom:scripting/monoscript/fileName/ShaderGeneratorAttributes.cs:  -> c2af1f9bff4ba5992758ce570fc17e38
  custom:scripting/monoscript/fileName/BugReportApi.cs:  -> 557e6c2637151807bf526cb1f22b05dd
  custom:scripting/monoscript/fileName/XRPassUniversal.cs:  -> 44dd7fd61f55a272926de541d134a062
  custom:scripting/monoscript/fileName/IAPSecurityException.cs:  -> 88ce3f877e66a4b7c673c612a061f5a8
  custom:scripting/monoscript/fileName/IMayRequireDepthTexture.cs:  -> e0b4c6956516a4f0ca4e5d5484a72510
  custom:scripting/monoscript/fileName/IThreadUtils.cs:  -> 68351cb5c6738d9b33eb0a26dc91ca3a
  custom:scripting/monoscript/fileName/DownloadCenterOperation.cs:  -> cdd581e837f5d3bee88d6b3457d8953e
  custom:scripting/monoscript/fileName/FloatExtensions.cs:  -> 7431e06b1bace3e2462100cc7934ee30
  custom:scripting/monoscript/fileName/BloomEditor.cs:  -> 94b80d370f2c498e587690092eb47271
  custom:scripting/monoscript/fileName/DepthOnlyPass.cs:  -> 2ed623293e031905302378910007ad19
  custom:scripting/monoscript/fileName/IVariantStripper.cs:  -> d096fce2ac2ee05d0c97d151be6b6545
  custom:scripting/monoscript/fileName/ResponsiveEnable.cs:  -> 1728b368e1ffbcc6067d3f52abec7a89
  custom:scripting/monoscript/fileName/ContextFilterableAttribute.cs:  -> a683c62b6a35b4833fc6ec72ce9d8822
  custom:scripting/monoscript/fileName/MasterPreviewView.cs:  -> c1958831f69f394333df5e3759156c33
  custom:scripting/monoscript/fileName/IAnalyticsStandardEventComponent.cs:  -> cf50b12809cbeb8dcfefaee612a9c090
  custom:scripting/monoscript/fileName/UniversalRenderPipelineEditorResources.cs:  -> 5413f254bceb9e278ee7c20e216563a6
  custom:scripting/monoscript/fileName/UnityAssetBundleRequestOperation.cs:  -> cc7bfc2d25069c347b44c9455f963d0d
  custom:scripting/monoscript/fileName/ServiceProvider.Gen.cs:  -> fb28411e62c1911933783faa92ae27e4
  custom:scripting/monoscript/fileName/DownloadDefine.cs:  -> 26da1aa85d3ffc9bf7b88ef6058149b7
  custom:scripting/monoscript/fileName/VolumeProfile.cs:  -> 1ee7daf15c79be99b2ebc7f8d7593563
  custom:scripting/monoscript/fileName/VerifyTempFileOperation.cs:  -> abb9600223ba9eafd714d7e9985f61d2
  custom:scripting/monoscript/fileName/ProductCollection.cs:  -> 93e9e2c88913d4dea42926947351e4f2
  custom:scripting/monoscript/fileName/MaximumNumberOfAttemptsRetryPolicy.cs:  -> d718e5a87eddd88dafd179a0421451bf
  custom:scripting/monoscript/fileName/SmoothstepNode.cs:  -> 1371c214b586d64bec3c03c7fc26ae8c
  custom:scripting/monoscript/fileName/ReportAssetInfo.cs:  -> f551b788e3dda0b878ce507ede152825
  custom:scripting/monoscript/fileName/GooglePlayStoreConnectionUseCase.cs:  -> 497c1845bad40a40c1937176153848e4
  custom:scripting/monoscript/fileName/DecalProjectorEditor.Skin.cs:  -> 90647cc400823b41df847a6cbfc29026
  custom:scripting/monoscript/fileName/LookDevRenderer.cs:  -> e57e369b9f9bdc07ec99474398994f63
  custom:scripting/monoscript/fileName/PooledList.cs:  -> 90647cc400823b41df847a6cbfc29026
  custom:scripting/monoscript/fileName/DebuggerAssetListViewer.cs:  -> c4aae01b1cc90c1420aff6bfd2e6adb3
  custom:scripting/monoscript/fileName/StoreServiceProvider.cs:  -> a4cd9757d7f83b6ef71bd4635aa0eaa2
  custom:scripting/monoscript/fileName/EnvironmentServiceExtensions.cs:  -> ac6a6c148393eb9a5f8fb75c98af0cdb
  custom:scripting/monoscript/fileName/GenericEditorButtonClickEventSenderHelpers.cs:  -> f7b7637b21d23c46de7361496ba6cf2d
  custom:scripting/monoscript/fileName/IGooglePurchaseConverter.cs:  -> 10fee9149c4a354fd23dee5d30cc5ded
  custom:scripting/monoscript/fileName/ParticlesUnlitShader.cs:  -> 943cd134117039d2ee9ece96d85f609b
  custom:scripting/monoscript/fileName/IWriteData.cs:  -> f2a238486c9cc3a5a9e531c07d54f232
  custom:scripting/monoscript/fileName/IOrganizationHandler.cs:  -> f8b346f72bb06934d5f47a4eb5bf2f52
  custom:scripting/monoscript/fileName/KeyboardShortcutListenerService.cs:  -> 24aad37834f7136c4c16b55562825140
  custom:scripting/monoscript/fileName/LensFlareComponentSRP.cs:  -> ade795e8cbbc506fbf2ab30c63d1738f
  custom:scripting/monoscript/fileName/PassDescriptor.cs:  -> 43652b5369a55c2852035e6828fb1318
  custom:scripting/monoscript/fileName/FreeCamera.cs:  -> d6ae5c15faf18e64a39fcc5430b6204d
  custom:scripting/monoscript/fileName/ISerializedLight.cs:  -> 7101cc4f757ed6bec635fe3601811617
  custom:scripting/monoscript/fileName/CreateCustomRenderTextureShaderGraph.cs:  -> aba0edd374269c3b2350b22a3b856ec4
  custom:scripting/monoscript/fileName/XmlLinkedField.cs:  -> 58331cd1e1b9bc9099ae07f125c40794
  custom:scripting/monoscript/fileName/WriteSerializedFiles.cs:  -> 9c94ef6dac7108c5c9e0e92e832d5652
  custom:scripting/monoscript/fileName/UIUtilities.cs:  -> fadb5e43621b3d28f3b361620aa44589
  custom:scripting/monoscript/fileName/LinearBlendSkinningNode.cs:  -> ef680f55228935cbde4fa2a1305fa7cb
  custom:scripting/monoscript/fileName/ProbeVolumeAssetEditor.cs:  -> 543ebe249e30531048b505ff50d2af6d
  custom:scripting/monoscript/fileName/BranchNode.cs:  -> 5b959cce4f0eff698cd2480a6646afe2
  custom:scripting/monoscript/fileName/Arctangent2Node.cs:  -> bfc6b7d8f0ec544e505e9d274264c4a0
  custom:scripting/monoscript/fileName/CollectResult.cs:  -> 13e01d58a7d0fec62f87999474e35c00
  custom:scripting/monoscript/fileName/IRetryPolicy.cs:  -> e14b91f37c89cc2f48556cfb08315525
  custom:scripting/monoscript/fileName/GroupData0.cs:  -> 189a38c898c88224fb09c84cbece3ebd
  custom:scripting/monoscript/fileName/HyperbolicSineNode.cs:  -> b2ef74bc7c0131a47aa882ce296debed
  custom:scripting/monoscript/fileName/ViewVectorNode.cs:  -> 373a26c978e7b058502b53bc31012801
  custom:scripting/monoscript/fileName/ApplePriceTiers.cs:  -> b989fff8978aaf02f779fffa77bf224a
  custom:scripting/monoscript/fileName/StyleSheet.cs:  -> c64ee1137df1fba4a52cf84abd746bc8
  custom:scripting/monoscript/fileName/AutoInitialize.cs:  -> dfe8062786ed728d8cd97b54d4fcfb06
  custom:scripting/monoscript/fileName/InstallationId.cs:  -> 5a83a3939f92e5bc55c8a90ccbe27d51
  custom:scripting/monoscript/fileName/CameraState.cs:  -> 784b031cde26e82771e0f45b6a811817
  custom:scripting/monoscript/fileName/Tonemapping.cs:  -> 76494f9ce26e8f71dc81043a2b004ff0
  custom:scripting/monoscript/fileName/ScanReport.cs:  -> 1f07aba651a39d2c93b0fad62b82fe72
  custom:scripting/monoscript/fileName/LoadWebPackageManifestOperation.cs:  -> 6b1345f91189baa8967ce13bdfb2a402
  custom:scripting/monoscript/fileName/DataBoundControl.cs:  -> 7ef3e508b5cdfcfc150adf4c624955ff
  custom:scripting/monoscript/fileName/XRPass.cs:  -> 553d036f47ef008d650ece03db9f601c
  custom:scripting/monoscript/fileName/SearchCacheFilesOperation.cs:  -> 018ec8d98aed6378c262996bb6d2b756
  custom:scripting/monoscript/fileName/GooglePurchaseService.cs:  -> 15c50c812b876ee3d1848da0123dabfa
  custom:scripting/monoscript/fileName/UniversalAdditionalCameraData.cs:  -> e72112243f692264912b04618178ed5f
  custom:scripting/monoscript/fileName/InspectorCurveEditor.cs:  -> 111b41469bef3e2d749784ca794ac0e3
  custom:scripting/monoscript/fileName/StyleComponent.cs:  -> 98ddf0e1646ffb860dcf5102d1fb2ee7
  custom:scripting/monoscript/fileName/TabbedView.cs:  -> 21cbb913550d6e8898b59fc86e952bbb
  custom:scripting/monoscript/fileName/IGooglePurchasesUpdatedHandler.cs:  -> 948d0346fa9d9b7ffb1f3cb8f4804003
  custom:scripting/monoscript/fileName/PropertySheet.cs:  -> daa097da65d50b1a41a056843fe03e3d
  custom:scripting/monoscript/fileName/UnityDownloadNormalFileOperation.cs:  -> 7bf002bc7a261cd330e66c2685fc8917
  custom:scripting/precompiled-assembly-types:LZ4:  -> 5926efd870d3fbf377b0c2b4da0c644c
  custom:scripting/monoscript/fileName/Shaders.cs:  -> 57821fca4d97175c2ecb1d4ad2f0f4c6
  custom:scripting/monoscript/fileName/DWSFSRequestPackageVersionOperation.cs:  -> 5a55b4c189abb9fb65e2f7c54fecf80a
  custom:scripting/monoscript/fileName/BuildReport.cs:  -> f6178b8dd50e599f137327706d65d880
  custom:scripting/monoscript/fileName/GraphSetup.cs:  -> e2f79c65340ccfe3db9c0a87b99dbfce
  custom:scripting/monoscript/fileName/MultiTapButton.cs:  -> 32a34e7cb71429ad8bcd8f52637413e0
  custom:scripting/monoscript/fileName/StringValueCell.cs:  -> 6c0dc81b88d944847d352db01e0af239
  custom:scripting/monoscript/fileName/NormalMaterialSlot.cs:  -> 6a4368c9c8af8b8340a70744e314e130
  custom:scripting/monoscript/fileName/GenericEditorGameServiceEvent.cs:  -> a057ea7152d7c01c2d84a208351bcd34
  custom:scripting/monoscript/fileName/DCFSInitializeOperation.cs:  -> aaaec8b19459d065b68b2cac083b46b5
  custom:scripting/monoscript/fileName/TaskCreateCatalog_SBP.cs:  -> 51abef95075827ee50d50f3a7e3d9e48
  custom:scripting/monoscript/fileName/ServiceInstallationListener.cs:  -> 4f550d886426ad05d9cb021f02f3b5c8
  custom:scripting/precompiled-assembly-types:Unity.Purchasing.SecurityCore:  -> a9b5f55a08ae763cf55ea3c29b72c2bd
  custom:scripting/monoscript/fileName/PostProcessPass.cs:  -> 5ba19f0a15054628ffa7ecab309651b5
  custom:scripting/monoscript/fileName/MaterialPostprocessor.cs:  -> dc8391c3f3e7729081dd17d71d44a182
  custom:scripting/monoscript/fileName/IShaderNodeView.cs:  -> 69473c6670425360b28eb2f96c3f2b49
  custom:scripting/monoscript/fileName/Matrix4MaterialSlot.cs:  -> 392f78d12e76a93bc995cbc4c8bf78b6
  custom:scripting/monoscript/fileName/WindowDraggable.cs:  -> 1577d60c7ac2d71df44db19be500a77f
  custom:scripting/monoscript/fileName/SceneColorNode.cs:  -> b4b2b8c5d722ccc7b072dc118597b37d
  custom:scripting/monoscript/fileName/IConditionalExtensions.cs:  -> faa6091fd15f1669223db7df3e319230
  custom:scripting/monoscript/fileName/SimulateAskToBuyUseCase.cs:  -> 0fb82d26c40abdfa9cc82a7cae71a7d3
  custom:scripting/monoscript/fileName/SpaceTransformUtil.cs:  -> ae79428184fe5bc8c5d6fe1fa839a1e6
  custom:scripting/monoscript/fileName/ConfigurationUtils.cs:  -> e57894058b136700ef3ea680c0b15031
  custom:scripting/monoscript/fileName/TriplanarNodePropertyDrawer.cs:  -> eaf4a28ea5312f5389890a56ba374b8d
  custom:scripting/monoscript/fileName/PackageConfig.cs:  -> 6c65665380cc70d71f22e981e56d92cf
  custom:scripting/monoscript/fileName/ClearUnusedCacheManifestFilesOperation.cs:  -> 05c1cff3fd8cd94113f7c4c1b1b45fdc
  custom:scripting/monoscript/fileName/SpaceMaterialSlot.cs:  -> 9ba8c567ecab86cd82cb19462d0aec02
  custom:scripting/precompiled-assembly-types:Unity.Purchasing.AppleStub:  -> 69b023abdacb56f4a7f2af3e0c529d8e
  custom:scripting/monoscript/fileName/IAppleOrderInfo.cs:  -> 902c63a0d45b1d78c598f171d4883b4c
  custom:scripting/monoscript/fileName/Order.cs:  -> 1a53937d0714747ecca318e2437348d7
  custom:scripting/monoscript/fileName/UnityOrganizationMemberV1.cs:  -> 29203c4e087d3ba2203081bd2717405e
  custom:scripting/monoscript/fileName/DebugRenderSetup.cs:  -> e551ac2c86dd42bc91d5a996b1bb21a1
  custom:scripting/monoscript/fileName/UnityServices.cs:  -> 53288f4d4ff1211eb125ba005d646505
  custom:scripting/monoscript/fileName/PostProcessUtils.cs:  -> a0916862168a091ccc40e8df34036faa
  custom:scripting/monoscript/fileName/ParallaxOcclusionMappingNode.cs:  -> 99947bebe52565962d835ba396569801
  custom:scripting/monoscript/fileName/GenericReferenceWriter.cs:  -> a0c03b7a0f6880347de31c5279624bb9
  custom:scripting/monoscript/fileName/UnityUtilContainer.cs:  -> 8728c4dd065983d8c6617637d03f40dd
  custom:scripting/monoscript/fileName/DebugPanelServiceImpl.cs:  -> 842207ed2640f3c2e744e1a99cfdb440
  custom:scripting/monoscript/fileName/MsvcStdextWorkaround.cs:  -> a6004ecbff5d6126dbb803ec9d7938c5
  custom:scripting/monoscript/fileName/TileRangeExpansionJob.cs:  -> 5a6cb61288d1d594aa63e78d9dbe82b3
  custom:scripting/monoscript/fileName/EditorGameServiceAnalyticsSender.cs:  -> f578bf9cf78d5f56704a18cd36c88f9f
  custom:scripting/monoscript/fileName/IAccessToken.cs:  -> 359704d6f9862ce7f7142f3c9f3827a0
  custom:scripting/monoscript/fileName/LabelSlotControlView.cs:  -> 26bff1d034d12a150d9512c9ea23ecb3
  custom:scripting/monoscript/fileName/DebugDisplaySettingsPanel.cs:  -> 81452a7368e5d53775d65dc861a5f366
  custom:scripting/monoscript/fileName/XRSystem.cs:  -> 031f7a341f0e136e7c1c2cae13431776
  custom:scripting/monoscript/fileName/BuildTargetExtensions.cs:  -> 73f979b3a1cded2762cbf0a57db08392
  custom:scripting/monoscript/fileName/DockConsoleController.cs:  -> 9559f2692f473157186cc67b587ae490
  custom:scripting/precompiled-assembly-types:Unity.Services.Core.Scheduler:  -> c5a24b90c03f14c29ba6bebda52c3c14
  custom:scripting/monoscript/fileName/UpgradeURP2DAssetsContainer.cs:  -> 38b31e215456e98ad805b39e7db9e515
  custom:scripting/monoscript/fileName/VisualElementHelper.cs:  -> 0b84949c228ae121ca9bc47ce2ce3ccc
  custom:scripting/monoscript/fileName/IPresentCodeRedemptionSheetUseCase.cs:  -> 1462b698413ca8fa8bfa7ca98a1fc5a6
  custom:scripting/monoscript/fileName/IResizable.cs:  -> 05d612a8dce15630b03d72caed5a235a
  custom:scripting/monoscript/fileName/FadeTransitionNode.cs:  -> 512f24e9d2e7216e6a1bab7d2ceb394a
  custom:scripting/monoscript/fileName/TaskCreateManifest.cs:  -> 16c67ddd702e407776533344af419ac8
  custom:scripting/monoscript/fileName/HelpBoxRow.cs:  -> ac3dd045047d71c0d1948786aa66dcab
  custom:scripting/monoscript/fileName/IProductCache.cs:  -> fe6a67055fafaeff5e927bba0c09ead2
  custom:scripting/monoscript/fileName/GroupData.cs:  -> 8c22d0ad32b60c28031765a445f063f1
  custom:scripting/monoscript/fileName/GradientShaderProperty.cs:  -> f459e1fe50f57d259c913c4c6d08ea96
  custom:scripting/monoscript/fileName/StoreService.cs:  -> a7a805c9fe9cfe28fd129b2e1cde77b0
  custom:scripting/monoscript/fileName/TaskBuilding_BBP.cs:  -> 551e82fb2d3baa4cdacee8c6fb65e873
  custom:scripting/monoscript/fileName/FieldExtensions.cs:  -> cc02cc1ad7dfe44eaaebc080e1c53be0
  custom:scripting/monoscript/fileName/IRetryService.cs:  -> 507154256c8fd1a2a62e0a80fc6c12e6
  custom:scripting/monoscript/fileName/IMayRequireTransform.cs:  -> 3c364437c039aa52dea646d284de3406
  custom:scripting/monoscript/fileName/RawBundleLoadSubAssetsOperation.cs:  -> 24a22a8871454dd12cdaaf00dc013d59
  custom:scripting/monoscript/fileName/IAnalyticsUserId.cs:  -> c2cc7c28fd557b3f55cdf068b0502818
  custom:scripting/monoscript/fileName/TaskCreateCatalog_BBP.cs:  -> 139bca65b0551f59cf6a5fe3b6cca86e
  custom:scripting/monoscript/fileName/ShaderInputViewModel.cs:  -> 5eb8ea4f5983046b28916c51618875c7
  custom:scripting/monoscript/fileName/NonNullCartValidator.cs:  -> c80dc55246acf979910b6e75f192f61c
  custom:scripting/monoscript/fileName/ProductCache.cs:  -> 0f27f655d74b00e99fe93a998b51a8fc
  custom:scripting/monoscript/fileName/Il2CppDefGeneratorCommand.cs:  -> ccfe22d39dbcb82a6dd1cbadb7ad1271
  custom:scripting/monoscript/fileName/UnityCreateEnvironmentRequest.cs:  -> a9b0f13e8545f9920554463818374956
  custom:scripting/monoscript/fileName/Node.cs:  -> 062fd0f8910a58d964cf23f1adcddca3
  custom:scripting/monoscript/fileName/BlackboardController.cs:  -> 08d74724e9011d41732145368975ca41
  custom:scripting/monoscript/fileName/SchemaInspector.cs:  -> 6a4fad86be08a00501ae2e5cca2cdbf1
  custom:scripting/monoscript/fileName/RenderGraphResourceTexture.cs:  -> 069cc96b96362cbab38b7218f47418ec
  custom:scripting/monoscript/fileName/ServiceFlagEndpoint.cs:  -> 95ebbb4e72d70a377056cbf3d7a7020c
  custom:scripting/monoscript/fileName/TargetFieldContext.cs:  -> d1b92d3b8700b4acda095bf4f0d1007f
  custom:scripting/monoscript/fileName/ShaderExtensions.cs:  -> 8ca5e42f059dce2fbf1279aaabb6fa21
  custom:scripting/monoscript/fileName/LerpNode.cs:  -> 312baeb197d96c9081690f53d1a3b741
  custom:scripting/monoscript/fileName/FSDownloadFileOperation.cs:  -> 1b845538268ec3edbd05a0e23b0a8779
  custom:scripting/monoscript/fileName/GooglePurchaseStateEnumProvider.cs:  -> 79c6f9caec88e450576331b526338cd7
  custom:scripting/monoscript/fileName/EventBinding.Gen.cs:  -> 90647cc400823b41df847a6cbfc29026
  custom:scripting/monoscript/fileName/UniversalSpeedTree8MaterialUpgrader.cs:  -> 8e6c5ba414ebed07f1a040376b190682
  custom:scripting/monoscript/fileName/Light2DManager.cs:  -> 7401b969f45b5698092704146d69a258
  custom:scripting/monoscript/fileName/AnyNode.cs:  -> 701ceaf8f6d9337d62e6b3580966f070
  custom:scripting/monoscript/fileName/RedirectNodeData.cs:  -> bedeee0585221a7082317d3c7e3300ab
  custom:scripting/monoscript/fileName/RangeCoder.cs:  -> 9c7c0dd6caf32ae485c7c289da3fe540
  custom:scripting/monoscript/fileName/Texture2DPropertyDrawer.cs:  -> 469ed647fed6671a9a3fb159ab846d6b
  custom:scripting/monoscript/fileName/CalculateAssetDependencyData.cs:  -> 3543034cff244684ebe2b35b7e56cabb
  custom:scripting/monoscript/fileName/Unity5PackedIdentifiers.cs:  -> 2fef534b6f5a3f203548e50e8ca6fb59
  custom:scripting/monoscript/fileName/SRMonoBehaviourEx.cs:  -> 8ed55aef64a8ea2c7480dbea42c3d7c8
  custom:scripting/monoscript/fileName/SubGraphOutputNodePropertyDrawer.cs:  -> c56abda1dfd35d08003f2240cdfd9b71
  custom:scripting/monoscript/fileName/CubemapControl.cs:  -> 26f309ff8e67c3b325e17b2e7d59b672
  custom:scripting/monoscript/fileName/UniversalFields.cs:  -> 17d3b9211f7e771daa2126e9ff865010
  custom:scripting/monoscript/fileName/AssetCollection.cs:  -> 7e9bf8be86d430f3f90eb9bba7ad3610
  custom:scripting/monoscript/fileName/GizmoUtility.cs:  -> 3cf94f2ee011511320f879526818cda8
  custom:scripting/monoscript/fileName/IESImporterEditor.cs:  -> 037f41a55e036e8e490e2357616d3a77
  custom:scripting/monoscript/fileName/SearcherControl.cs:  -> 2648808b3a1c50581e7676a3206767bb
  custom:scripting/monoscript/fileName/ICloudEnvironmentConfigurationProvider.cs:  -> e191e2329b4561db479ad48b7fffb5d7
  custom:scripting/monoscript/fileName/IVirtualTexturingEnabledRenderPipeline.cs:  -> 01a21c9f6f3a6c9b712923d774149c96
  custom:scripting/monoscript/fileName/RenderGraphObjectPool.cs:  -> 75f237f51bbb7ae695a48fa2a2e7243a
  custom:scripting/monoscript/fileName/LightAnchorEditorTool.cs:  -> 0d16106f8077c9e8dce7c4771de6c236
  custom:scripting/monoscript/fileName/Volume.cs:  -> e8d925cbced64cec55671387d27765ba
  custom:scripting/monoscript/fileName/SRDebugUtil.cs:  -> 2d2e51f1b2a6c675c4548f31c442a218
Editor requested this worker to shutdown with reason: Scaling down because of idle timeout
TcpMessagingSession - receive error: operation aborted. errorcode: 995, details: 由于线程退出或应用程序请求，已中止 I/O 操作。
AssetImportWorker is now disconnected from the server
Process exiting
Exiting without the bug reporter. Application will terminate with return code 0