Using pre-set license
Built from '2022.3/china_unity/release' branch; Version is '2022.3.62f2c1 (92e6e6be66dc) revision 9627366'; Using compiler version '192829333'; Build Type 'Release'
OS: 'Windows 10  (10.0.19043) 64bit Professional' Language: 'zh' Physical Memory: 32533 MB
BatchMode: 1, IsHumanControllingUs: 0, StartBugReporterOnCrash: 0, Is64bit: 1, IsPro: 1

COMMAND LINE ARGUMENTS:
D:\Program Files\Unity\Hub\Editor\2022.3.62f2c1\Editor\Unity.exe
-adb2
-batchMode
-noUpm
-name
AssetImportWorker0
-projectPath
D:/1WorkSpace/MyTest/HoldemView
-logFile
Logs/AssetImportWorker0.log
-srvPort
62564
Successfully changed project path to: D:/1WorkSpace/MyTest/HoldemView
D:/1WorkSpace/MyTest/HoldemView
[UnityMemory] Configuration Parameters - Can be set up in boot.config
    "memorysetup-bucket-allocator-granularity=16"
    "memorysetup-bucket-allocator-bucket-count=8"
    "memorysetup-bucket-allocator-block-size=33554432"
    "memorysetup-bucket-allocator-block-count=8"
    "memorysetup-main-allocator-block-size=16777216"
    "memorysetup-thread-allocator-block-size=16777216"
    "memorysetup-gfx-main-allocator-block-size=16777216"
    "memorysetup-gfx-thread-allocator-block-size=16777216"
    "memorysetup-cache-allocator-block-size=4194304"
    "memorysetup-typetree-allocator-block-size=2097152"
    "memorysetup-profiler-bucket-allocator-granularity=16"
    "memorysetup-profiler-bucket-allocator-bucket-count=8"
    "memorysetup-profiler-bucket-allocator-block-size=33554432"
    "memorysetup-profiler-bucket-allocator-block-count=8"
    "memorysetup-profiler-allocator-block-size=16777216"
    "memorysetup-profiler-editor-allocator-block-size=1048576"
    "memorysetup-temp-allocator-size-main=16777216"
    "memorysetup-job-temp-allocator-block-size=2097152"
    "memorysetup-job-temp-allocator-block-size-background=1048576"
    "memorysetup-job-temp-allocator-reduction-small-platforms=262144"
    "memorysetup-allocator-temp-initial-block-size-main=262144"
    "memorysetup-allocator-temp-initial-block-size-worker=262144"
    "memorysetup-temp-allocator-size-background-worker=32768"
    "memorysetup-temp-allocator-size-job-worker=262144"
    "memorysetup-temp-allocator-size-preload-manager=33554432"
    "memorysetup-temp-allocator-size-nav-mesh-worker=65536"
    "memorysetup-temp-allocator-size-audio-worker=65536"
    "memorysetup-temp-allocator-size-cloud-worker=32768"
    "memorysetup-temp-allocator-size-gi-baking-worker=262144"
    "memorysetup-temp-allocator-size-gfx=262144"
Player connection [35068]  Target information:

Player connection [35068]  * "[IP] 192.168.25.13 [Port] 0 [Flags] 2 [Guid] 3462461310 [EditorId] 3462461310 [Version] 1048832 [Id] WindowsEditor(7,PC-ZhuaC) [Debug] 1 [PackageName] WindowsEditor [ProjectName] Editor" 

Player connection [35068] Host joined multi-casting on [225.0.0.222:54997]...
Player connection [35068] Host joined alternative multi-casting on [225.0.0.222:34997]...
Input System module state changed to: Initialized.
[PhysX] Initialized MultithreadedTaskDispatcher with 16 workers.
Refreshing native plugins compatible for Editor in 9.36 ms, found 4 plugins.
Preloading 0 native plugins for Editor in 0.00 ms.
Initialize engine version: 2022.3.62f2c1 (92e6e6be66dc)
[Subsystems] Discovering subsystems at path D:/Program Files/Unity/Hub/Editor/2022.3.62f2c1/Editor/Data/Resources/UnitySubsystems
[Subsystems] Discovering subsystems at path D:/1WorkSpace/MyTest/HoldemView/Assets
GfxDevice: creating device client; threaded=0; jobified=0
Direct3D:
    Version:  Direct3D 11.0 [level 11.1]
    Renderer: Intel(R) UHD Graphics 750 (ID=0x4c8a)
    Vendor:   Intel
    VRAM:     16266 MB
    Driver:   30.0.101.1191
Initialize mono
Mono path[0] = 'D:/Program Files/Unity/Hub/Editor/2022.3.62f2c1/Editor/Data/Managed'
Mono path[1] = 'D:/Program Files/Unity/Hub/Editor/2022.3.62f2c1/Editor/Data/MonoBleedingEdge/lib/mono/unityjit-win32'
Mono config path = 'D:/Program Files/Unity/Hub/Editor/2022.3.62f2c1/Editor/Data/MonoBleedingEdge/etc'
Using monoOptions --debugger-agent=transport=dt_socket,embedding=1,server=y,suspend=n,address=127.0.0.1:56932
Begin MonoManager ReloadAssembly
Registering precompiled unity dll's ...
Register platform support module: D:/Program Files/Unity/Hub/Editor/2022.3.62f2c1/Editor/Data/PlaybackEngines/AndroidPlayer/UnityEditor.Android.Extensions.dll
Register platform support module: D:/Program Files/Unity/Hub/Editor/2022.3.62f2c1/Editor/Data/PlaybackEngines/iOSSupport/UnityEditor.iOS.Extensions.dll
Register platform support module: D:/Program Files/Unity/Hub/Editor/2022.3.62f2c1/Editor/Data/PlaybackEngines/WindowsStandaloneSupport/UnityEditor.WindowsStandalone.Extensions.dll
Registered in 0.006959 seconds.
- Loaded All Assemblies, in  0.266 seconds
Native extension for WindowsStandalone target not found
[usbmuxd] Start listen thread
[usbmuxd] Listen thread started
Native extension for iOS target not found
Native extension for Android target not found
Android Extension - Scanning For ADB Devices 278 ms
Mono: successfully reloaded assembly
- Finished resetting the current domain, in  0.523 seconds
Domain Reload Profiling: 788ms
	BeginReloadAssembly (76ms)
		ExecutionOrderSort (0ms)
		DisableScriptedObjects (0ms)
		BackupInstance (0ms)
		ReleaseScriptingObjects (0ms)
		CreateAndSetChildDomain (1ms)
	RebuildCommonClasses (24ms)
	RebuildNativeTypeToScriptingClass (8ms)
	initialDomainReloadingComplete (43ms)
	LoadAllAssembliesAndSetupDomain (113ms)
		LoadAssemblies (76ms)
		RebuildTransferFunctionScriptingTraits (0ms)
		AnalyzeDomain (111ms)
			TypeCache.Refresh (110ms)
				TypeCache.ScanAssembly (99ms)
			ScanForSourceGeneratedMonoScriptInfo (0ms)
			ResolveRequiredComponents (0ms)
	FinalizeReload (524ms)
		ReleaseScriptCaches (0ms)
		RebuildScriptCaches (0ms)
		SetupLoadedEditorAssemblies (487ms)
			LogAssemblyErrors (0ms)
			InitializePlatformSupportModulesInManaged (348ms)
			SetLoadedEditorAssemblies (4ms)
			RefreshPlugins (0ms)
			BeforeProcessingInitializeOnLoad (2ms)
			ProcessInitializeOnLoadAttributes (97ms)
			ProcessInitializeOnLoadMethodAttributes (36ms)
			AfterProcessingInitializeOnLoad (0ms)
			EditorAssembliesLoaded (0ms)
		ExecutionOrderSort2 (0ms)
		AwakeInstancesAfterBackupRestoration (0ms)
========================================================================
Worker process is ready to serve import requests
Caller must complete domain reload
Begin MonoManager ReloadAssembly
- Loaded All Assemblies, in  0.499 seconds
Native extension for WindowsStandalone target not found
Native extension for iOS target not found
Native extension for Android target not found
Mono: successfully reloaded assembly
- Finished resetting the current domain, in  0.581 seconds
Domain Reload Profiling: 1079ms
	BeginReloadAssembly (115ms)
		ExecutionOrderSort (0ms)
		DisableScriptedObjects (4ms)
		BackupInstance (0ms)
		ReleaseScriptingObjects (0ms)
		CreateAndSetChildDomain (16ms)
	RebuildCommonClasses (32ms)
	RebuildNativeTypeToScriptingClass (8ms)
	initialDomainReloadingComplete (30ms)
	LoadAllAssembliesAndSetupDomain (313ms)
		LoadAssemblies (241ms)
		RebuildTransferFunctionScriptingTraits (0ms)
		AnalyzeDomain (137ms)
			TypeCache.Refresh (114ms)
				TypeCache.ScanAssembly (102ms)
			ScanForSourceGeneratedMonoScriptInfo (17ms)
			ResolveRequiredComponents (4ms)
	FinalizeReload (581ms)
		ReleaseScriptCaches (0ms)
		RebuildScriptCaches (0ms)
		SetupLoadedEditorAssemblies (455ms)
			LogAssemblyErrors (0ms)
			InitializePlatformSupportModulesInManaged (22ms)
			SetLoadedEditorAssemblies (5ms)
			RefreshPlugins (0ms)
			BeforeProcessingInitializeOnLoad (91ms)
			ProcessInitializeOnLoadAttributes (304ms)
			ProcessInitializeOnLoadMethodAttributes (30ms)
			AfterProcessingInitializeOnLoad (3ms)
			EditorAssembliesLoaded (0ms)
		ExecutionOrderSort2 (0ms)
		AwakeInstancesAfterBackupRestoration (5ms)
Launched and connected shader compiler UnityShaderCompiler.exe after 0.04 seconds
Refreshing native plugins compatible for Editor in 3.24 ms, found 4 plugins.
Preloading 0 native plugins for Editor in 0.00 ms.
Unloading 4136 Unused Serialized files (Serialized files now loaded: 0)
Unloading 38 unused Assets / (241.7 KB). Loaded Objects now: 4602.
Memory consumption went from 142.5 MB to 142.3 MB.
Total: 3.018800 ms (FindLiveObjects: 0.219400 ms CreateObjectMapping: 0.119800 ms MarkObjects: 2.543200 ms  DeleteObjects: 0.135500 ms)

AssetImportParameters requested are different than current active one (requested -> active):
  custom:scripting/monoscript/fileName/BuildMergeTabParameters.cs: 2c923f29302a39560b4301c3fd163a7b -> 
  custom:scripting/monoscript/fileName/IncomingChangesTab.cs: 8a20aca125f6d4b837670edb6e36bc05 -> 82bff1d960538992d4e618d909869d2e
  custom:scripting/monoscript/fileName/DiffSelection.cs: 34faf7c86f7e0c9a01162e930679d82f -> 1460aaba4240ef35322cb9c198487990
  custom:scripting/monoscript/fileName/DrawStaticElement.cs: 6cbd346d4a1be2ee84c9ebe55a7f9f79 -> 5765d84d60602f16f5577bf0b7fc6b96
  custom:scripting/monoscript/fileName/MoveDeleteMenu.cs: f1a7b8a8be76c035d934c51863f3b934 -> c4ad4528e772c33a6167006886a8d1da
  custom:scripting/monoscript/fileName/DialogWithCheckBox.cs: 738e3e0af97e826e16805dda77e5f009 -> 
  custom:scripting/monoscript/fileName/DateFilter.cs: de3aab0283a2b4a1d4d64145b14132d5 -> 3a6cb8c2e3ffbb5a9052e322ee5bf411
  custom:scripting/monoscript/fileName/PerformInitialCheckin.cs: be22d181e456c0a8a5713675f29ac72a -> 8ef9a9f407b8b94b2b5fad9d24e61f79
  custom:scripting/monoscript/fileName/ConflictResolutionState.cs: d9394655856a9fc1a0b280bc997bac16 -> 74a230000ff2fd58c5a60ab4258207dc
  custom:scripting/monoscript/fileName/FindWorkspace.cs: 39bbd18bfe6bf4a99f5c185dcda4dd4a -> 6af6c9e9382fef881c020ab184e6f7f5
  custom:container-demuxer-ogg: 62fdf1f143b41e24485cea50d1cbac27 -> 
  custom:scripting/monoscript/fileName/CheckinConflictsDialog.cs: d3af1d70d3f60a9847d2942647274222 -> e13fa04a97fb675842c94586fc602871
  custom:scripting/monoscript/fileName/AuthToken.cs: d22b2893825e943bc1389be142abd57e -> 0fba7e8eb1ec8b699f274cdc956451b2
  custom:scripting/monoscript/fileName/ProgressControlsForDialogs.cs: 6bf8e69ac7dc2163fe988e5d8181ce88 -> 7e6bd1727985204e3b64e1946e589b1c
  custom:scripting/monoscript/fileName/AssetStatusCache.cs: beede06d8a6d93e7907fd192ad653f2b -> 260d5f85663ac58b2a7e9553c453bc3e
  custom:scripting/monoscript/fileName/OrganizationPanel.cs: d7ac1288bef1b15a05bb26d201a4d87f -> 57a57e6a345dbd536e91c348b70943a9
  custom:scripting/monoscript/fileName/ChangeCategoryTreeViewItem.cs: efd70108e1f6ff61ed2723220486adfc -> fd14db176fff061715c8ec88ced1902f
  custom:scripting/monoscript/fileName/CurrentUserAdminCheckResponse.cs: cec2f173fe8732108711c497674c6f66 -> d57c2dcace740834acd59fdfbc5023b8
  custom:scripting/monoscript/fileName/UIElementsExtensions.cs: a191d7293be4538b0adb29dfe5b06a46 -> 52e0d612ab032e4d22e9558b90396b99
  custom:scripting/monoscript/fileName/CreateBranchDialog.cs: c429477092287209232592c8cde1a615 -> 9eb29fda08033b4f847247136c412db6
  custom:scripting/monoscript/fileName/DrawCreateWorkspaceView.cs: 6422239d8f649480614f0dd4f018b7f2 -> c6039ac84d85ab3926aa94de163a9f7d
  custom:scripting/monoscript/fileName/ProjectPath.cs: 5634ebdbea8ca94089eb9622d1b60497 -> 2007f972d3a73eeb86dfe05e849c7f69
  custom:scripting/monoscript/fileName/SSOCredentialsDialog.cs: 8967ceae1bc195ea8dd32b23c42dd852 -> e140ede12a96f68f30062138385171c3
  custom:scripting/monoscript/fileName/DownloadPlasticExeDialog.cs: 2dd40c53d0303d041a27a44a95c331cb -> 093cfe0607c2346a88cdfdfe1435614f
  custom:scripting/monoscript/fileName/GetOperationDelegate.cs: e719058321e4f2be94be212e42f097c8 -> 
  custom:scripting/monoscript/fileName/PendingChangesTab_Operations.cs: c99065f3c85ec85c85ece2a1a30665af -> 15ae6787065f4af65778e981f418a60b
  custom:scripting/monoscript/fileName/LocksListViewItem.cs: cc9cd24c5be4f7363367cba72f12aad4 -> f4a19fabbec093eb3d6a7e1cd4f42611
  custom:scripting/monoscript/fileName/PendingChangesViewPendingChangeMenu.cs: 561ad0f702e1db14300a4a5f810051f9 -> 9a6ef2277212bf26d647c7f12f946287
  custom:scripting/monoscript/fileName/SignInPanel.cs: f7e82045994d4eefe3b021faa87b55c6 -> bac0318ce35e37bed3a2cc8137452435
  custom:scripting/monoscript/fileName/DrawInspectorOperations.cs: 61c4a6a6507d8f84ef5bdf5cba3f0aee -> 8c94fe642e98309082411f46db89106b
  custom:scripting/monoscript/fileName/DrawDirectoryResolutionPanel.cs: b77d9918f02a8eac64394aaf99fa4b28 -> e4e3c9b4bc511687802b504b71016540
  custom:scripting/monoscript/fileName/CloseWindowIfOpened.cs: d820344e932a12600b5fe6fb7e9f1563 -> ce229ef3b7461ff17e2c1af0695a6657
  custom:scripting/monoscript/fileName/SaveAssets.cs: e472a52843752df7d7ad4ca6b2c8da98 -> b56abea3d51c742ac29e4aec958afad6
  custom:scripting/monoscript/fileName/MergeViewMenu.cs: 93bc40369a2f104c249cef1d685ad358 -> c1676e16bdcf215f6595ea9de7a1fc33
  custom:scripting/monoscript/fileName/RepositoriesListView.cs: 9f95c83dc460fb03fb0916472f14b8a7 -> 95287f65338ca0073ad04002a16eaaf7
  custom:scripting/monoscript/fileName/HandleMenuItem.cs: 740e54c5f6dca1acc88cad87af74b744 -> b4ad1ecc5243212c5967125ad5e41b1f
  custom:scripting/monoscript/fileName/ScreenResolution.cs: 5c975132cf4e36dcc261bd0acd604271 -> 7bb7bb5b955671820101b322f0a7bf3d
  custom:scripting/monoscript/fileName/MergeSelection.cs: 6deb9bc55c10a7ac7c9f905a7b92dbe8 -> 630eecd27cae3311e65e09d9c63da8b7
  custom:scripting/monoscript/fileName/ApplicationDataPath.cs: 8e4094e28762fb76a1baecfe90c6b65e -> 3e8c4ea8debfda8013fed860ac233d22
  custom:video-decoder-ogg-theora: a1e56fd34408186e4bbccfd4996cb3dc -> 
  custom:scripting/monoscript/fileName/RepaintInspector.cs: f134606300316994850c28a68d0cb5a3 -> 
  custom:scripting/monoscript/fileName/LockStatusCache.cs: 5e3725e03dc21c716034553589a67eae -> e99b3f34c5cd3eb73ec19439af1f7f80
  custom:scripting/monoscript/fileName/DiffTreeView.cs: 68195907d129ef826aa6b6df7202696d -> 49f46fd2a65ea674a218eead75f27aac
  custom:scripting/monoscript/fileName/DependenciesDialog.cs: 82d30fc8d5e1a73ec0d1ee9acc00fbc2 -> c8902186ab2f4e6471b5dd147afb01b6
  custom:scripting/monoscript/fileName/ChangesetListViewItem.cs: 95a197949f1e777703db60eea8cc21b3 -> d742a4910e302777daa1ccb9c8e92cb9
  custom:scripting/monoscript/fileName/LocksViewMenu.cs: fda08381fa9abca53b6eaf3bf55f14f8 -> 186d8514e824865b191ba1829afe4b33
  custom:scripting/monoscript/fileName/IncomingChangesViewMenu.cs: 5f96afa82d3e2a8078206b7f6d3b0752 -> 13196979a03411533716f6775c9a624b
  custom:scripting/monoscript/fileName/QueryVisualElementsExtensions.cs: 75ea535788abf9c38ba9341c984a6241 -> a49740b6efbb934f55475cc70b864a4c
  custom:scripting/monoscript/fileName/DivergentMoveMenu.cs: 5b146ed65a6a030ab7d86a0d711244f7 -> 98d76b5791494212a0c25aa6a4af7288
  custom:scripting/monoscript/fileName/WriteLogConfiguration.cs: 1a8401f47b522f631a3dc005105719f5 -> 1589212d1638ae91a029ea3ddf9999f2
  custom:scripting/monoscript/fileName/FileSystemOperation.cs: c31a686e69e66801c204a11be56c950a -> f0ccbe91654279794a85bf6f1c034716
  custom:scripting/monoscript/fileName/MigrateCollabProject.cs: af93695e471d9c8e4ad014c4165f2c3c -> 9f3487f03a783b35518405572f20ac9e
  custom:framework-win-MediaFoundation: 216162199b28c13a410421893ffa2e32 -> 
  custom:scripting/monoscript/fileName/ProgressControlsForViews.cs: 7d677c6df38ab15cf390062b5b0bb854 -> a8a18a90f46aa63848e1e45d8d7ff9af
  custom:scripting/monoscript/fileName/DrawAssetOverlay.cs: 04a46044def089f0abcdafdd281e3646 -> 
  custom:scripting/monoscript/fileName/ProjectWindow.cs: c62567a3d71fd74636bc783de5162474 -> 
  custom:scripting/monoscript/fileName/MergeLinksListView.cs: 826afb5fb5988163105086b4bf5027af -> c9488671ae9b14523680d0c19097baa0
  custom:scripting/monoscript/fileName/UnityCloudProjectLinkMonitor.cs: a6d5b729fcd63f578363f7929a986e8b -> 86b74508945daf368996ea82904ac8da
  custom:scripting/monoscript/fileName/EditorProgressBar.cs: 7418be9b22aaea32732f8a5f49569d1c -> 08c2f2b90ef64df631d46389f0e22c8e
  custom:scripting/monoscript/fileName/MeasureMaxWidth.cs: cd9322680ae61d38397008451b7ed0ed -> 1569e3f1dad91a9b01cba66ab6aa30b0
  custom:scripting/monoscript/fileName/ChangesetsListHeaderState.cs: 69fc4f1a2bc3782d7043ec48961a3616 -> fe1392f9b135da83e13fe8a5e5f39fc2
  custom:scripting/monoscript/fileName/PendingChangesTreeHeaderState.cs: 7d278b5569d28437d07554a3bbb56e1b -> 5d7f70d142c9ac67864ec14950523d62
  custom:scripting/monoscript/fileName/MissingEncryptionPasswordPromptHandler.cs: 7f5831fc8a41e9cadd84fcfd0e885072 -> 5d7b9646eb14a39b6d3d5bab19d266ff
  custom:scripting/monoscript/fileName/ChangelistMenu.cs: ca33bac56b3a337faa90a1b1bba632d6 -> c1bf5aeb760cc5eae584ea3944d6531b
  custom:scripting/monoscript/fileName/NotificationBar.cs: d1a4cf5e8103d80fd25347275f906aa8 -> 50f1a85fa18d94338418def78dcd8543
  custom:scripting/monoscript/fileName/EmptyCommentDialog.cs: c9c28ff22d24598d7e4856f434bb1b92 -> 99cc06133e502eab7998108e26fd5614
  custom:scripting/monoscript/fileName/UnityThreadWaiter.cs: dbd556f2802baab90a20da38c288d36c -> 99333406d92d10003984b4d1920de2f9
  custom:scripting/monoscript/fileName/CredentialsDialog.cs: 179b5e49656a1623c2e79d838f0f5876 -> c785d5e40f8d66b7ef7ba04ee7c324e0
  custom:scripting/monoscript/fileName/ProcessHubCommand.cs: 30630f626164e285c361aa64e681100e -> 8ab0fc63fa4d9d749198dd61b09d7e37
  custom:scripting/monoscript/fileName/GetRestorePathDialog.cs: e21eb9983f0b989125951478cd5e9b35 -> 353d1126ca2d2063d5bdbd06806ffc08
  custom:scripting/monoscript/fileName/UpdateReportListHeaderState.cs: 64a5bf775d221ad9a5ff8c78a1e0e1fa -> d6cbe54be2898ed2c96c2e79572c2e08
  custom:scripting/monoscript/fileName/LocksListView.cs: 8c6202774eebcf67be9c3b5a2926cc7c -> 7aa51ff93bcc98aa05dec8b46ec200c4
  custom:scripting/monoscript/fileName/DownloadAndInstallOperation.cs: b043b8d5921892e87f4566e00162cff6 -> 4f4065aeafda2af0ec272a3c228e27b2
  custom:scripting/monoscript/fileName/DiffTreeViewMenu.cs: 3e62bfc69ca7486976988e151b88922e -> 8039fc4ecf68b3e966e1f4822789e7fa
  custom:scripting/monoscript/fileName/UnityStyles.cs: 9cb60b3dfb2aa9ad7fb7f3438dc23bed -> a77bf4c43409620cb9527bf40c7b31b2
  custom:scripting/monoscript/fileName/HistoryTab.cs: 4d086984813cd90d6be245dd8e03a2ba -> d57f000c65fde42a2228c7a105a836e5
  custom:scripting/monoscript/fileName/HistorySelection.cs: 7c3afcf345a55e8b77ea41ca0f570218 -> 3d07a3d1241e204b5420d71f1137eba4
  custom:scripting/monoscript/fileName/CreateWorkspace.cs: 7b3086384e5ddcd73cd5064a3ce31cd2 -> 5256205b5cf0570b6f698c7abe518f5a
  custom:scripting/monoscript/fileName/ShowWindow.cs: c731454122754eec192bc3c53fac3d95 -> a6bb1d20733c178256b38974418d7450
  custom:scripting/monoscript/fileName/LocksListHeaderState.cs: b80c5f044f18764adef2e9dbea5f0fb1 -> c7fe4d3b5f954615048f8e79925d29e3
  custom:scripting/monoscript/fileName/CreateRepositoryDialog.cs: 1e1c5399cf3d0b071c7982c565a710ce -> 5cec3e66b09e0dbe1f805953c5c64af9
  custom:scripting/monoscript/fileName/RenameBranchDialog.cs: a3111a345c6451ee64cd16f1989c2313 -> e5c89c05c87517babb3730e87196a494
  custom:scripting/monoscript/fileName/EncryptionConfigurationDialog.cs: 6423045767c07e6360ff314ec741c601 -> 19e9c54aff6ffc68d60fe11f80578947
  custom:scripting/monoscript/fileName/CheckinProgress.cs: 298ac58365579798eb3b4defc181ccaf -> 75b93dbc5ef307111f0647f735640420
  custom:scripting/monoscript/fileName/AssetCopyPathOperation.cs: 571ede78b6298606a236918df9df62d5 -> 633a9d130b72ba594756844b628f0ae2
  custom:scripting/monoscript/fileName/PendingChangesSelection.cs: 766664749a54eea9ecce5dff917430ef -> 1721ad72d074757364587c71b49d9382
  custom:scripting/monoscript/fileName/LoadAsset.cs: 9042eb334fc462cf466672445be1d4c2 -> 5e4e082aa5b21c13b80eb237fe94d00b
  custom:scripting/monoscript/fileName/Images.cs: 0b0c14141950fed99e3ef33199b3b4c9 -> fbdd1e600315d249327f3effde045c9d
  custom:scripting/monoscript/fileName/DrawLocksListViewItem.cs: ce3a3d64ec2d84c3556ffd4141efc4f7 -> 6201c4d50383e970d554210505562d37
  custom:scripting/monoscript/fileName/DrawProgressForOperations.cs: ea9179848be98ee7719316b39339ef29 -> b544f18e6532ba53bbd1b691fa5cd571
  custom:scripting/monoscript/fileName/ViewSwitcher.cs: bb22cc2814598bf2511f6c811c1dc194 -> dd1f6d6bc6ad5beda69b13cdb560799f
  custom:scripting/monoscript/fileName/RepositoryListViewItem.cs: 2f16ba7694ec7934685021093e722c4e -> 3cabcd81911a2500dcd9e2b6ffae3f00
  custom:scripting/monoscript/fileName/InspectorAssetSelection.cs: 71ba78e42827a9b22a9a6016733d756f -> 4b3c1ae4c44d88205aef26229acfe022
  custom:scripting/monoscript/fileName/UVCPackageVersion.cs: c4d95cb84d9d8dff4727eba6b0a64378 -> 
  custom:scripting/monoscript/fileName/IncomingChangesTreeHeaderState.cs: f578f4545f0afb1f0a2de9a25e26e33b -> 9fcb97ef2da44c66332f5c6800c2e6ed
  custom:scripting/monoscript/fileName/DrawTextBlockWithLink.cs: d38f3ee197d9063693d0301d5157b32c -> 1d43814d810f0d56e2964ad3b72f271e
  custom:scripting/monoscript/fileName/WorkspaceOperationsMonitor.cs: 5f05751fd4d94e02e79a5bf200f98f9a -> 43dcc435c252a54bdaaf4d6588b7d66e
  custom:CustomObjectIndexerAttribute: 9a22284fe3817be447336de3de66b15e -> 
  custom:scripting/monoscript/fileName/ShelvesSelection.cs: 05891c88858e4ac7776c0c0c49b5b74f -> 8a3e11e7cd7bbf10b24988c7bf636dea
  custom:scripting/monoscript/fileName/MacOSConfigWorkaround.cs: 8634a542fc5c45ea8cd9a8244bf2c871 -> 9fe61e763da506601651f6c451cecb0a
  custom:scripting/monoscript/fileName/IncomingChangesSelection.cs: a96a5a084d59fe3917a3831b68fa9479 -> d86f9f4463e6f9d99bb815e1f018ccf1
  custom:scripting/monoscript/fileName/AddMoveMenu.cs: 07e842d83dd343358454fef0a7927a0d -> e681c3341f01390e9c1d636ae93280df
  custom:scripting/monoscript/fileName/PlasticProjectSettingsProvider.cs: c126b47f9f934d48f0646c249a5bfcca -> 8c4ae1aeb34c51d2a5a8924265075ff2
  custom:scripting/monoscript/fileName/AssetMenuItems.cs: 9ce81cedb8e568c6b7b646aa6263645b -> 
  custom:scripting/monoscript/fileName/ToolConstants.cs: a088b027c7b0922429c756f12b0507ea -> 3b0d2490617bc7f94a0bdab65a399e1d
  custom:scripting/monoscript/fileName/MergeTab.cs: f39dce5bbfdc053d284a55fc102a8be9 -> f0a9f00e065364eb63b070091ade67f8
  custom:scripting/monoscript/fileName/GetSelectedPaths.cs: 02423a81496d6c63598b5cdc203f4354 -> be35dd49dddd53fc840b9febf21b4d0d
  custom:scripting/monoscript/fileName/TokenExchangeResponse.cs: 0dd9138dbeab6f132711a5b608de5c13 -> f20183d4cf939766d3c1e15cc3bec2e3
  custom:scripting/monoscript/fileName/ChangesetsTab_Operations.cs: eca44847b108faefa69f8c525242c965 -> 3290c4c0cd248666e01a08ee6d621249
  custom:scripting/monoscript/fileName/OverlayRect.cs: 59d6887e4803f8a44ffaa0409470e410 -> 
  custom:scripting/monoscript/fileName/ConfigurePartialWorkspace.cs: 309d4276b0164b05348aedbd51cc0b2f -> 10fcc6b6d43dd5ed36c43c6f7b5906c4
  custom:scripting/monoscript/fileName/ValidRepositoryName.cs: 43c262be3f66a970816e3d3a3ee8872a -> 56bcf92a3678f6ad6215cae2e4914cfd
  custom:scripting/monoscript/fileName/OtherOptionsFoldout.cs: eea27b9873519c1ea7c35b8afc1b7947 -> cc8f3a7680050422963ebd2bf169a841
  custom:container-demuxer-webm: 4f35f7cbe854078d1ac9338744f61a02 -> 
  custom:scripting/monoscript/fileName/GetPlasticShortcut.cs: 2a84c035152261f00e7e66eb44cd0ffa -> 5c2b7bf07ddd2284efc64b09ef0f1f72
  custom:scripting/monoscript/fileName/ApplyShelveWithConflictsQuestionerBuilder.cs: e109c624745dcc4304c557872b253808 -> 02e4256f31bc905362a382e31c3387eb
  custom:scripting/monoscript/fileName/GuiEnabled.cs: 1b1658fd7715b5cc664c10a130c6b629 -> 7bb13fcc8d8cbd392e00f7232841f086
  custom:scripting/monoscript/fileName/BuildPathDictionary.cs: 943911b84162d26cea47f964f9a0a399 -> 9fabc7cc73fcfc50b8a3307c6aa6ec4d
  custom:scripting/monoscript/fileName/FindEditorWindow.cs: 2bb64182aef631315344623cf583c78a -> 8c3c78bb7e82ac5008f8a2b8a0d68cff
  custom:scripting/monoscript/fileName/ShelvePendingChangesDialog.cs: 47aa4c07d31152c0c1eff64d2ba76cc6 -> 86b1f48b5fbaffa67e939e7f404062e6
  custom:scripting/monoscript/fileName/DrawProgressForViews.cs: c153245b67af73b7ee03f693a1127796 -> 068a172cb549ad77d9873d721698bd0d
  custom:scripting/monoscript/fileName/UpdateReportDialog.cs: 706e7e86547c339cdb3a4462e3f7a54d -> 087837d8f73228f1a817d0de82c77260
  custom:scripting/monoscript/fileName/UnityMergeTree.cs: f81f2d7551ab855fe9dc724f3f2e2892 -> 59edaa0a4669bbcb540a261166adc144
  custom:scripting/monoscript/fileName/CycleMoveMenu.cs: 91c21a0be9b3727d7673f94321029c52 -> b3993a7306fc941f55ca963833965729
  custom:scripting/monoscript/fileName/HistoryListView.cs: 527da2d093462f1c4a278d6957e7d5ac -> 7b2d1d2c12ab43d9d244e35197127919
  custom:scripting/monoscript/fileName/ChangeTreeViewItem.cs: 506ed128854137d9f75f9e3d2576a06b -> b0a38ce0a620643c776a3db4fd91bc4c
  custom:scripting/monoscript/fileName/BringWindowToFront.cs: 88b20f2a2881db6a013f54923d68cdee -> a30c7c1ba746c6d277a5aedd3057d15e
  custom:scripting/monoscript/fileName/ShelvesViewMenu.cs: 947ea245959bf421539573511c3a0058 -> da5dc74b3444288f443961ecab7245d6
  custom:scripting/monoscript/fileName/LaunchCheckinConflictsDialog.cs: 4417eba1591eccb2221bfdce0106c1e0 -> e2c1e3f8f4e14a62e4363fe6259adbc2
  custom:scripting/monoscript/fileName/ParseArguments.cs: 03c1a4d7e357164ca313a0019713c3db -> ae915d9f5fe287ced40627c9ca8bfafd
  custom:scripting/monoscript/fileName/ExternalLink.cs: 685ff1dd6f55eb61a1fd8af84a2aa7f5 -> a8ff952d8c27d10f226ab92b7aa83b69
  custom:scripting/monoscript/fileName/WaitingSignInPanel.cs: 247680fcfc6a176b9fa28a3df600a754 -> 7585e1c7111b6b900784e6d1c9454258
  custom:scripting/monoscript/fileName/OperationProgressData.cs: 0db72349eeecbe9449a517b1d79cc760 -> 15f68712baaea535af36d9e0333c0a6e
  custom:scripting/monoscript/fileName/RepositoriesListHeaderState.cs: c0353a1af15ae4fd3d5a2a3cac816423 -> fb71b961ab7c924511a6b0e8680b60ee
  custom:scripting/monoscript/fileName/ClientDiffTreeViewItem.cs: 56be9d3aa410e770e75de2d8b93be89d -> 43bdd7aa5bf1aa039a5b572c119c38d0
  custom:scripting/monoscript/fileName/CreateWorkspaceView.cs: c40bc4c8524ef3e2374ef997beb2e4a6 -> 9ae2295080d141c0f12d02a71014e11c
  custom:scripting/monoscript/fileName/CommandLineArguments.cs: 0d20ca25f94249586a7c1484c469d8a2 -> 48a62ad3f817c0269ea7fc4a53799594
  custom:scripting/monoscript/fileName/DownloadRepository.cs: 46fc68d9cc4da8e8ed765ff28b2dd438 -> 5bad8d3f76a3fcb41a94637e37c11ab0
  custom:scripting/monoscript/fileName/ParentWindow.cs: 2476d8a6ba9c3055f984ac9792cae61a -> d6aa079e592e01701c5baa3ab98898bc
  custom:scripting/monoscript/fileName/OperationParams.cs: 091a140b35535b91c773ddf98925322d -> 3312c7a4424a66ffbf2f88f056f329aa
  custom:scripting/monoscript/fileName/SignInWithEmailPanel.cs: a5823728eb62cf6dbd8c933c1cb26f53 -> 6e8957c0ed7609303e68389067e72d72
  custom:scripting/monoscript/fileName/LaunchInstaller.cs: f9b7c99441bc32980ce9b95be066824b -> b75efdf5909b501e06cacd9c66f75981
  custom:scripting/monoscript/fileName/GetWindowIfOpened.cs: 84a2356c61155912908cf98a62600c22 -> fd8bfd1a9b371371ebbff48e377726f9
  custom:scripting/monoscript/fileName/AvatarImages.cs: ea6dca998cf0ec5122553a9e010ef687 -> 3aa8c25a350843151ec4070c820c411a
  custom:scripting/monoscript/fileName/DrawUserIcon.cs: 2f65feb9bed897237f97fbf9c5479092 -> 7d5385bf780ae84e648a8b49f8fe0825
  custom:scripting/monoscript/fileName/TreeViewItemExtensions.cs: d22abf8de7a9ab0e852b869a652f100d -> 6849c47ffa8623d630ef12f76bd49905
  custom:scripting/monoscript/fileName/AssetStatus.cs: b9ea657347f2c22e8e401cdb256c516c -> e017010009bdb28bcb0d7d8ef05e7dd9
  custom:scripting/monoscript/fileName/BranchesListView.cs: 334a3fb302f855f71fb71520fb442a71 -> 3f5ed9fe5a1bca512014ae1600ee1666
  custom:scripting/monoscript/fileName/DrawGuiModeSwitcher.cs: 363adc150c5f1c5059a678f179906090 -> d3be34a3134d3fe80ef6b14d0d519128
  custom:scripting/monoscript/fileName/UnityMenuItem.cs: 5f445176ad3735e69769d93250663be7 -> 73f3c859f1b5092ad362c09e23b3a922
  custom:scripting/monoscript/fileName/WebRestApiClient.cs: 8ab6ae74a3793a3375cc48f328048a82 -> 746756fd499dddd02a4e7ccdbac48be3
  custom:scripting/monoscript/fileName/ShelveListViewItem.cs: a37862556d04b25f75804d991e109d87 -> 373418f0ae11fc25a26ff7fe4f472006
  custom:scripting/monoscript/fileName/OpenPlasticProjectSettings.cs: 5a86fd454f7c9f74b62653e269818d3f -> 
  custom:scripting/monoscript/fileName/PendingChangesOptionsFoldout.cs: 2a2f5a0ba87bd75c4475236a9a012016 -> f9e651bcc5d4441496c88ab59a32f360
  custom:scripting/monoscript/fileName/IncomingChangesTreeView.cs: d8c19bc81b07c04d7721396d2821d297 -> 96479648d4498738733254eb4e4c6fb5
  custom:scripting/monoscript/fileName/GenericProgress.cs: 11287c7d038c487f32d0c8edc476a32d -> 8492ec26f01fc248d3eb3c2f5b3b6c0f
  custom:scripting/monoscript/fileName/ShelvesListView.cs: 0763e4076b11a683fa148282680085c0 -> 01c1f087b2f83b458da6b8ad18736606
  custom:scripting/monoscript/fileName/MergeCategoryTreeViewItem.cs: c1ecd9dc0cd73eb7eb129994dedc1a91 -> 6bd59fcbfeafe06987a54631991d755b
  custom:scripting/monoscript/fileName/CheckinDialog.cs: 1709b78fae1329cc05fd4f39334b25f5 -> 702fdb8d0a3b4bfcb9ba109e71325cad
  custom:scripting/monoscript/fileName/SortOrderComparer.cs: 8f6297df34271fdb1ce2d9607ec6261d -> 90647cc400823b41df847a6cbfc29026
  custom:scripting/monoscript/fileName/GUIActionRunner.cs: 69af7de0762ed6d085feb4cc4b5101b3 -> 4a0608de635b0d82868d57923d68eff7
  custom:scripting/monoscript/fileName/PlasticMenuItem.cs: 30c3a785b4c2607e2ae9aad693d5f604 -> 
  custom:scripting/monoscript/fileName/PendingChangesTreeView.cs: f3722f38014385705913f17dbe0f90c1 -> 17142d220a0a50a3f3d184c4718a0da7
  custom:scripting/monoscript/fileName/VCSPlugin.cs: 69c1b7249af35f35848ae707bd5e7113 -> 
  custom:scripting/monoscript/fileName/GetClientDiffInfos.cs: 4ae14b15e2cf5177a84735548a44cdc9 -> f8db8e637ded2d5e935a953a13b85ebe
  custom:scripting/monoscript/fileName/DrawActionButtonWithMenu.cs: d7f31944358aed2f3ed3982246fca039 -> 8d4f5edd02a1dd0f38c4f2baf5ee8a33
  custom:scripting/monoscript/fileName/ErrorListViewItem.cs: 9bf59c82e9c9992a012a3eb2b6c2bfe5 -> 509edc26860f8be303ec97d68aabc30d
  custom:container-muxer-webm: aa71ff27fc2769a1b78a27578f13a17b -> 
  custom:scripting/monoscript/fileName/EditorProgressControls.cs: b1f133fa38afd918d537a72574fc93a0 -> 2e606eb01a6e6a567f3de9a0379ed3ae
  custom:scripting/monoscript/fileName/BranchesListHeaderState.cs: d47f1164fa7093137db851c4c16ffba3 -> 82eab21603f4efc696334ee80641c2c9
  custom:scripting/monoscript/fileName/DrawSearchField.cs: b11b864a92c7d76f85d4ec87d6faf61c -> 3de70beba9f4447205d50241d95b066a
  custom:scripting/monoscript/fileName/PendingChangesTab.cs: c99065f3c85ec85c85ece2a1a30665af -> 15ae6787065f4af65778e981f418a60b
  custom:scripting/monoscript/fileName/MergeTreeHeaderState.cs: d266e9dd03ced7ec66ad3688e5f18f26 -> 6293ca7f65e9641fcbe12100e705a990
  custom:scripting/monoscript/fileName/BuildGetEventExtraInfoFunction.cs: 1308a6936e8051866a117b3b7c2c7b77 -> 74bfc8c01f931108a3c2b127aa04cc8d
  custom:scripting/monoscript/fileName/ShelvesTab.cs: 88e0da7511313c57d3f51ba183c4d3fc -> fca0a219bdad45e636bd34724e5dc89d
  custom:video-decoder-webm-vp8: 9c59270c3fd7afecdb556c50c9e8de78 -> 
  custom:scripting/monoscript/fileName/WelcomeView.cs: 07e35bfe1faa2c52c049eb30958acd54 -> f06c185659ea2f4a75f9397861dc6096
  custom:scripting/monoscript/fileName/DeleteMoveMenu.cs: 39c593e854a9a8ae0e6d34ceb587fce1 -> 4d026cbabd8105e38661f97da078042a
  custom:scripting/monoscript/fileName/PlasticApp.cs: c440a0fb380601a77ad475d6c15d4fa1 -> c57de230d90beac7b586f10b9c7c6cb5
  custom:scripting/monoscript/fileName/ChangesetsTab.cs: ef408d8aaf89e01b17643ed0c836680d -> 46dde8f7856048792ad2e75490bb8c5e
  custom:scripting/monoscript/fileName/DeleteBranchDialog.cs: efbbc070bfeda2b746e8b15a4380cb26 -> 8549b0fc52962c89115fd78724fee578
  custom:scripting/monoscript/fileName/IncomingChangesNotification.cs: d7ac4b8f9ea939309b8ceb7f729100a2 -> caa8ea2c7336b9227381f0971759e01a
  custom:scripting/monoscript/fileName/DrawTreeViewEmptyState.cs: d4c16fd6aad8161eda7d99fd74cbb08e -> 
  custom:scripting/monoscript/fileName/ErrorsListView.cs: cc3142391037796392fcd3fe860891dd -> cd35171982f17897dd5148dda46e0956
  custom:scripting/monoscript/fileName/UnityPendingChangesTree.cs: fd6f0a038401268983bd9328d10dec93 -> f391d9a00dc9e202cee4d4ebcf6d21c0
  custom:scripting/monoscript/fileName/ClientConfiguration.cs: 5f5e47bfb7cedc7420d7e59c6d7ae6f0 -> 01b18b09a6dbb3756e1f42a5b64aab0f
  custom:scripting/monoscript/fileName/AssetVcsOperations.cs: 50ee89e011ba3d800b4e7a9a24aca7e1 -> 
  custom:scripting/monoscript/fileName/PlasticDialog.cs: b0aae1bf1889af041741f324070b7b84 -> 63a17a2b696bc2a13c9046aa16f8cea4
  custom:SearchIndexIgnoredProperties: e643bd26f0fe6173181afceb89e7c659 -> 
  custom:scripting/monoscript/fileName/AutoRefresh.cs: 9d30d5d3f0e8985355be1ab597da1dbb -> 0a8afde180a876655ad16caa14493409
  custom:scripting/monoscript/fileName/PlasticPluginIsEnabledPreference.cs: 7953272c37f4a828a3d1096e7479f346 -> 
  custom:scripting/monoscript/fileName/GetRelativePath.cs: 9b16eb2de9e98b392077181cc34243c1 -> ab04ae5e0cafb93ebf5c96148bb52df0
  custom:scripting/monoscript/fileName/UnityEvents.cs: 253411328de37811883aded592b97268 -> c830e584565fcd66ca0d5a23ad8b9bd6
  custom:AudioImporter_EditorPlatform: d09bf68614088b80899f8185d706f6e7 -> 
  custom:scripting/monoscript/fileName/DeleteChangeMenu.cs: 540c783b689e4d6a4a383862455d5d39 -> bfa368dc06e11abcc107d6f80c7c19c5
  custom:scripting/monoscript/fileName/SelectNewCodeReviewBehavior.cs: df6e8e132199ea6ec467c9bced11011d -> a16edf3a8c3e5ac26863e890f68fd937
  custom:scripting/monoscript/fileName/DockEditorWindow.cs: 581124d5e19667105f2446d6dfbf7982 -> a9e5e467234133af999283610b6e84e6
  custom:scripting/monoscript/fileName/ProjectPackages.cs: e247c98bd45807b228765f9a94d82145 -> 9e9e13e39b2e9718b602503b87245c18
  custom:scripting/monoscript/fileName/BranchesSelection.cs: 7eb1fcb556f0fad697e4ec9d989be099 -> 33b36e7b03910960966036894ec90c7c
  custom:scripting/monoscript/fileName/SaveAction.cs: b68fbb4319dbb368959c40781b39fdf8 -> 27c387bb58f3a69b0c9ff60d2209e18f
  custom:scripting/monoscript/fileName/AutoConfig.cs: 6c4e7f9dc55323aa1299debfe9723aa6 -> bf4bbd2f2e752464ef51dbf102faed17
  custom:scripting/monoscript/fileName/DiffPanel.cs: 02288a38bd14cc2b52a25b302a6f154e -> 210366dab3631628227b9406f87a9b7f
  custom:scripting/monoscript/fileName/PlasticAssetsProcessor.cs: ff731c8aacf4a537dc74c7cf9eaeaed0 -> 
  custom:scripting/monoscript/fileName/DrawActionToolbar.cs: 52293cb82089e0370f52e257f41c0869 -> e05748a99799f26304c1bbafd90f703b
  custom:scripting/monoscript/fileName/TreeViewItemIds.cs: 7d654a2b5b3a10da3e7d8472196e96d1 -> 0cdf409b5aa8d4c25876d72b5c6a3b60
  custom:scripting/monoscript/fileName/EditorVersion.cs: 70953c9eccf7726f70c672a9a51619e9 -> 698aba075b19a52a056d67a7b809d179
  custom:scripting/monoscript/fileName/TeamEditionConfigurationWindow.cs: d06f049421c16e5927ec29f770917e09 -> e53b1ca5561894aaeff930afb696d001
  custom:scripting/monoscript/fileName/ProgressOperationHandler.cs: 5fbb4e0f656dcfaa4498bd2e492e4710 -> ec62666c0ca1649dd33cc6bc6834c6f7
  custom:scripting/monoscript/fileName/UnityPlasticTimer.cs: 961fdb6492c99b4a3eadbed28e78c4b0 -> 6c887e722e951c2964523825cad70c4c
  custom:scripting/monoscript/fileName/TreeHeaderColumns.cs: 9fc4a0396a421346b8aa3b7788860851 -> 316e5ea62e66b20fd6e687a6b9e5958e
  custom:scripting/monoscript/fileName/MergeOptionsDialog.cs: 25ac62df73845405e13f44e4dfdcf0d1 -> 9250ce23d260ab84f87bd5899c6cf983
  custom:scripting/monoscript/fileName/AssetFilesFilterPatternsMenuBuilder.cs: 8fe5de6e5dc3d42fb7e95de2aaedbf5a -> 0d99e7514c6a33cda8314deed8f34bc5
  custom:scripting/monoscript/fileName/PlasticNotification.cs: 3629fdff9f054b2013702f5b131b2c47 -> 
  custom:scripting/monoscript/fileName/MergeTreeView.cs: 143a828a1a236483d3cdc1d010ce9d51 -> 3feb38cec50d3fc7576ddbf07a9a9ce8
  custom:scripting/monoscript/fileName/ConfirmContinueWithPendingChangesDialog.cs: c0e147ff008a0b77c9337132a3ea70af -> 77462b1904ad8f6fee2f8da4523d59fe
  custom:scripting/monoscript/fileName/ShelvesListHeaderState.cs: d3cea237aa496a145829475430d90f29 -> 287f23cbe09ecb9b28ec8dd05ede8846
  custom:scripting/monoscript/fileName/ChangelistTreeViewItem.cs: a4a6f6169cdb3afe249e104e2b7b1a2c -> 87f69636be8bd1a264ec4eac1bffa701
  custom:scripting/monoscript/fileName/CollabPlugin.cs: bda741ff77a19affbf276298e29313ec -> ca276d65e7cd77c5c99d9f119ffdb215
  custom:scripting/monoscript/fileName/TabButton.cs: 757146b89ed597b1d75c77241e5d5f63 -> 
  custom:scripting/monoscript/fileName/LaunchTool.cs: 3ac53c8af1f56365aad9e1ae5366d98d -> 60773d78646dc188d4b2caca77f20b17
  custom:scripting/monoscript/fileName/RunModal.cs: 33b931100ee477e6812324eabaa2e837 -> c83ee2ef642c5d8b8dfd32f033bfc438
  custom:scripting/monoscript/fileName/BranchListViewItem.cs: 8fdaa5aa842f5a70237affa304b9d506 -> 55028f4aef24d6227589aaa95582b2ff
  custom:scripting/monoscript/fileName/GetAvatar.cs: 07c98163f75f0b7c672bd453fc82bf61 -> 04ffae2a9e5a4c32a119f93144f558d2
  custom:scripting/monoscript/fileName/MoveAddMenu.cs: 81d47caeb9f49803adfe1627c8ce5bf4 -> 1fbfab870b2e95fdd8a81f6019f764df
  custom:scripting/monoscript/fileName/FindTool.cs: fc3b0710b24078288fe829d0bb041dd0 -> 2f9d82566cfb01fb68fc30111fb47624
  custom:scripting/monoscript/fileName/ChannelCertificateUiImpl.cs: 75d7831ab5da75cc0082e28863abb142 -> cefccf1e13b7bcf15e3c9f2dd4cd2fc8
  custom:scripting/monoscript/fileName/ApplyCircleMask.cs: 02eb67e485278e7c9b719fee5ff90f4a -> b955b378d261fdcbd6272fe8711d1e4f
  custom:scripting/monoscript/fileName/AssetMenuOperations.cs: 131bfc7279b97eba576abe13a47f8f91 -> ebcce67603e288b4a84d49287db6ef5a
  custom:scripting/monoscript/fileName/ShelveAndSwitchOptionsFoldout.cs: 676902ec49ff9c5abb2a832f067966e8 -> e7b216a23869eafb9aecd00a8905fafa
  custom:scripting/monoscript/fileName/VisualElementExtensions.cs: 46b225d941aaa7b69168ef4467ffab1a -> 28d3e288ea1cf459fc3cca96347c70bf
  custom:scripting/monoscript/fileName/LocksSelector.cs: 70b046a562568fd78d093736e68a3a58 -> 7b0f4fc5552c1d92ba7f4648526ceb21
  custom:scripting/monoscript/fileName/ListViewItemIds.cs: 8f6297df34271fdb1ce2d9607ec6261d -> 90647cc400823b41df847a6cbfc29026
  custom:scripting/monoscript/fileName/CreateWorkspaceViewState.cs: 1deb37b3c17c224d9a7dca9c990ea191 -> 0fe23b7cca9336b31a27790c714de652
  custom:scripting/monoscript/fileName/MergeLinkListViewItem.cs: ebc1e6f9e3a3005d8f4c51a794adfdaa -> 3fa407d29597803190dd374d88ed170d
  custom:scripting/monoscript/fileName/DrawCommentTextArea.cs: ad5449f632fd412ac0f7ba0d171fd453 -> c58c26552f95f108a8d9610eaf001fbc
  custom:scripting/monoscript/fileName/ErrorsListHeaderState.cs: 9141660c9776c5dac5f980fd03a672a8 -> b961336a4a43551eb826f97c57673007
  custom:scripting/monoscript/fileName/MergeViewDirectoryConflictMenu.cs: d45972e8b5f74223c607a4daa895ff3d -> fad8e1937fc14fd75ca21a68ee1037b8
  custom:scripting/monoscript/fileName/RefreshAsset.cs: 4479d2949a66a97f66d1e550067f3767 -> 5a15c606785f1f54a697bb0d0d846dfb
  custom:scripting/monoscript/fileName/BoolSetting.cs: d67f952c3a5976591f3e9a9e7356bbab -> 12bf039ccd38b0f4ccfffbec3cbbf108
  custom:scripting/monoscript/fileName/CreateChangelistDialog.cs: 774371d4233cc1d394d98dc80507a1f8 -> 386b03e27c951c5f1d63daf7aae486ca
  custom:scripting/monoscript/fileName/HistoryListViewMenu.cs: 15a489e494f04a7ea37a587c7601070e -> 29770348599c8d5473b78d72e5741b40
  custom:scripting/monoscript/fileName/MergeViewFileConflictMenu.cs: d7362b83d6b320a0f0ceaf99dbe21727 -> 8fc0f292158abfa71c2c7b3b6f38d32a
  custom:scripting/monoscript/fileName/FilterRulesConfirmationDialog.cs: 5186d89f21d03764f0cca01c2a0122d7 -> 9c91c6c91f20e6d013a753f32343b327
  custom:scripting/monoscript/fileName/ChangesetsSelection.cs: d154d1782ed752b83834c54a0bde3df9 -> 8b9d539af9f7e269bac4e3d79e9ffab8
  custom:scripting/monoscript/fileName/AssetPostprocessor.cs: 96208057b904410715a8df295ba4f8f4 -> 
  custom:scripting/monoscript/fileName/IsResolved.cs: 67a72533af97b9ab7830798057ab806c -> f54a3e2c5134aa4306f9ad150b1911a9
  custom:scripting/monoscript/fileName/LocalStatusCache.cs: a558fcf5f34357bab4cfc7b75e2bb356 -> 30974ea30517fbfd1b93153f6c849a76
  custom:scripting/monoscript/fileName/RepositoryExplorerDialog.cs: 143e7416b576681e1f2ea71288e530e6 -> eea34924da79ad7254f3e141a891c78d
  custom:scripting/monoscript/fileName/WorkspaceWindow.cs: ff52e13cd29dacd66db0169e14f71a23 -> b042f06133312d3bfed176231d97d77c
  custom:scripting/monoscript/fileName/BranchesTab_Operations.cs: 764cb17e9337c58ad4f5304b60b2042e -> 57c33f76c527a5aba4d269245ffff188
  custom:scripting/monoscript/fileName/DiffAndMergeOptionsFoldout.cs: 080cbf9242c0571bafa2e45ef8932448 -> 2810bae564e92b04bc7ebe4e47a2880b
  custom:scripting/monoscript/fileName/PlasticShutdown.cs: a8df8eeeed98372d06e446171a192a6d -> 
  custom:scripting/monoscript/fileName/FilesFilterPatternsMenuBuilder.cs: 28072cd275c96994687e6d4d0d6e1dff -> cf716a8d336c8113475a9ca67a799ec1
  custom:scripting/monoscript/fileName/HistoryListViewItem.cs: 2d3b1fc954b6bdbae298ec250ade0663 -> 96f2b67ec620b83e35d13f11877e1ac1
  custom:scripting/monoscript/fileName/RemoteStatusCache.cs: 00463e6b90cfe7da080d7c266f783980 -> 402d5663f3675e9324c129274b0c00f2
  custom:scripting/monoscript/fileName/EditorWindowFocus.cs: 1012e4e2e29e9b29bdcc03d8b92762a8 -> f258b0cf85078a7435d001e522d5e8e3
  custom:scripting/monoscript/fileName/EnumExtensions.cs: 24df84756ec75feecd53a80a0991ea16 -> 872fcb89b813d64606e680211dede528
  custom:scripting/monoscript/fileName/NewIncomingChanges.cs: fc48261878ef7e4b956e7172f5803aee -> 
  custom:scripting/monoscript/fileName/IsExeVersion.cs: 093723a3ef9cbad630dfdc60c764eff0 -> 9ef63354090e3419637bfe79e3489687
  custom:video-encoder-webm-vp8: eb34c28f22e8b96e1ab97ce403110664 -> 
  custom:scripting/monoscript/fileName/UnityIncomingChangesTree.cs: f774bb8bf0bd45a254894c795843c695 -> 42967773c43d3de5d23be4ddc6dfd9c4
  custom:scripting/monoscript/fileName/UnityDiffTree.cs: 447fc3a8922f56330f4bae8c9dc9a8be -> 1029ffd567bc0e646e6b119719dcb2ff
  custom:scripting/monoscript/fileName/TreeHeaderSettings.cs: 114eb9e27124403e8e111494b8eaf987 -> 662b1714c0fce36da72bbfe60201987a
  custom:scripting/monoscript/fileName/UnityConstants.cs: 323df5e3c80d05e06517581c776fde34 -> e3d3c3e11a194da9e5bbbfb97087a7bd
  custom:scripting/monoscript/fileName/IsExeAvailable.cs: 3e4283303610c884e542b8f6d3e922d4 -> 4a3dbc5ded94087064afd97407f26631
  custom:scripting/monoscript/fileName/LoadedTwiceMenu.cs: 961f9b82936caa7937046ac23d323c2c -> b54aa2e14eb740621bb6f926af7cb8ef
  custom:scripting/monoscript/fileName/AutoLogin.cs: e67ed70aada38469aeb667115929c368 -> b4cb98371fc38cca00d7123b7e649e12
  custom:scripting/monoscript/fileName/DrawMergeOverview.cs: 1db93bf179b38015949e3a3cb6ef1bd3 -> 49e0e525c3c170f79c20dc6779b7ead8
  custom:audio-decoder-ogg-vorbis: bf7c407c2cedff20999df2af8eb42d56 -> 
  custom:scripting/monoscript/fileName/UpdateReportLineListViewItem.cs: a101f0ba5292fc139445870b3f4af838 -> 9f63395e1ea590dbbab4d59cd0032ac4
  custom:scripting/monoscript/fileName/DrawSplitter.cs: ec7e8739eacabcca3e2946d9833eea0f -> d2f114a8e8e4167f7762d835a83b2f55
  custom:scripting/monoscript/fileName/LaunchDependenciesDialog.cs: e1c527862a66e73f0417ae177d7fdfb5 -> 2cabf22eb95430074b6c730a84e03493
  custom:scripting/monoscript/fileName/CredentialsResponse.cs: 96b135ae1c4ea541dc762170ea524fa9 -> 3dd2507693e56dac75ee7783f598cbb9
  custom:scripting/monoscript/fileName/LaunchDiffOperations.cs: aeae601320588a70eea7590a2f7e0f69 -> 871a0804a9fe2d9f2ad088303a89a63e
  custom:scripting/monoscript/fileName/PlasticSplitterGUILayout.cs: 4cfaefa1a850aceff54713912c4a2bda -> 111849f67dfbfea65ad2a9298ad1654d
  custom:scripting/monoscript/fileName/CheckinDialogOperations.cs: 0b2a2cd4c41cf1865a29cf91b2a96a48 -> d032d69e8060311c06b88286e8f22ddd
  custom:scripting/monoscript/fileName/PendingChangesViewMenu.cs: 68fab310addfd7068cfd7920070496ff -> 9b0019b6df6bb14eb3a2dbafa53fb54b
  custom:scripting/monoscript/fileName/AssetsSelection.cs: 35cec24e81f0cb1de51daeb356abc4ff -> 0227d7ff4d5687932d10967a945a9b06
  custom:scripting/monoscript/fileName/EnumPopupSetting.cs: 8f6297df34271fdb1ce2d9607ec6261d -> 90647cc400823b41df847a6cbfc29026
  custom:scripting/monoscript/fileName/PlasticConnectionMonitor.cs: 920e8e381bfc94da8bb69d336dda57ca -> 
  custom:scripting/monoscript/fileName/HistoryListHeaderState.cs: 6226ef13a567fa81584864f8698be331 -> a87e0364d14866c369ad50d669bdfa85
  custom:scripting/monoscript/fileName/EnableSwitchAndShelveFeatureDialog.cs: 2cb9334d072aaff777efab2d72a2583e -> 03bdf2f298649e7c429ac90c7a3c461a
  custom:scripting/monoscript/fileName/CloudEditionWelcomeWindow.cs: c886fdb39f4b8787e6ea3701a8f88f4a -> b1721e471183956468462f6b64901640
  custom:scripting/monoscript/fileName/AssetsPath.cs: 367269acf8f676d2cdd30fdc387b3920 -> e0e986124adc46d913f0683c34b88c9f
  custom:scripting/monoscript/fileName/MetaPath.cs: 1f80313a7ce6ec6ece505285578f5745 -> 417a84eb354831f828a6752b26c8592d
  custom:scripting/monoscript/fileName/CredentialsUIImpl.cs: 90e9c2de8d7bdd8424e0d89c415108ae -> dbacf67c37819fd95562fe169e706732
  custom:scripting/monoscript/fileName/ChangesetsViewMenu.cs: b720f0168f4ce1b1e0d358a6d5ec9a42 -> 7d1a2de81910b5990e71a0bfff26fdca
  custom:scripting/monoscript/fileName/UnityPlasticGuiMessage.cs: 2a7f71f59c0d7dc731fd345a3713957c -> 24eef0792e3802809607a7f9d04b8f1d
  custom:scripting/monoscript/fileName/OrganizationCredentials.cs: ee462057b3bd23cc3dab953ac4d656e2 -> 0b123406cadd651e9adc01c85fab5124
  custom:scripting/monoscript/fileName/StatusBar.cs: 2c8c488a8bbfe924f6b53b202ff6aadd -> 
  custom:scripting/monoscript/fileName/IsCurrent.cs: 7343ceec4312304bb8b398eeb6c375fa -> cf1fd01890d0fd9f011c1a1a491e2cf0
  custom:scripting/monoscript/fileName/ChangesetFromCollabCommitResponse.cs: b986ab8b1acd322b0367812e2d541734 -> ba336e4117e1b7ee28e4c17197bc3d0e
  custom:scripting/monoscript/fileName/MoveToChangelistMenuBuilder.cs: 3a2ef8cb0baf69e5dadeafc731fe32a9 -> a90b3e388d3e1316fa104d4c9a03e2d1
  custom:scripting/monoscript/fileName/LoadingSpinner.cs: b3299af90b664a9f42123e7df43fae24 -> 6aff0ac022d117a8e24a7b5e4b11904c
  custom:scripting/monoscript/fileName/LocksTab.cs: 134c512484ae73354c15c06a6dc69f9f -> 00ffb5a39c16fdc2d733c7e53471a3a9
  custom:scripting/monoscript/fileName/BranchesTab.cs: 764cb17e9337c58ad4f5304b60b2042e -> 57c33f76c527a5aba4d269245ffff188
  custom:scripting/monoscript/fileName/ToolConfig.cs: 18b1ea271ce5e7b6deea7b4e8e175269 -> fcffc3165b047f54ed6ccafa4c8760dd
  custom:scripting/monoscript/fileName/DropDownTextField.cs: e66e7314096900597993d2b353757d8d -> c8fc484ce140049ff31ebc2c6cbebf28
  custom:scripting/monoscript/fileName/AssetsProcessor.cs: 47679a6e15b70f4fef48eb1b2df31b19 -> 18737889e95cd4088e8dfd4153fa8f40
  custom:scripting/monoscript/fileName/DrawActionButton.cs: d847a7d82ac92cab2b3d0ae268cefb3d -> 81e6708d2b8fa199354e53f85db731a8
  custom:scripting/monoscript/fileName/TableViewOperations.cs: ddc7b903e0dbd6bd109f2bd709b95f0e -> bef3a31deb1fe794a90f767d16e4c868
  custom:scripting/monoscript/fileName/UpdateProgress.cs: 5b04f01bf199310f09ab9522f89c78f4 -> 281e1e05168d6a30be1d8d2f6200bef8
  custom:scripting/monoscript/fileName/OrganizationsInformation.cs: b3f0758c6655b2dad1161792812992fa -> 5f067ea8d90fc79055a3dcfd58ae6dca
  custom:scripting/monoscript/fileName/ChangeDeleteMenu.cs: 652dcd6f863c509bfa0376b6d95ab1ec -> 4fefe66d6e279ce0ac2fdc57d409f232
  custom:scripting/monoscript/fileName/SubscriptionDetailsResponse.cs: e10e0299ef716630c63b8cf5f792cda0 -> e5121cec860a6d1097cc809217b3d8fe
  custom:scripting/monoscript/fileName/DrawProgressForDialogs.cs: 5f8d39e3ea7c4a42148c6b1a7b4ca061 -> a5f2abd8875e7a6afbc171fabfbae81f
  custom:scripting/monoscript/fileName/ToolbarButton.cs: 47dc767626bbd94d66707af31ddc5eb6 -> 
  custom:scripting/monoscript/fileName/ProjectViewAssetSelection.cs: 349dc288d32791de51156d4e59000b7b -> 2560eadaf6a13a74a46a4a207cd5a8b6
  custom:scripting/monoscript/fileName/DrawTreeViewItem.cs: cceebc4f1185658619e40964f29acb08 -> 0921a62a588ab864253743d1f07afb5a
  custom:scripting/monoscript/fileName/DrawSceneOperations.cs: 2426c0c2ee58cd28be59874f6425940c -> d87f46f9fb97181a2f51490ea2e1efc3
  custom:audio-encoder-webm-vorbis: bf7c407c2cedff20999df2af8eb42d56 -> 
  custom:scripting/monoscript/fileName/DrawActionHelpBox.cs: dcd6ec2e7fb1b44f22c4a79ff87b70cd -> c8f6be9dab1e6f8d71e0c63c29679186
  custom:scripting/monoscript/fileName/PendingChangesMultiColumnHeader.cs: 21802cc6929e0e180fb4f0be8e34d9d0 -> 722de7d6e07a79981d750438e6febb8f
  custom:scripting/monoscript/fileName/EditorDispatcher.cs: c739e073a8c38dbcf59192f45d1004c5 -> 3c402eae57d73cc54863f3f6a13096ae
  custom:scripting/monoscript/fileName/MovedEvilTwinMenu.cs: ce111941dc7264d29598ce7fd2770927 -> d480b839850d28c1c9526cb587fc752d
  custom:scripting/monoscript/fileName/IIncomingChangesTab.cs: d4ceabdc48d8a1872bbe87f04d89a4ff -> 40644cd18074db84684b9e437bf8fa77
  custom:scripting/monoscript/fileName/GetChangesOverlayIcon.cs: f00e4b795697c6cf3092760f3b6fc49d -> d599d6efdee28305661bc0cf6683858a
  custom:scripting/monoscript/fileName/ShelvedChangesNotification.cs: 13b6a2ccd8b4ac1f5ee30c8404cea3b0 -> a27e9e7b242b904f41fc1b16d3a1b3fd
  custom:scripting/monoscript/fileName/EvilTwinMenu.cs: 475a88947051822ca4915306469f9bcc -> 919e4faae0573e49949f6dfbb5a733da
  custom:scripting/monoscript/fileName/ChangesetsListView.cs: caae0aefb36c869f50691482a5cd0944 -> 87b74e0d80cf59010f55e2baaeb6679d
  custom:scripting/monoscript/fileName/UpdateReportListView.cs: 2d8fccdaad50bbd7454b52cf9cb4a0f9 -> 08d26df1ab6c3a7628addc5e54e50b08
  custom:scripting/monoscript/fileName/UnityConfigurationChecker.cs: 59a8f0715a7c89a752351bf42f94abbd -> 874cd65cce0384fef4b60e71fb08a429
  custom:scripting/monoscript/fileName/CheckWorkspaceTreeNodeStatus.cs: 5e11ff64963669981115eb58dc2b6e8b -> 1e1255b803bf7cbc935bb804bf0dbe7b
  custom:scripting/monoscript/fileName/TreeViewSessionState.cs: 8333273b312d475b653610e2871c20a5 -> 9f39a2ca55a7481b8ba078d3a2b6815e
  custom:scripting/monoscript/fileName/ErrorsPanel.cs: 21fc210ee17d5e95782397ef8c7dafab -> 515b7ba9af5e7885ba3068b1d63c6104
  custom:scripting/monoscript/fileName/PlasticPlugin.cs: a57c142b98ca3d4daad221737fd72924 -> c64561980f26020cc3206ae8b1047268
  custom:scripting/monoscript/fileName/SwitchModeConfirmationDialog.cs: 4d9c02587760213784bfe53d012122b4 -> 30cd71d0b3ee4b2689cde689908d301e
  custom:scripting/monoscript/fileName/PlasticWindow.cs: fc467478941f610919bc69526ba2c215 -> 
  custom:scripting/monoscript/fileName/PlasticExeLauncher.cs: caa0b5dda5df50c85bb19d27252d16b9 -> f1da27253760250030952f02cb54965a
  custom:scripting/monoscript/fileName/BranchesViewMenu.cs: 8089f11c30784e2e57775dd6cdbae898 -> 7bfc83e917c9b0b5aa423bb947ce2a38
  custom:scripting/monoscript/fileName/CooldownWindowDelayer.cs: 7816cfcad485500dbac9993c4502ea69 -> 4c95e39c8dd4cfa1bca106097fdb6524
  custom:scripting/monoscript/fileName/GetInstallerTmpFileName.cs: fa7bda723ac795b48e38504727f44981 -> d09e0b5c7a9af5874530e17ef23025f0
  custom:scripting/monoscript/fileName/IsCollabProjectMigratedResponse.cs: 4c3294c6a51e6f42161d191230692016 -> af2b76c693935deee55cfcaed2aa7568
  custom:scripting/monoscript/fileName/AssetModificationProcessor.cs: a602c9e59e7db185e3a0d68d986e6fef -> 
========================================================================
Received Import Request.
  Time since last request: 1288596.279029 seconds.
  path: Assets/Scripts
  artifactKey: Guid(26ee79ba416cd934c81a4b5594e558d3) Importer(815301076,1909f56bfc062723c751e8b465ee728b)
Start importing Assets/Scripts using Guid(26ee79ba416cd934c81a4b5594e558d3) Importer(815301076,1909f56bfc062723c751e8b465ee728b) [PhysX] Initialized MultithreadedTaskDispatcher with 16 workers.
 -> (artifact id: '502b8a5293700468d87db30d0b78f44f') in 0.001814 seconds
Number of updated asset objects reloaded before import = 0
Number of asset objects unloaded after import = 0
========================================================================
Received Import Request.
  Time since last request: 523.157165 seconds.
  path: Assets/Scenes/SampleScene.unity
  artifactKey: Guid(2cda990e2423bbf4892e6590ba056729) Importer(2089858483,0ecaa5967403d082aa24f35e1b516d23)
Start importing Assets/Scenes/SampleScene.unity using Guid(2cda990e2423bbf4892e6590ba056729) Importer(2089858483,0ecaa5967403d082aa24f35e1b516d23) [PhysX] Initialized MultithreadedTaskDispatcher with 16 workers.
 -> (artifact id: 'b85c04d474d0117357af6a1fcf82e2c7') in 0.061245 seconds
Number of updated asset objects reloaded before import = 0
Number of asset objects unloaded after import = 1
========================================================================
Received Import Request.
  Time since last request: 0.006092 seconds.
  path: Assets/Font/Ttf/TiltWarp.ttf
  artifactKey: Guid(c7b44b847f269184f8e640df26107493) Importer(2089858483,0ecaa5967403d082aa24f35e1b516d23)
Start importing Assets/Font/Ttf/TiltWarp.ttf using Guid(c7b44b847f269184f8e640df26107493) Importer(2089858483,0ecaa5967403d082aa24f35e1b516d23) [PhysX] Initialized MultithreadedTaskDispatcher with 16 workers.
 -> (artifact id: '75fdf968fe603ff202156195e20c93f4') in 0.050846 seconds
Number of updated asset objects reloaded before import = 0
Number of asset objects unloaded after import = 3
========================================================================
Received Import Request.
  Time since last request: 0.000023 seconds.
  path: Assets/ThirdPartUtil/StompyRobot/SRDebugger/Scripts/Editor/SRDebugEditor.Compiler.cs
  artifactKey: Guid(a9adb2a4b8a61fe47ba3c6717de5f78b) Importer(2089858483,0ecaa5967403d082aa24f35e1b516d23)
Start importing Assets/ThirdPartUtil/StompyRobot/SRDebugger/Scripts/Editor/SRDebugEditor.Compiler.cs using Guid(a9adb2a4b8a61fe47ba3c6717de5f78b) Importer(2089858483,0ecaa5967403d082aa24f35e1b516d23) [PhysX] Initialized MultithreadedTaskDispatcher with 16 workers.
 -> (artifact id: '028da2615fc712706079da075c47bef7') in 0.010926 seconds
Number of updated asset objects reloaded before import = 0
Number of asset objects unloaded after import = 1
========================================================================
Received Import Request.
  Time since last request: 0.000020 seconds.
  path: Assets/Font/FontMaterial/LevelShape/TiltWarp LevelShape Purple.mat
  artifactKey: Guid(356e0289c8e2f4ace81f03d69d53a357) Importer(2089858483,0ecaa5967403d082aa24f35e1b516d23)
Start importing Assets/Font/FontMaterial/LevelShape/TiltWarp LevelShape Purple.mat using Guid(356e0289c8e2f4ace81f03d69d53a357) Importer(2089858483,0ecaa5967403d082aa24f35e1b516d23) [PhysX] Initialized MultithreadedTaskDispatcher with 16 workers.
 -> (artifact id: '32791f8882d3057415611bf128afb34f') in 0.009734 seconds
Number of updated asset objects reloaded before import = 0
Number of asset objects unloaded after import = 1
========================================================================
Received Import Request.
  Time since last request: 0.000023 seconds.
  path: Assets/ThirdPartUtil/StompyRobot/SRDebugger/PlaymakerIntegration.unitypackage
  artifactKey: Guid(2eaf4b4528f4db3478c7409003cb76c3) Importer(2089858483,0ecaa5967403d082aa24f35e1b516d23)
Start importing Assets/ThirdPartUtil/StompyRobot/SRDebugger/PlaymakerIntegration.unitypackage using Guid(2eaf4b4528f4db3478c7409003cb76c3) Importer(2089858483,0ecaa5967403d082aa24f35e1b516d23) [PhysX] Initialized MultithreadedTaskDispatcher with 16 workers.
 -> (artifact id: '02545ca9fd78c515795e0c9e67109f92') in 0.003210 seconds
Number of updated asset objects reloaded before import = 0
Number of asset objects unloaded after import = 1
========================================================================
Received Import Request.
  Time since last request: 0.000015 seconds.
  path: Assets/Scripts/Utils/BezierTool/Line.cs
  artifactKey: Guid(55e6fa5f93881124286e032f8d327bb2) Importer(2089858483,0ecaa5967403d082aa24f35e1b516d23)
Start importing Assets/Scripts/Utils/BezierTool/Line.cs using Guid(55e6fa5f93881124286e032f8d327bb2) Importer(2089858483,0ecaa5967403d082aa24f35e1b516d23) [PhysX] Initialized MultithreadedTaskDispatcher with 16 workers.
 -> (artifact id: '859491e1f5e07a78b9363613d1e753cd') in 0.004411 seconds
Number of updated asset objects reloaded before import = 0
Number of asset objects unloaded after import = 1
========================================================================
Received Import Request.
  Time since last request: 0.000014 seconds.
  path: Assets/ThirdPartUtil/StompyRobot/SRF/README.md
  artifactKey: Guid(5c4f30500bf5ea74da5892d0e5a19f55) Importer(2089858483,0ecaa5967403d082aa24f35e1b516d23)
Start importing Assets/ThirdPartUtil/StompyRobot/SRF/README.md using Guid(5c4f30500bf5ea74da5892d0e5a19f55) Importer(2089858483,0ecaa5967403d082aa24f35e1b516d23) [PhysX] Initialized MultithreadedTaskDispatcher with 16 workers.
 -> (artifact id: '2789c9ac2668323aa913877913891808') in 0.003311 seconds
Number of updated asset objects reloaded before import = 0
Number of asset objects unloaded after import = 1
========================================================================
Received Import Request.
  Time since last request: 0.000016 seconds.
  path: Assets/Scripts/Utils/Attributes/InspectorButton.cs
  artifactKey: Guid(b072fa5dd9805c64d8b7d6eb30c37fb7) Importer(2089858483,0ecaa5967403d082aa24f35e1b516d23)
Start importing Assets/Scripts/Utils/Attributes/InspectorButton.cs using Guid(b072fa5dd9805c64d8b7d6eb30c37fb7) Importer(2089858483,0ecaa5967403d082aa24f35e1b516d23) [PhysX] Initialized MultithreadedTaskDispatcher with 16 workers.
 -> (artifact id: '23456be135f836994f3d88d4a7499bda') in 0.003969 seconds
Number of updated asset objects reloaded before import = 0
Number of asset objects unloaded after import = 1
========================================================================
Received Import Request.
  Time since last request: 0.000040 seconds.
  path: Assets/Font/FontMaterial/LevelShape/TiltWarp LevelShape Pink.mat
  artifactKey: Guid(0da929e00bed9488b96cee73a85e07c3) Importer(2089858483,0ecaa5967403d082aa24f35e1b516d23)
Start importing Assets/Font/FontMaterial/LevelShape/TiltWarp LevelShape Pink.mat using Guid(0da929e00bed9488b96cee73a85e07c3) Importer(2089858483,0ecaa5967403d082aa24f35e1b516d23) [PhysX] Initialized MultithreadedTaskDispatcher with 16 workers.
 -> (artifact id: 'd73666c98be379d2e9f1f9a3a32f32ca') in 0.004457 seconds
Number of updated asset objects reloaded before import = 0
Number of asset objects unloaded after import = 1
========================================================================
Received Import Request.
  Time since last request: 0.000016 seconds.
  path: Assets/ThirdPartUtil/StompyRobot/SRDebugger/Scripts/IOptionContainer.cs
  artifactKey: Guid(d4ed420ab79c4165a7b6422bd1ee91d5) Importer(2089858483,0ecaa5967403d082aa24f35e1b516d23)
Start importing Assets/ThirdPartUtil/StompyRobot/SRDebugger/Scripts/IOptionContainer.cs using Guid(d4ed420ab79c4165a7b6422bd1ee91d5) Importer(2089858483,0ecaa5967403d082aa24f35e1b516d23) [PhysX] Initialized MultithreadedTaskDispatcher with 16 workers.
 -> (artifact id: '913d8d12b6d809435b2d1c6ac08872cc') in 0.004579 seconds
Number of updated asset objects reloaded before import = 0
Number of asset objects unloaded after import = 1
========================================================================
Received Import Request.
  Time since last request: 0.000027 seconds.
  path: Assets/Font/FontMaterial/LevelShape/TiltWarp LevelShape Ice.mat
  artifactKey: Guid(2b195662eca904d83b3868529d2a5027) Importer(2089858483,0ecaa5967403d082aa24f35e1b516d23)
Start importing Assets/Font/FontMaterial/LevelShape/TiltWarp LevelShape Ice.mat using Guid(2b195662eca904d83b3868529d2a5027) Importer(2089858483,0ecaa5967403d082aa24f35e1b516d23) [PhysX] Initialized MultithreadedTaskDispatcher with 16 workers.
 -> (artifact id: '55499ffffd968b9653f4329da4359ac8') in 0.004627 seconds
Number of updated asset objects reloaded before import = 0
Number of asset objects unloaded after import = 1
========================================================================
Received Import Request.
  Time since last request: 0.000013 seconds.
  path: Assets/Font/FontMaterial/LevelShape/TiltWarp LevelShape RevealedArea.mat
  artifactKey: Guid(b730be8979484437882d65ff0af37cbb) Importer(2089858483,0ecaa5967403d082aa24f35e1b516d23)
Start importing Assets/Font/FontMaterial/LevelShape/TiltWarp LevelShape RevealedArea.mat using Guid(b730be8979484437882d65ff0af37cbb) Importer(2089858483,0ecaa5967403d082aa24f35e1b516d23) [PhysX] Initialized MultithreadedTaskDispatcher with 16 workers.
 -> (artifact id: '9de823be38f042632e60c75c2f25b1e5') in 0.005175 seconds
Number of updated asset objects reloaded before import = 0
Number of asset objects unloaded after import = 1
========================================================================
Received Import Request.
  Time since last request: 0.000016 seconds.
  path: Assets/ThirdPartUtil/StompyRobot/SRDebugger/Editor/BG_Dark.png
  artifactKey: Guid(a2a19a03702d1e84b92ce38f8b7af009) Importer(2089858483,0ecaa5967403d082aa24f35e1b516d23)
Start importing Assets/ThirdPartUtil/StompyRobot/SRDebugger/Editor/BG_Dark.png using Guid(a2a19a03702d1e84b92ce38f8b7af009) Importer(2089858483,0ecaa5967403d082aa24f35e1b516d23) [PhysX] Initialized MultithreadedTaskDispatcher with 16 workers.
 -> (artifact id: 'e6c6b247f63700f4b53fea088583bc9f') in 0.039584 seconds
Number of updated asset objects reloaded before import = 0
Number of asset objects unloaded after import = 1
========================================================================
Received Import Request.
  Time since last request: 0.000020 seconds.
  path: Assets/Scripts/Manager/TimeManager.cs
  artifactKey: Guid(c996f31ec37e9bc48b571a15de652e49) Importer(2089858483,0ecaa5967403d082aa24f35e1b516d23)
Start importing Assets/Scripts/Manager/TimeManager.cs using Guid(c996f31ec37e9bc48b571a15de652e49) Importer(2089858483,0ecaa5967403d082aa24f35e1b516d23) [PhysX] Initialized MultithreadedTaskDispatcher with 16 workers.
 -> (artifact id: 'ee183930eac85790eea8771aea5670ae') in 0.003875 seconds
Number of updated asset objects reloaded before import = 0
Number of asset objects unloaded after import = 1
========================================================================
Received Import Request.
  Time since last request: 0.000021 seconds.
  path: Assets/ThirdPartUtil/StompyRobot/SRDebugger/Editor/WelcomeLogo_LightBG.png
  artifactKey: Guid(0c97a7a7f0adfd54faf9393ffdd90458) Importer(2089858483,0ecaa5967403d082aa24f35e1b516d23)
Start importing Assets/ThirdPartUtil/StompyRobot/SRDebugger/Editor/WelcomeLogo_LightBG.png using Guid(0c97a7a7f0adfd54faf9393ffdd90458) Importer(2089858483,0ecaa5967403d082aa24f35e1b516d23) [PhysX] Initialized MultithreadedTaskDispatcher with 16 workers.
 -> (artifact id: '442d2781472bdc341d61858367daa017') in 0.012891 seconds
Number of updated asset objects reloaded before import = 0
Number of asset objects unloaded after import = 1
========================================================================
Received Import Request.
  Time since last request: 0.000018 seconds.
  path: Assets/ThirdPartUtil/StompyRobot/SROptions/SROptions.Attributes.cs
  artifactKey: Guid(93738f03a5fc2d5489521964b2f65518) Importer(2089858483,0ecaa5967403d082aa24f35e1b516d23)
Start importing Assets/ThirdPartUtil/StompyRobot/SROptions/SROptions.Attributes.cs using Guid(93738f03a5fc2d5489521964b2f65518) Importer(2089858483,0ecaa5967403d082aa24f35e1b516d23) [PhysX] Initialized MultithreadedTaskDispatcher with 16 workers.
 -> (artifact id: 'da1599fb91571299e51d9d0e76e29365') in 0.003810 seconds
Number of updated asset objects reloaded before import = 0
Number of asset objects unloaded after import = 1
========================================================================
Received Import Request.
  Time since last request: 0.000037 seconds.
  path: Assets/ThirdPartUtil/StompyRobot/SRDebugger/Scripts/AutoInitialize.cs
  artifactKey: Guid(d7261eeb6c603844ba967b14c0895ec8) Importer(2089858483,0ecaa5967403d082aa24f35e1b516d23)
Start importing Assets/ThirdPartUtil/StompyRobot/SRDebugger/Scripts/AutoInitialize.cs using Guid(d7261eeb6c603844ba967b14c0895ec8) Importer(2089858483,0ecaa5967403d082aa24f35e1b516d23) [PhysX] Initialized MultithreadedTaskDispatcher with 16 workers.
 -> (artifact id: '76bc1e78d4fdafcdb13ccf5f09a82859') in 0.004967 seconds
Number of updated asset objects reloaded before import = 0
Number of asset objects unloaded after import = 1
========================================================================
Received Import Request.
  Time since last request: 0.000018 seconds.
  path: Assets/Font/FontMaterial/LevelShape/TiltWarp LevelShape Yellow.mat
  artifactKey: Guid(23ea490d11b374272a36ad9e5514fde6) Importer(2089858483,0ecaa5967403d082aa24f35e1b516d23)
Start importing Assets/Font/FontMaterial/LevelShape/TiltWarp LevelShape Yellow.mat using Guid(23ea490d11b374272a36ad9e5514fde6) Importer(2089858483,0ecaa5967403d082aa24f35e1b516d23) [PhysX] Initialized MultithreadedTaskDispatcher with 16 workers.
 -> (artifact id: '72d9e13605668fcadf1a87b21f68989a') in 0.004517 seconds
Number of updated asset objects reloaded before import = 0
Number of asset objects unloaded after import = 1
========================================================================
Received Import Request.
  Time since last request: 0.000016 seconds.
  path: Assets/Font/FontMaterial/Common/TiltWarp CommonTextOutline_2_Black_thin.mat
  artifactKey: Guid(cb97d4a98722941299b347549436f084) Importer(2089858483,0ecaa5967403d082aa24f35e1b516d23)
Start importing Assets/Font/FontMaterial/Common/TiltWarp CommonTextOutline_2_Black_thin.mat using Guid(cb97d4a98722941299b347549436f084) Importer(2089858483,0ecaa5967403d082aa24f35e1b516d23) [PhysX] Initialized MultithreadedTaskDispatcher with 16 workers.
 -> (artifact id: 'b09590b136ab8499ee9f6da53ef6e64e') in 0.005876 seconds
Number of updated asset objects reloaded before import = 0
Number of asset objects unloaded after import = 1
========================================================================
Received Import Request.
  Time since last request: 0.000023 seconds.
  path: Assets/Scripts/Utils/GameLevelUtils.cs
  artifactKey: Guid(8bec14affe216bc43995a3df497057a3) Importer(2089858483,0ecaa5967403d082aa24f35e1b516d23)
Start importing Assets/Scripts/Utils/GameLevelUtils.cs using Guid(8bec14affe216bc43995a3df497057a3) Importer(2089858483,0ecaa5967403d082aa24f35e1b516d23) [PhysX] Initialized MultithreadedTaskDispatcher with 16 workers.
 -> (artifact id: '59ebcae62310a87aca7de37e282b6e12') in 0.004744 seconds
Number of updated asset objects reloaded before import = 0
Number of asset objects unloaded after import = 1
========================================================================
Received Import Request.
  Time since last request: 0.000036 seconds.
  path: Assets/Scripts/Utils/BezierTool/Bezier.cs
  artifactKey: Guid(9787f8880494e7f49a131c47c7ef3564) Importer(2089858483,0ecaa5967403d082aa24f35e1b516d23)
Start importing Assets/Scripts/Utils/BezierTool/Bezier.cs using Guid(9787f8880494e7f49a131c47c7ef3564) Importer(2089858483,0ecaa5967403d082aa24f35e1b516d23) [PhysX] Initialized MultithreadedTaskDispatcher with 16 workers.
 -> (artifact id: 'cb49876a09606aeec1bac72de38ed4d4') in 0.004353 seconds
Number of updated asset objects reloaded before import = 0
Number of asset objects unloaded after import = 1
========================================================================
Received Import Request.
  Time since last request: 0.000014 seconds.
  path: Assets/ThirdPartUtil/StompyRobot/SROptions/SROptions.cs
  artifactKey: Guid(2b3fa53ff2c02a94baa662ad3856a4f3) Importer(2089858483,0ecaa5967403d082aa24f35e1b516d23)
Start importing Assets/ThirdPartUtil/StompyRobot/SROptions/SROptions.cs using Guid(2b3fa53ff2c02a94baa662ad3856a4f3) Importer(2089858483,0ecaa5967403d082aa24f35e1b516d23) [PhysX] Initialized MultithreadedTaskDispatcher with 16 workers.
 -> (artifact id: '028465103322cd5f7707548b06539c0e') in 0.003672 seconds
Number of updated asset objects reloaded before import = 0
Number of asset objects unloaded after import = 1
========================================================================
Received Import Request.
  Time since last request: 0.000017 seconds.
  path: Assets/ThirdPartUtil/StompyRobot/SRDebugger/Editor/WelcomeLogo_DarkBG.png
  artifactKey: Guid(e40803cf998d93748b519c0e3baa56db) Importer(2089858483,0ecaa5967403d082aa24f35e1b516d23)
Start importing Assets/ThirdPartUtil/StompyRobot/SRDebugger/Editor/WelcomeLogo_DarkBG.png using Guid(e40803cf998d93748b519c0e3baa56db) Importer(2089858483,0ecaa5967403d082aa24f35e1b516d23) [PhysX] Initialized MultithreadedTaskDispatcher with 16 workers.
 -> (artifact id: 'd2349bc088f7c277abbd803d991beeb3') in 0.014490 seconds
Number of updated asset objects reloaded before import = 0
Number of asset objects unloaded after import = 1
========================================================================
Received Import Request.
  Time since last request: 0.000016 seconds.
  path: Assets/ThirdPartUtil/StompyRobot/SRDebugger/Scripts/Editor/ApiSignupWindow.cs
  artifactKey: Guid(58b4c2d8acab3b747a2a90abd77b1132) Importer(2089858483,0ecaa5967403d082aa24f35e1b516d23)
Start importing Assets/ThirdPartUtil/StompyRobot/SRDebugger/Scripts/Editor/ApiSignupWindow.cs using Guid(58b4c2d8acab3b747a2a90abd77b1132) Importer(2089858483,0ecaa5967403d082aa24f35e1b516d23) [PhysX] Initialized MultithreadedTaskDispatcher with 16 workers.
 -> (artifact id: '66f66d989e7dcce9f31526b800895931') in 0.007921 seconds
Number of updated asset objects reloaded before import = 0
Number of asset objects unloaded after import = 1
========================================================================
Received Import Request.
  Time since last request: 0.000020 seconds.
  path: Assets/ThirdPartUtil/StompyRobot/SRDebugger/Scripts/Editor/SettingsWindow.cs
  artifactKey: Guid(3a6cf957f3eda7b429dd0eae2cfbb40c) Importer(2089858483,0ecaa5967403d082aa24f35e1b516d23)
Start importing Assets/ThirdPartUtil/StompyRobot/SRDebugger/Scripts/Editor/SettingsWindow.cs using Guid(3a6cf957f3eda7b429dd0eae2cfbb40c) Importer(2089858483,0ecaa5967403d082aa24f35e1b516d23) [PhysX] Initialized MultithreadedTaskDispatcher with 16 workers.
 -> (artifact id: '7a554a55d50c90c542345c6bd1305d60') in 0.004597 seconds
Number of updated asset objects reloaded before import = 0
Number of asset objects unloaded after import = 1
========================================================================
Received Import Request.
  Time since last request: 0.000019 seconds.
  path: Assets/ThirdPartUtil/StompyRobot/SRDebugger/Scripts/SRDebuggerInit.cs
  artifactKey: Guid(66edd3610b01cce48aed05383fd196e5) Importer(2089858483,0ecaa5967403d082aa24f35e1b516d23)
Start importing Assets/ThirdPartUtil/StompyRobot/SRDebugger/Scripts/SRDebuggerInit.cs using Guid(66edd3610b01cce48aed05383fd196e5) Importer(2089858483,0ecaa5967403d082aa24f35e1b516d23) [PhysX] Initialized MultithreadedTaskDispatcher with 16 workers.
 -> (artifact id: 'c2d96fb50b81162c40c731f48115be4b') in 0.003974 seconds
Number of updated asset objects reloaded before import = 0
Number of asset objects unloaded after import = 1
========================================================================
Received Import Request.
  Time since last request: 0.000037 seconds.
  path: Assets/Font/FontMaterial/LevelShape/TiltWarp LevelShape Red.mat
  artifactKey: Guid(e8c3e3778a7614755ad7f0084e81a445) Importer(2089858483,0ecaa5967403d082aa24f35e1b516d23)
Start importing Assets/Font/FontMaterial/LevelShape/TiltWarp LevelShape Red.mat using Guid(e8c3e3778a7614755ad7f0084e81a445) Importer(2089858483,0ecaa5967403d082aa24f35e1b516d23) [PhysX] Initialized MultithreadedTaskDispatcher with 16 workers.
 -> (artifact id: '1182f932b862494aa3da1787a2086e3c') in 0.005388 seconds
Number of updated asset objects reloaded before import = 0
Number of asset objects unloaded after import = 1
========================================================================
Received Import Request.
  Time since last request: 0.000064 seconds.
  path: Assets/ThirdPartUtil/StompyRobot/SRDebugger/Scripts/SROptions.Test.cs
  artifactKey: Guid(3f7d209d96c186e488b96fa4cd40c808) Importer(2089858483,0ecaa5967403d082aa24f35e1b516d23)
Start importing Assets/ThirdPartUtil/StompyRobot/SRDebugger/Scripts/SROptions.Test.cs using Guid(3f7d209d96c186e488b96fa4cd40c808) Importer(2089858483,0ecaa5967403d082aa24f35e1b516d23) [PhysX] Initialized MultithreadedTaskDispatcher with 16 workers.
 -> (artifact id: 'd2b9817ddb359650663acae4a8440270') in 0.003220 seconds
Number of updated asset objects reloaded before import = 0
Number of asset objects unloaded after import = 1
========================================================================
Received Import Request.
  Time since last request: 0.000035 seconds.
  path: Assets/ThirdPartUtil/StompyRobot/SROptions/link.xml
  artifactKey: Guid(2b5b70277beaba148bb11c72f32a4d92) Importer(2089858483,0ecaa5967403d082aa24f35e1b516d23)
Start importing Assets/ThirdPartUtil/StompyRobot/SROptions/link.xml using Guid(2b5b70277beaba148bb11c72f32a4d92) Importer(2089858483,0ecaa5967403d082aa24f35e1b516d23) [PhysX] Initialized MultithreadedTaskDispatcher with 16 workers.
 -> (artifact id: '42d12a9db25e1dbb15fc10b42ecbaeb2') in 0.002424 seconds
Number of updated asset objects reloaded before import = 0
Number of asset objects unloaded after import = 1
========================================================================
Received Import Request.
  Time since last request: 0.000071 seconds.
  path: Assets/ThirdPartUtil/StompyRobot/SRDebugger/Scripts/SROptions.cs
  artifactKey: Guid(93395ab8f46722d4eb96829e8d652a66) Importer(2089858483,0ecaa5967403d082aa24f35e1b516d23)
Start importing Assets/ThirdPartUtil/StompyRobot/SRDebugger/Scripts/SROptions.cs using Guid(93395ab8f46722d4eb96829e8d652a66) Importer(2089858483,0ecaa5967403d082aa24f35e1b516d23) [PhysX] Initialized MultithreadedTaskDispatcher with 16 workers.
 -> (artifact id: '871a46458594b37d5d730d62915ff159') in 0.003007 seconds
Number of updated asset objects reloaded before import = 0
Number of asset objects unloaded after import = 1
========================================================================
Received Import Request.
  Time since last request: 0.000013 seconds.
  path: Assets/Scripts/Utils/GameTextureUtils.cs
  artifactKey: Guid(72a82dc24411b5845b694314be66514d) Importer(2089858483,0ecaa5967403d082aa24f35e1b516d23)
Start importing Assets/Scripts/Utils/GameTextureUtils.cs using Guid(72a82dc24411b5845b694314be66514d) Importer(2089858483,0ecaa5967403d082aa24f35e1b516d23) [PhysX] Initialized MultithreadedTaskDispatcher with 16 workers.
 -> (artifact id: 'af7c7ced7acd359aa3af9927534bfddc') in 0.004234 seconds
Number of updated asset objects reloaded before import = 0
Number of asset objects unloaded after import = 1
========================================================================
Received Import Request.
  Time since last request: 0.000051 seconds.
  path: Assets/Font/FontMaterial/Common/TiltWarp CommonTextOutline_Purple.mat
  artifactKey: Guid(b882438171bd2450fb170bef379d2db5) Importer(2089858483,0ecaa5967403d082aa24f35e1b516d23)
Start importing Assets/Font/FontMaterial/Common/TiltWarp CommonTextOutline_Purple.mat using Guid(b882438171bd2450fb170bef379d2db5) Importer(2089858483,0ecaa5967403d082aa24f35e1b516d23) [PhysX] Initialized MultithreadedTaskDispatcher with 16 workers.
 -> (artifact id: 'c6419bb7b146edbe93877bcb2ed18469') in 0.005521 seconds
Number of updated asset objects reloaded before import = 0
Number of asset objects unloaded after import = 1
========================================================================
Received Import Request.
  Time since last request: 0.000016 seconds.
  path: Assets/Scripts/Define/Const/CommonUIConst.cs
  artifactKey: Guid(678dc2ff7ccff2e43ab1f9ead532c910) Importer(2089858483,0ecaa5967403d082aa24f35e1b516d23)
Start importing Assets/Scripts/Define/Const/CommonUIConst.cs using Guid(678dc2ff7ccff2e43ab1f9ead532c910) Importer(2089858483,0ecaa5967403d082aa24f35e1b516d23) [PhysX] Initialized MultithreadedTaskDispatcher with 16 workers.
 -> (artifact id: '7c55bfe60d6f0f6717f360d77a3b0ce8') in 0.003777 seconds
Number of updated asset objects reloaded before import = 0
Number of asset objects unloaded after import = 1
========================================================================
Received Import Request.
  Time since last request: 0.000015 seconds.
  path: Assets/Font/FontMaterial/Common/TiltWarp CommonTextOutline_2_White.mat
  artifactKey: Guid(bd29bee33f9f14b7db6fd8aa087cc202) Importer(2089858483,0ecaa5967403d082aa24f35e1b516d23)
Start importing Assets/Font/FontMaterial/Common/TiltWarp CommonTextOutline_2_White.mat using Guid(bd29bee33f9f14b7db6fd8aa087cc202) Importer(2089858483,0ecaa5967403d082aa24f35e1b516d23) [PhysX] Initialized MultithreadedTaskDispatcher with 16 workers.
 -> (artifact id: 'b34b8fdf70af47dff3a200a966f4333f') in 0.005376 seconds
Number of updated asset objects reloaded before import = 0
Number of asset objects unloaded after import = 1
========================================================================
Received Import Request.
  Time since last request: 0.000017 seconds.
  path: Assets/Font/FontMaterial/LevelShape/TiltWarp LevelShape Orange.mat
  artifactKey: Guid(3bf891cad42f94f62b42122508633b2b) Importer(2089858483,0ecaa5967403d082aa24f35e1b516d23)
Start importing Assets/Font/FontMaterial/LevelShape/TiltWarp LevelShape Orange.mat using Guid(3bf891cad42f94f62b42122508633b2b) Importer(2089858483,0ecaa5967403d082aa24f35e1b516d23) [PhysX] Initialized MultithreadedTaskDispatcher with 16 workers.
 -> (artifact id: '3a5688088ce1a3d7bbe63651a3889317') in 0.004530 seconds
Number of updated asset objects reloaded before import = 0
Number of asset objects unloaded after import = 1
========================================================================
Received Import Request.
  Time since last request: 0.000017 seconds.
  path: Assets/Scripts/Utils/GameDebugLog.cs
  artifactKey: Guid(06d7be3307c9e274b9caa1cea9676eb3) Importer(2089858483,0ecaa5967403d082aa24f35e1b516d23)
Start importing Assets/Scripts/Utils/GameDebugLog.cs using Guid(06d7be3307c9e274b9caa1cea9676eb3) Importer(2089858483,0ecaa5967403d082aa24f35e1b516d23) [PhysX] Initialized MultithreadedTaskDispatcher with 16 workers.
 -> (artifact id: '0cbb75c6e92207c050f6c767fcc21e9d') in 0.004136 seconds
Number of updated asset objects reloaded before import = 0
Number of asset objects unloaded after import = 1
========================================================================
Received Import Request.
  Time since last request: 0.000015 seconds.
  path: Assets/Font/FontMaterial/PurchaseDialog/TiltWarp CommonTextOutline_FirstPurchase_Desc.mat
  artifactKey: Guid(147dd558c926e49509bb24e31c02b3ff) Importer(2089858483,0ecaa5967403d082aa24f35e1b516d23)
Start importing Assets/Font/FontMaterial/PurchaseDialog/TiltWarp CommonTextOutline_FirstPurchase_Desc.mat using Guid(147dd558c926e49509bb24e31c02b3ff) Importer(2089858483,0ecaa5967403d082aa24f35e1b516d23) [PhysX] Initialized MultithreadedTaskDispatcher with 16 workers.
 -> (artifact id: '19a263a0e3ff61f50717bfde529a3b90') in 0.004793 seconds
Number of updated asset objects reloaded before import = 0
Number of asset objects unloaded after import = 1
========================================================================
Received Import Request.
  Time since last request: 0.000016 seconds.
  path: Assets/Scripts/Define/Const/LayerConst.cs
  artifactKey: Guid(f6827c4e99111d44c93779a9b89ec7ec) Importer(2089858483,0ecaa5967403d082aa24f35e1b516d23)
Start importing Assets/Scripts/Define/Const/LayerConst.cs using Guid(f6827c4e99111d44c93779a9b89ec7ec) Importer(2089858483,0ecaa5967403d082aa24f35e1b516d23) [PhysX] Initialized MultithreadedTaskDispatcher with 16 workers.
 -> (artifact id: '64ff822ed147c2e47a8e234551305dbf') in 0.004038 seconds
Number of updated asset objects reloaded before import = 0
Number of asset objects unloaded after import = 1
========================================================================
Received Import Request.
  Time since last request: 0.000019 seconds.
  path: Assets/ThirdPartUtil/StompyRobot/SRDebugger/Scenes/Sample.unity
  artifactKey: Guid(6cad2a7016eb0bf488b0c408d7071055) Importer(2089858483,0ecaa5967403d082aa24f35e1b516d23)
Start importing Assets/ThirdPartUtil/StompyRobot/SRDebugger/Scenes/Sample.unity using Guid(6cad2a7016eb0bf488b0c408d7071055) Importer(2089858483,0ecaa5967403d082aa24f35e1b516d23) [PhysX] Initialized MultithreadedTaskDispatcher with 16 workers.
 -> (artifact id: '0bd89e42ef4db29a968990059be13fa4') in 0.003458 seconds
Number of updated asset objects reloaded before import = 0
Number of asset objects unloaded after import = 1
========================================================================
Received Import Request.
  Time since last request: 0.000022 seconds.
  path: Assets/Scripts/Utils/BezierTool/MovePath.cs
  artifactKey: Guid(035394df4d99f7147b44368126f153be) Importer(2089858483,0ecaa5967403d082aa24f35e1b516d23)
Start importing Assets/Scripts/Utils/BezierTool/MovePath.cs using Guid(035394df4d99f7147b44368126f153be) Importer(2089858483,0ecaa5967403d082aa24f35e1b516d23) [PhysX] Initialized MultithreadedTaskDispatcher with 16 workers.
 -> (artifact id: '0caae6225435697a3be1282ca5310a3c') in 0.003481 seconds
Number of updated asset objects reloaded before import = 0
Number of asset objects unloaded after import = 1
========================================================================
Received Import Request.
  Time since last request: 0.000013 seconds.
  path: Assets/Font/FontMaterial/Common/TiltWarp CommonTextOutline_Blue.mat
  artifactKey: Guid(6829eac2b65aa4e908798a345533524d) Importer(2089858483,0ecaa5967403d082aa24f35e1b516d23)
Start importing Assets/Font/FontMaterial/Common/TiltWarp CommonTextOutline_Blue.mat using Guid(6829eac2b65aa4e908798a345533524d) Importer(2089858483,0ecaa5967403d082aa24f35e1b516d23) [PhysX] Initialized MultithreadedTaskDispatcher with 16 workers.
 -> (artifact id: 'b073b26504579868f0eb620efdcc20aa') in 0.004613 seconds
Number of updated asset objects reloaded before import = 0
Number of asset objects unloaded after import = 1
========================================================================
Received Import Request.
  Time since last request: 0.000015 seconds.
  path: Assets/Font/FontMaterial/LevelShape/TiltWarp LevelShape Launcher1.mat
  artifactKey: Guid(e4d0acbca8e2a4a5b81467e9244fcc9d) Importer(2089858483,0ecaa5967403d082aa24f35e1b516d23)
Start importing Assets/Font/FontMaterial/LevelShape/TiltWarp LevelShape Launcher1.mat using Guid(e4d0acbca8e2a4a5b81467e9244fcc9d) Importer(2089858483,0ecaa5967403d082aa24f35e1b516d23) [PhysX] Initialized MultithreadedTaskDispatcher with 16 workers.
 -> (artifact id: 'f4d8c5aeb7c5fb278b067169b72ced4d') in 0.005005 seconds
Number of updated asset objects reloaded before import = 0
Number of asset objects unloaded after import = 1
========================================================================
Received Import Request.
  Time since last request: 0.000014 seconds.
  path: Assets/ThirdPartUtil/StompyRobot/SRDebugger/Scripts/Editor/Migrations.cs
  artifactKey: Guid(4b80f539792faff4187cbd7fb1113d67) Importer(2089858483,0ecaa5967403d082aa24f35e1b516d23)
Start importing Assets/ThirdPartUtil/StompyRobot/SRDebugger/Scripts/Editor/Migrations.cs using Guid(4b80f539792faff4187cbd7fb1113d67) Importer(2089858483,0ecaa5967403d082aa24f35e1b516d23) [PhysX] Initialized MultithreadedTaskDispatcher with 16 workers.
 -> (artifact id: 'f3b219dca120d937590870f3b1b9e1a6') in 0.003445 seconds
Number of updated asset objects reloaded before import = 0
Number of asset objects unloaded after import = 1
========================================================================
Received Import Request.
  Time since last request: 0.000013 seconds.
  path: Assets/Font/FontMaterial/Common/TiltWarp CommonTextOutline_Yellow.mat
  artifactKey: Guid(556553d8fe7cb4f27bbb13bdd21b00e7) Importer(2089858483,0ecaa5967403d082aa24f35e1b516d23)
Start importing Assets/Font/FontMaterial/Common/TiltWarp CommonTextOutline_Yellow.mat using Guid(556553d8fe7cb4f27bbb13bdd21b00e7) Importer(2089858483,0ecaa5967403d082aa24f35e1b516d23) [PhysX] Initialized MultithreadedTaskDispatcher with 16 workers.
 -> (artifact id: 'f9bb27e2e3fcd58fc7211d91fca8fca8') in 0.004405 seconds
Number of updated asset objects reloaded before import = 0
Number of asset objects unloaded after import = 1
========================================================================
Received Import Request.
  Time since last request: 0.000018 seconds.
  path: Assets/Font/FontMaterial/LevelShape/TiltWarp LevelShape LightBrown.mat
  artifactKey: Guid(5ce4f41f9c2fb4ba19074323efe01657) Importer(2089858483,0ecaa5967403d082aa24f35e1b516d23)
Start importing Assets/Font/FontMaterial/LevelShape/TiltWarp LevelShape LightBrown.mat using Guid(5ce4f41f9c2fb4ba19074323efe01657) Importer(2089858483,0ecaa5967403d082aa24f35e1b516d23) [PhysX] Initialized MultithreadedTaskDispatcher with 16 workers.
 -> (artifact id: '2bce431aba99365c35b95ff0d5fb13e3') in 0.005490 seconds
Number of updated asset objects reloaded before import = 0
Number of asset objects unloaded after import = 1
========================================================================
Received Import Request.
  Time since last request: 0.000022 seconds.
  path: Assets/ThirdPartUtil/StompyRobot/SRDebugger/Scripts/Editor/ProfilerCameraListenerEditor.cs
  artifactKey: Guid(c38092124e5b1114d9f037f64769dc5f) Importer(2089858483,0ecaa5967403d082aa24f35e1b516d23)
Start importing Assets/ThirdPartUtil/StompyRobot/SRDebugger/Scripts/Editor/ProfilerCameraListenerEditor.cs using Guid(c38092124e5b1114d9f037f64769dc5f) Importer(2089858483,0ecaa5967403d082aa24f35e1b516d23) [PhysX] Initialized MultithreadedTaskDispatcher with 16 workers.
 -> (artifact id: 'ea8804c52db1262a1ff9d8f3fda124ea') in 0.004696 seconds
Number of updated asset objects reloaded before import = 0
Number of asset objects unloaded after import = 1
========================================================================
Received Import Request.
  Time since last request: 0.000018 seconds.
  path: Assets/Font/FontMaterial/Common/TiltWarp CommonTextOutline_Gray.mat
  artifactKey: Guid(dd064b6bf878c477fb6e052d44bef6b8) Importer(2089858483,0ecaa5967403d082aa24f35e1b516d23)
Start importing Assets/Font/FontMaterial/Common/TiltWarp CommonTextOutline_Gray.mat using Guid(dd064b6bf878c477fb6e052d44bef6b8) Importer(2089858483,0ecaa5967403d082aa24f35e1b516d23) [PhysX] Initialized MultithreadedTaskDispatcher with 16 workers.
 -> (artifact id: '5739c3f75721fb1fbfe8348f07f1a634') in 0.004920 seconds
Number of updated asset objects reloaded before import = 0
Number of asset objects unloaded after import = 1
========================================================================
Received Import Request.
  Time since last request: 0.000019 seconds.
  path: Assets/ThirdPartUtil/StompyRobot/SRDebugger/Editor/BG_Light.png
  artifactKey: Guid(f7df5e533fb1b044b81e7d0d00386594) Importer(2089858483,0ecaa5967403d082aa24f35e1b516d23)
Start importing Assets/ThirdPartUtil/StompyRobot/SRDebugger/Editor/BG_Light.png using Guid(f7df5e533fb1b044b81e7d0d00386594) Importer(2089858483,0ecaa5967403d082aa24f35e1b516d23) [PhysX] Initialized MultithreadedTaskDispatcher with 16 workers.
 -> (artifact id: 'c6299034f675f1bc854ad17281d85b98') in 0.013007 seconds
Number of updated asset objects reloaded before import = 0
Number of asset objects unloaded after import = 1
========================================================================
Received Import Request.
  Time since last request: 0.000020 seconds.
  path: Assets/ThirdPartUtil/StompyRobot/SRDebugger/Editor/Logo_DarkBG.png
  artifactKey: Guid(5d748e97260523b408727350980e61d3) Importer(2089858483,0ecaa5967403d082aa24f35e1b516d23)
Start importing Assets/ThirdPartUtil/StompyRobot/SRDebugger/Editor/Logo_DarkBG.png using Guid(5d748e97260523b408727350980e61d3) Importer(2089858483,0ecaa5967403d082aa24f35e1b516d23) [PhysX] Initialized MultithreadedTaskDispatcher with 16 workers.
 -> (artifact id: '0767204cefcc878c9df53bdf60554a89') in 0.012346 seconds
Number of updated asset objects reloaded before import = 0
Number of asset objects unloaded after import = 1
========================================================================
Received Import Request.
  Time since last request: 0.000016 seconds.
  path: Assets/ThirdPartUtil/StompyRobot/SRF/LICENSE
  artifactKey: Guid(8bd9e7d9842a77042bf5a124af70a142) Importer(2089858483,0ecaa5967403d082aa24f35e1b516d23)
Start importing Assets/ThirdPartUtil/StompyRobot/SRF/LICENSE using Guid(8bd9e7d9842a77042bf5a124af70a142) Importer(2089858483,0ecaa5967403d082aa24f35e1b516d23) [PhysX] Initialized MultithreadedTaskDispatcher with 16 workers.
 -> (artifact id: '009cf5a71589451122c8ed244ed0406b') in 0.003964 seconds
Number of updated asset objects reloaded before import = 0
Number of asset objects unloaded after import = 1
========================================================================
Received Import Request.
  Time since last request: 0.000016 seconds.
  path: Assets/Scripts/Utils/StringUtils.cs
  artifactKey: Guid(fb4b8b14598e2eb42ac8a9825b0c5678) Importer(2089858483,0ecaa5967403d082aa24f35e1b516d23)
Start importing Assets/Scripts/Utils/StringUtils.cs using Guid(fb4b8b14598e2eb42ac8a9825b0c5678) Importer(2089858483,0ecaa5967403d082aa24f35e1b516d23) [PhysX] Initialized MultithreadedTaskDispatcher with 16 workers.
 -> (artifact id: '0630586ca68c7174cf3f3125447f6642') in 0.004451 seconds
Number of updated asset objects reloaded before import = 0
Number of asset objects unloaded after import = 1
========================================================================
Received Import Request.
  Time since last request: 0.000026 seconds.
  path: Assets/ThirdPartUtil/StompyRobot/SRDebugger/Scripts/Editor/IntegrityChecking.cs
  artifactKey: Guid(fab9c606533743f6bfcb59f8392b1a0c) Importer(2089858483,0ecaa5967403d082aa24f35e1b516d23)
Start importing Assets/ThirdPartUtil/StompyRobot/SRDebugger/Scripts/Editor/IntegrityChecking.cs using Guid(fab9c606533743f6bfcb59f8392b1a0c) Importer(2089858483,0ecaa5967403d082aa24f35e1b516d23) [PhysX] Initialized MultithreadedTaskDispatcher with 16 workers.
 -> (artifact id: '493a436a0c7a37c0907b35a8981c4602') in 0.004787 seconds
Number of updated asset objects reloaded before import = 0
Number of asset objects unloaded after import = 1
========================================================================
Received Import Request.
  Time since last request: 0.000014 seconds.
  path: Assets/ThirdPartUtil/StompyRobot/SRDebugger/Scripts/Editor/SRDebugEditor.Resources.cs
  artifactKey: Guid(5d6ba6f98fe1a9c4e8c082aa4aed6922) Importer(2089858483,0ecaa5967403d082aa24f35e1b516d23)
Start importing Assets/ThirdPartUtil/StompyRobot/SRDebugger/Scripts/Editor/SRDebugEditor.Resources.cs using Guid(5d6ba6f98fe1a9c4e8c082aa4aed6922) Importer(2089858483,0ecaa5967403d082aa24f35e1b516d23) [PhysX] Initialized MultithreadedTaskDispatcher with 16 workers.
 -> (artifact id: '3ddb88461e3c46bfeac6b67b64ed0319') in 0.004437 seconds
Number of updated asset objects reloaded before import = 0
Number of asset objects unloaded after import = 1
========================================================================
Received Import Request.
  Time since last request: 2.861011 seconds.
  path: Assets/ThirdPartUtil/StompyRobot/SRDebugger/Scripts/Editor/SRInternalEditorUtil.cs
  artifactKey: Guid(f05cd73b58c9481593f90b04c3084b15) Importer(2089858483,0ecaa5967403d082aa24f35e1b516d23)
Start importing Assets/ThirdPartUtil/StompyRobot/SRDebugger/Scripts/Editor/SRInternalEditorUtil.cs using Guid(f05cd73b58c9481593f90b04c3084b15) Importer(2089858483,0ecaa5967403d082aa24f35e1b516d23) [PhysX] Initialized MultithreadedTaskDispatcher with 16 workers.
 -> (artifact id: 'acab93f4e8b242114aff654a3f785172') in 0.007799 seconds
Number of updated asset objects reloaded before import = 0
Number of asset objects unloaded after import = 1
========================================================================
Received Import Request.
  Time since last request: 0.000028 seconds.
  path: Assets/ThirdPartUtil/StompyRobot/SRF/Scripts/Service/IAsyncService.cs
  artifactKey: Guid(08e9b59ff0ffb22488411ef5134ee325) Importer(2089858483,0ecaa5967403d082aa24f35e1b516d23)
Start importing Assets/ThirdPartUtil/StompyRobot/SRF/Scripts/Service/IAsyncService.cs using Guid(08e9b59ff0ffb22488411ef5134ee325) Importer(2089858483,0ecaa5967403d082aa24f35e1b516d23) [PhysX] Initialized MultithreadedTaskDispatcher with 16 workers.
 -> (artifact id: '6c1d5abe6497a81533a6a852901e92ce') in 0.005913 seconds
Number of updated asset objects reloaded before import = 0
Number of asset objects unloaded after import = 1
========================================================================
Received Import Request.
  Time since last request: 0.000020 seconds.
  path: Assets/ThirdPartUtil/StompyRobot/SRF/Scripts/UI/ScrollToBottomBehaviour.cs
  artifactKey: Guid(35107bb7a2a89b54bbb85ea8ff193788) Importer(2089858483,0ecaa5967403d082aa24f35e1b516d23)
Start importing Assets/ThirdPartUtil/StompyRobot/SRF/Scripts/UI/ScrollToBottomBehaviour.cs using Guid(35107bb7a2a89b54bbb85ea8ff193788) Importer(2089858483,0ecaa5967403d082aa24f35e1b516d23) [PhysX] Initialized MultithreadedTaskDispatcher with 16 workers.
 -> (artifact id: '37ad5ae48fb8d7bd2aa50c5560a139ff') in 0.006487 seconds
Number of updated asset objects reloaded before import = 0
Number of asset objects unloaded after import = 1
========================================================================
Received Import Request.
  Time since last request: 0.000030 seconds.
  path: Assets/ThirdPartUtil/StompyRobot/SRDebugger/Scripts/Services/IOptionsService.cs
  artifactKey: Guid(33988643b054b86429b4c5f0a1c2308b) Importer(2089858483,0ecaa5967403d082aa24f35e1b516d23)
Start importing Assets/ThirdPartUtil/StompyRobot/SRDebugger/Scripts/Services/IOptionsService.cs using Guid(33988643b054b86429b4c5f0a1c2308b) Importer(2089858483,0ecaa5967403d082aa24f35e1b516d23) [PhysX] Initialized MultithreadedTaskDispatcher with 16 workers.
 -> (artifact id: '3dabb2477c8b117a64ad74b054dde870') in 0.008840 seconds
Number of updated asset objects reloaded before import = 0
Number of asset objects unloaded after import = 1
========================================================================
Received Import Request.
  Time since last request: 0.000024 seconds.
  path: Assets/ThirdPartUtil/StompyRobot/SRDebugger/Scripts/UI/DebugPanelRoot.cs
  artifactKey: Guid(64a45d1be7c826148a745e7d38b02161) Importer(2089858483,0ecaa5967403d082aa24f35e1b516d23)
Start importing Assets/ThirdPartUtil/StompyRobot/SRDebugger/Scripts/UI/DebugPanelRoot.cs using Guid(64a45d1be7c826148a745e7d38b02161) Importer(2089858483,0ecaa5967403d082aa24f35e1b516d23) [PhysX] Initialized MultithreadedTaskDispatcher with 16 workers.
 -> (artifact id: '966a8d3da6e65013045cd09f1dccb38a') in 0.013562 seconds
Number of updated asset objects reloaded before import = 0
Number of asset objects unloaded after import = 1
========================================================================
Received Import Request.
  Time since last request: 0.000023 seconds.
  path: Assets/ThirdPartUtil/StompyRobot/SRDebugger/UI/Prefabs/AboutTab.prefab
  artifactKey: Guid(b32f9ca33474ad44999aa3570c7f42ee) Importer(2089858483,0ecaa5967403d082aa24f35e1b516d23)
Start importing Assets/ThirdPartUtil/StompyRobot/SRDebugger/UI/Prefabs/AboutTab.prefab using Guid(b32f9ca33474ad44999aa3570c7f42ee) Importer(2089858483,0ecaa5967403d082aa24f35e1b516d23) [PhysX] Initialized MultithreadedTaskDispatcher with 16 workers.
 -> (artifact id: '83cc68d7eef7c79c78703a73ab7e6730') in 0.034709 seconds
Number of updated asset objects reloaded before import = 0
Number of asset objects unloaded after import = 38
========================================================================
Received Import Request.
  Time since last request: 0.000021 seconds.
  path: Assets/ThirdPartUtil/StompyRobot/SRDebugger/Scripts/Services/IDebugTriggerService.cs
  artifactKey: Guid(aab9371145e3e744a923637a1f6fb194) Importer(2089858483,0ecaa5967403d082aa24f35e1b516d23)
Start importing Assets/ThirdPartUtil/StompyRobot/SRDebugger/Scripts/Services/IDebugTriggerService.cs using Guid(aab9371145e3e744a923637a1f6fb194) Importer(2089858483,0ecaa5967403d082aa24f35e1b516d23) [PhysX] Initialized MultithreadedTaskDispatcher with 16 workers.
 -> (artifact id: 'e2d3c93407a49fc52b5ac77e3f79481e') in 0.006891 seconds
Number of updated asset objects reloaded before import = 0
Number of asset objects unloaded after import = 1
========================================================================
Received Import Request.
  Time since last request: 0.000025 seconds.
  path: Assets/ThirdPartUtil/StompyRobot/SRDebugger/Scripts/Profiler/ProfilerCameraListener.cs
  artifactKey: Guid(3172283e0204f3e47968b9f791c5a2df) Importer(2089858483,0ecaa5967403d082aa24f35e1b516d23)
Start importing Assets/ThirdPartUtil/StompyRobot/SRDebugger/Scripts/Profiler/ProfilerCameraListener.cs using Guid(3172283e0204f3e47968b9f791c5a2df) Importer(2089858483,0ecaa5967403d082aa24f35e1b516d23) [PhysX] Initialized MultithreadedTaskDispatcher with 16 workers.
 -> (artifact id: '455be4ab2f52dcd768429b9e86e079e3') in 0.006341 seconds
Number of updated asset objects reloaded before import = 0
Number of asset objects unloaded after import = 1
========================================================================
Received Import Request.
  Time since last request: 0.000030 seconds.
  path: Assets/ThirdPartUtil/StompyRobot/SRDebugger/Scripts/Services/IBugReportService.cs
  artifactKey: Guid(fea92fa06a1807f40a783c5e315e79cf) Importer(2089858483,0ecaa5967403d082aa24f35e1b516d23)
Start importing Assets/ThirdPartUtil/StompyRobot/SRDebugger/Scripts/Services/IBugReportService.cs using Guid(fea92fa06a1807f40a783c5e315e79cf) Importer(2089858483,0ecaa5967403d082aa24f35e1b516d23) [PhysX] Initialized MultithreadedTaskDispatcher with 16 workers.
 -> (artifact id: 'd06413c7fdee5fead75947ee429982a1') in 0.007083 seconds
Number of updated asset objects reloaded before import = 0
Number of asset objects unloaded after import = 1
========================================================================
Received Import Request.
  Time since last request: 0.000045 seconds.
  path: Assets/ThirdPartUtil/StompyRobot/SRF/Scripts/Helpers/SRMath.cs
  artifactKey: Guid(dc751da3d31975645847e0e4088ff560) Importer(2089858483,0ecaa5967403d082aa24f35e1b516d23)
Start importing Assets/ThirdPartUtil/StompyRobot/SRF/Scripts/Helpers/SRMath.cs using Guid(dc751da3d31975645847e0e4088ff560) Importer(2089858483,0ecaa5967403d082aa24f35e1b516d23) [PhysX] Initialized MultithreadedTaskDispatcher with 16 workers.
 -> (artifact id: '8b63c09ef8d0c38e19e7a116389fb8d6') in 0.008366 seconds
Number of updated asset objects reloaded before import = 0
Number of asset objects unloaded after import = 1
========================================================================
Received Import Request.
  Time since last request: 0.000040 seconds.
  path: Assets/ThirdPartUtil/StompyRobot/SRDebugger/UI/Fonts/Orbitron Medium.otf
  artifactKey: Guid(dff6bf51d54250840bdef2ca8260c146) Importer(2089858483,0ecaa5967403d082aa24f35e1b516d23)
Start importing Assets/ThirdPartUtil/StompyRobot/SRDebugger/UI/Fonts/Orbitron Medium.otf using Guid(dff6bf51d54250840bdef2ca8260c146) Importer(2089858483,0ecaa5967403d082aa24f35e1b516d23) [PhysX] Initialized MultithreadedTaskDispatcher with 16 workers.
 -> (artifact id: '27dbbe718572ea4aa464fcbef4924557') in 0.012256 seconds
Number of updated asset objects reloaded before import = 0
Number of asset objects unloaded after import = 3
========================================================================
Received Import Request.
  Time since last request: 0.000029 seconds.
  path: Assets/ThirdPartUtil/StompyRobot/SRF/Scripts/Helpers/MethodReference.cs
  artifactKey: Guid(3ed7f46979ff4b3418a838a6b940a9ab) Importer(2089858483,0ecaa5967403d082aa24f35e1b516d23)
Start importing Assets/ThirdPartUtil/StompyRobot/SRF/Scripts/Helpers/MethodReference.cs using Guid(3ed7f46979ff4b3418a838a6b940a9ab) Importer(2089858483,0ecaa5967403d082aa24f35e1b516d23) [PhysX] Initialized MultithreadedTaskDispatcher with 16 workers.
 -> (artifact id: '97b6273afd637a1b0398530779906018') in 0.005590 seconds
Number of updated asset objects reloaded before import = 0
Number of asset objects unloaded after import = 1
========================================================================
Received Import Request.
  Time since last request: 0.000021 seconds.
  path: Assets/ThirdPartUtil/StompyRobot/SRF/Scripts/UI/CopyLayoutElement.cs
  artifactKey: Guid(525a40520606ceb469b7494cb8ddef87) Importer(2089858483,0ecaa5967403d082aa24f35e1b516d23)
Start importing Assets/ThirdPartUtil/StompyRobot/SRF/Scripts/UI/CopyLayoutElement.cs using Guid(525a40520606ceb469b7494cb8ddef87) Importer(2089858483,0ecaa5967403d082aa24f35e1b516d23) [PhysX] Initialized MultithreadedTaskDispatcher with 16 workers.
 -> (artifact id: '6fd13a792909ce980fef172d9c9b6494') in 0.006838 seconds
Number of updated asset objects reloaded before import = 0
Number of asset objects unloaded after import = 1
========================================================================
Received Import Request.
  Time since last request: 0.000022 seconds.
  path: Assets/ThirdPartUtil/StompyRobot/SRDebugger/UI/Styles/DefaultConsoleSelectedRow.asset
  artifactKey: Guid(d30366e803724014382b48500f16271c) Importer(2089858483,0ecaa5967403d082aa24f35e1b516d23)
Start importing Assets/ThirdPartUtil/StompyRobot/SRDebugger/UI/Styles/DefaultConsoleSelectedRow.asset using Guid(d30366e803724014382b48500f16271c) Importer(2089858483,0ecaa5967403d082aa24f35e1b516d23) [PhysX] Initialized MultithreadedTaskDispatcher with 16 workers.
 -> (artifact id: '27501504fb7e9e9956d18d7b328d1b01') in 0.005048 seconds
Number of updated asset objects reloaded before import = 0
Number of asset objects unloaded after import = 2
========================================================================
Received Import Request.
  Time since last request: 0.000066 seconds.
  path: Assets/ThirdPartUtil/StompyRobot/SRF/Scripts/Extensions/IListExtensions.cs
  artifactKey: Guid(c196b9d1bba9e9e44939cf8776545577) Importer(2089858483,0ecaa5967403d082aa24f35e1b516d23)
Start importing Assets/ThirdPartUtil/StompyRobot/SRF/Scripts/Extensions/IListExtensions.cs using Guid(c196b9d1bba9e9e44939cf8776545577) Importer(2089858483,0ecaa5967403d082aa24f35e1b516d23) [PhysX] Initialized MultithreadedTaskDispatcher with 16 workers.
 -> (artifact id: '3ef000919989708433ff7e63248b0933') in 0.006749 seconds
Number of updated asset objects reloaded before import = 0
Number of asset objects unloaded after import = 1
========================================================================
Received Import Request.
  Time since last request: 0.000048 seconds.
  path: Assets/ThirdPartUtil/StompyRobot/SRF/Scripts/Components/SRAutoSingleton.cs
  artifactKey: Guid(73f72db4fa1856540bbe92740280c8e2) Importer(2089858483,0ecaa5967403d082aa24f35e1b516d23)
Start importing Assets/ThirdPartUtil/StompyRobot/SRF/Scripts/Components/SRAutoSingleton.cs using Guid(73f72db4fa1856540bbe92740280c8e2) Importer(2089858483,0ecaa5967403d082aa24f35e1b516d23) [PhysX] Initialized MultithreadedTaskDispatcher with 16 workers.
 -> (artifact id: '98c07d401c02ab83a0c8d4eb069cfbac') in 0.007165 seconds
Number of updated asset objects reloaded before import = 0
Number of asset objects unloaded after import = 1
========================================================================
Received Import Request.
  Time since last request: 0.000031 seconds.
  path: Assets/ThirdPartUtil/StompyRobot/SRF/Scripts/Helpers/SRMath.Tweening.cs
  artifactKey: Guid(810c2c875ec6af345a04174ff5828880) Importer(2089858483,0ecaa5967403d082aa24f35e1b516d23)
Start importing Assets/ThirdPartUtil/StompyRobot/SRF/Scripts/Helpers/SRMath.Tweening.cs using Guid(810c2c875ec6af345a04174ff5828880) Importer(2089858483,0ecaa5967403d082aa24f35e1b516d23) [PhysX] Initialized MultithreadedTaskDispatcher with 16 workers.
 -> (artifact id: '4005e045140cc8d735d9396de90d6d14') in 0.006522 seconds
Number of updated asset objects reloaded before import = 0
Number of asset objects unloaded after import = 1
========================================================================
Received Import Request.
  Time since last request: 0.000025 seconds.
  path: Assets/ThirdPartUtil/StompyRobot/SRDebugger/Scripts/Internal/Paths.cs
  artifactKey: Guid(487af04ceed59b6409168c2d466c2f73) Importer(2089858483,0ecaa5967403d082aa24f35e1b516d23)
Start importing Assets/ThirdPartUtil/StompyRobot/SRDebugger/Scripts/Internal/Paths.cs using Guid(487af04ceed59b6409168c2d466c2f73) Importer(2089858483,0ecaa5967403d082aa24f35e1b516d23) [PhysX] Initialized MultithreadedTaskDispatcher with 16 workers.
 -> (artifact id: '721b80571d0c6ce3c4690a138a9a9b3e') in 0.005442 seconds
Number of updated asset objects reloaded before import = 0
Number of asset objects unloaded after import = 1
========================================================================
Received Import Request.
  Time since last request: 0.000021 seconds.
  path: Assets/ThirdPartUtil/StompyRobot/SRF/Scripts/Extensions/FloatExtensions.cs
  artifactKey: Guid(bb221a6020786a841a6f7f1ea19a7eb7) Importer(2089858483,0ecaa5967403d082aa24f35e1b516d23)
Start importing Assets/ThirdPartUtil/StompyRobot/SRF/Scripts/Extensions/FloatExtensions.cs using Guid(bb221a6020786a841a6f7f1ea19a7eb7) Importer(2089858483,0ecaa5967403d082aa24f35e1b516d23) [PhysX] Initialized MultithreadedTaskDispatcher with 16 workers.
 -> (artifact id: '6eb7d6b88d94be4acd8eee9a81a8eb08') in 0.005551 seconds
Number of updated asset objects reloaded before import = 0
Number of asset objects unloaded after import = 1
========================================================================
Received Import Request.
  Time since last request: 0.000040 seconds.
  path: Assets/ThirdPartUtil/StompyRobot/SRF/Scripts/Service/SRDependencyServiceBase.cs
  artifactKey: Guid(8c5aaa1711d009f48a19f2db87d71b82) Importer(2089858483,0ecaa5967403d082aa24f35e1b516d23)
Start importing Assets/ThirdPartUtil/StompyRobot/SRF/Scripts/Service/SRDependencyServiceBase.cs using Guid(8c5aaa1711d009f48a19f2db87d71b82) Importer(2089858483,0ecaa5967403d082aa24f35e1b516d23) [PhysX] Initialized MultithreadedTaskDispatcher with 16 workers.
 -> (artifact id: 'e21e6c073388707541f395e8bbe88a75') in 0.007930 seconds
Number of updated asset objects reloaded before import = 0
Number of asset objects unloaded after import = 1
========================================================================
Received Import Request.
  Time since last request: 0.000058 seconds.
  path: Assets/ThirdPartUtil/StompyRobot/SRDebugger/UI/Styles/Default.asset
  artifactKey: Guid(cdfb48dd49c2d7a4d9f8805cd96e0241) Importer(2089858483,0ecaa5967403d082aa24f35e1b516d23)
Start importing Assets/ThirdPartUtil/StompyRobot/SRDebugger/UI/Styles/Default.asset using Guid(cdfb48dd49c2d7a4d9f8805cd96e0241) Importer(2089858483,0ecaa5967403d082aa24f35e1b516d23) [PhysX] Initialized MultithreadedTaskDispatcher with 16 workers.
 -> (artifact id: '798169f991f02f7df39df126a11a2006') in 0.006701 seconds
Number of updated asset objects reloaded before import = 0
Number of asset objects unloaded after import = 2
========================================================================
Received Import Request.
  Time since last request: 0.000021 seconds.
  path: Assets/ThirdPartUtil/StompyRobot/SRF/Scripts/UI/StyleComponent.cs
  artifactKey: Guid(73ae1b6eac706814a9cd427288a3c5c9) Importer(2089858483,0ecaa5967403d082aa24f35e1b516d23)
Start importing Assets/ThirdPartUtil/StompyRobot/SRF/Scripts/UI/StyleComponent.cs using Guid(73ae1b6eac706814a9cd427288a3c5c9) Importer(2089858483,0ecaa5967403d082aa24f35e1b516d23) [PhysX] Initialized MultithreadedTaskDispatcher with 16 workers.
 -> (artifact id: 'a4b3455e09e4b3019afa4f0ca745d955') in 0.006266 seconds
Number of updated asset objects reloaded before import = 0
Number of asset objects unloaded after import = 1
========================================================================
Received Import Request.
  Time since last request: 0.000027 seconds.
  path: Assets/ThirdPartUtil/StompyRobot/SRF/Scripts/Extensions/StringExtensions.cs
  artifactKey: Guid(71e45638ff7335744a6554752b778f39) Importer(2089858483,0ecaa5967403d082aa24f35e1b516d23)
Start importing Assets/ThirdPartUtil/StompyRobot/SRF/Scripts/Extensions/StringExtensions.cs using Guid(71e45638ff7335744a6554752b778f39) Importer(2089858483,0ecaa5967403d082aa24f35e1b516d23) [PhysX] Initialized MultithreadedTaskDispatcher with 16 workers.
 -> (artifact id: 'f7fd7762a58e3fa7ba7cb5b90526bbe6') in 0.006131 seconds
Number of updated asset objects reloaded before import = 0
Number of asset objects unloaded after import = 1
========================================================================
Received Import Request.
  Time since last request: 0.000022 seconds.
  path: Assets/ThirdPartUtil/StompyRobot/SRDebugger/UI/Fonts/Orbitron Black.otf
  artifactKey: Guid(db8aec58b7ce99443a1c4f5cd4d9e408) Importer(2089858483,0ecaa5967403d082aa24f35e1b516d23)
Start importing Assets/ThirdPartUtil/StompyRobot/SRDebugger/UI/Fonts/Orbitron Black.otf using Guid(db8aec58b7ce99443a1c4f5cd4d9e408) Importer(2089858483,0ecaa5967403d082aa24f35e1b516d23) [PhysX] Initialized MultithreadedTaskDispatcher with 16 workers.
 -> (artifact id: 'a1d3bb6c6e25f5878c6666e71e16bebd') in 0.012572 seconds
Number of updated asset objects reloaded before import = 0
Number of asset objects unloaded after import = 3
========================================================================
Received Import Request.
  Time since last request: 0.000023 seconds.
  path: Assets/ThirdPartUtil/StompyRobot/SRF/Scripts/UI/SRNumberButton.cs
  artifactKey: Guid(e271d820ea3d50a40bd29c81c23cb2a1) Importer(2089858483,0ecaa5967403d082aa24f35e1b516d23)
Start importing Assets/ThirdPartUtil/StompyRobot/SRF/Scripts/UI/SRNumberButton.cs using Guid(e271d820ea3d50a40bd29c81c23cb2a1) Importer(2089858483,0ecaa5967403d082aa24f35e1b516d23) [PhysX] Initialized MultithreadedTaskDispatcher with 16 workers.
 -> (artifact id: '524b94d6b2069c311ed575fa984ca5d3') in 0.006187 seconds
Number of updated asset objects reloaded before import = 0
Number of asset objects unloaded after import = 1
========================================================================
Received Import Request.
  Time since last request: 0.000028 seconds.
  path: Assets/ThirdPartUtil/StompyRobot/SRDebugger/Scripts/Internal/Strings.cs
  artifactKey: Guid(34bc872e688c2eb4ca1794728e6ff4fd) Importer(2089858483,0ecaa5967403d082aa24f35e1b516d23)
Start importing Assets/ThirdPartUtil/StompyRobot/SRDebugger/Scripts/Internal/Strings.cs using Guid(34bc872e688c2eb4ca1794728e6ff4fd) Importer(2089858483,0ecaa5967403d082aa24f35e1b516d23) [PhysX] Initialized MultithreadedTaskDispatcher with 16 workers.
 -> (artifact id: 'd87eed0f5c8505701805632c55c1d8b2') in 0.007516 seconds
Number of updated asset objects reloaded before import = 0
Number of asset objects unloaded after import = 1
========================================================================
Received Import Request.
  Time since last request: 0.000029 seconds.
  path: Assets/ThirdPartUtil/StompyRobot/SRDebugger/Scripts/Services/IPinEntryService.cs
  artifactKey: Guid(585f26678af38c7498c861763c1890fa) Importer(2089858483,0ecaa5967403d082aa24f35e1b516d23)
Start importing Assets/ThirdPartUtil/StompyRobot/SRDebugger/Scripts/Services/IPinEntryService.cs using Guid(585f26678af38c7498c861763c1890fa) Importer(2089858483,0ecaa5967403d082aa24f35e1b516d23) [PhysX] Initialized MultithreadedTaskDispatcher with 16 workers.
 -> (artifact id: 'fafd04cf1b9f471f82c988824bd25e02') in 0.007523 seconds
Number of updated asset objects reloaded before import = 0
Number of asset objects unloaded after import = 1
========================================================================
Received Import Request.
  Time since last request: 0.000027 seconds.
  path: Assets/ThirdPartUtil/StompyRobot/SRDebugger/Scripts/Internal/ApiUtil.cs
  artifactKey: Guid(f41e06622aa4979458cf59f1a355095a) Importer(2089858483,0ecaa5967403d082aa24f35e1b516d23)
Start importing Assets/ThirdPartUtil/StompyRobot/SRDebugger/Scripts/Internal/ApiUtil.cs using Guid(f41e06622aa4979458cf59f1a355095a) Importer(2089858483,0ecaa5967403d082aa24f35e1b516d23) [PhysX] Initialized MultithreadedTaskDispatcher with 16 workers.
 -> (artifact id: '5b697069d01359b2811eeaffe1cf99c4') in 0.006859 seconds
Number of updated asset objects reloaded before import = 0
Number of asset objects unloaded after import = 1
========================================================================
Received Import Request.
  Time since last request: 0.000053 seconds.
  path: Assets/ThirdPartUtil/StompyRobot/SRDebugger/Scripts/Profiler/ProfilerServiceImpl.cs
  artifactKey: Guid(ff0319556f3fbc341b877ff4b1ff94ba) Importer(2089858483,0ecaa5967403d082aa24f35e1b516d23)
Start importing Assets/ThirdPartUtil/StompyRobot/SRDebugger/Scripts/Profiler/ProfilerServiceImpl.cs using Guid(ff0319556f3fbc341b877ff4b1ff94ba) Importer(2089858483,0ecaa5967403d082aa24f35e1b516d23) [PhysX] Initialized MultithreadedTaskDispatcher with 16 workers.
 -> (artifact id: '7384d4a2da005d70210047903316c383') in 0.006498 seconds
Number of updated asset objects reloaded before import = 0
Number of asset objects unloaded after import = 1
========================================================================
Received Import Request.
  Time since last request: 0.000025 seconds.
  path: Assets/ThirdPartUtil/StompyRobot/SRF/Scripts/Helpers/SRInstantiate.cs
  artifactKey: Guid(2b2502558f76a9a4b9d3fd4d26d4d2a6) Importer(2089858483,0ecaa5967403d082aa24f35e1b516d23)
Start importing Assets/ThirdPartUtil/StompyRobot/SRF/Scripts/Helpers/SRInstantiate.cs using Guid(2b2502558f76a9a4b9d3fd4d26d4d2a6) Importer(2089858483,0ecaa5967403d082aa24f35e1b516d23) [PhysX] Initialized MultithreadedTaskDispatcher with 16 workers.
 -> (artifact id: '49ac251e97a762914c1477a009c30b69') in 0.006555 seconds
Number of updated asset objects reloaded before import = 0
Number of asset objects unloaded after import = 1
========================================================================
Received Import Request.
  Time since last request: 0.000029 seconds.
  path: Assets/ThirdPartUtil/StompyRobot/SRF/Scripts/Helpers/SRReflection.cs
  artifactKey: Guid(6aaf1b857713dd44a955633b6458f1c2) Importer(2089858483,0ecaa5967403d082aa24f35e1b516d23)
Start importing Assets/ThirdPartUtil/StompyRobot/SRF/Scripts/Helpers/SRReflection.cs using Guid(6aaf1b857713dd44a955633b6458f1c2) Importer(2089858483,0ecaa5967403d082aa24f35e1b516d23) [PhysX] Initialized MultithreadedTaskDispatcher with 16 workers.
 -> (artifact id: '9b4f502cb40cbb1547627611fa09d12b') in 0.005782 seconds
Number of updated asset objects reloaded before import = 0
Number of asset objects unloaded after import = 1
========================================================================
Received Import Request.
  Time since last request: 0.000030 seconds.
  path: Assets/ThirdPartUtil/StompyRobot/SRF/Scripts/Helpers/Hierarchy.cs
  artifactKey: Guid(ecf392c4c08d14543b90300c27422d60) Importer(2089858483,0ecaa5967403d082aa24f35e1b516d23)
Start importing Assets/ThirdPartUtil/StompyRobot/SRF/Scripts/Helpers/Hierarchy.cs using Guid(ecf392c4c08d14543b90300c27422d60) Importer(2089858483,0ecaa5967403d082aa24f35e1b516d23) [PhysX] Initialized MultithreadedTaskDispatcher with 16 workers.
 -> (artifact id: '2313f98ee90110e5ba43871880635d96') in 0.005902 seconds
Number of updated asset objects reloaded before import = 0
Number of asset objects unloaded after import = 1
========================================================================
Received Import Request.
  Time since last request: 0.000038 seconds.
  path: Assets/ThirdPartUtil/StompyRobot/SRDebugger/Scripts/Services/IDebugService.cs
  artifactKey: Guid(9deb724ea27b7f340bb83516c160e016) Importer(2089858483,0ecaa5967403d082aa24f35e1b516d23)
Start importing Assets/ThirdPartUtil/StompyRobot/SRDebugger/Scripts/Services/IDebugService.cs using Guid(9deb724ea27b7f340bb83516c160e016) Importer(2089858483,0ecaa5967403d082aa24f35e1b516d23) [PhysX] Initialized MultithreadedTaskDispatcher with 16 workers.
 -> (artifact id: '36ffcf9776f36a1ab7c8db5531fbd7ee') in 0.007039 seconds
Number of updated asset objects reloaded before import = 0
Number of asset objects unloaded after import = 1
========================================================================
Received Import Request.
  Time since last request: 0.000045 seconds.
  path: Assets/ThirdPartUtil/StompyRobot/SRDebugger/Scripts/Services/IDockConsoleService.cs
  artifactKey: Guid(401f9008bb9263b478aa472c6e818fa3) Importer(2089858483,0ecaa5967403d082aa24f35e1b516d23)
Start importing Assets/ThirdPartUtil/StompyRobot/SRDebugger/Scripts/Services/IDockConsoleService.cs using Guid(401f9008bb9263b478aa472c6e818fa3) Importer(2089858483,0ecaa5967403d082aa24f35e1b516d23) [PhysX] Initialized MultithreadedTaskDispatcher with 16 workers.
 -> (artifact id: '1560ed2c0065a04b7114cbab7c148688') in 0.004698 seconds
Number of updated asset objects reloaded before import = 0
Number of asset objects unloaded after import = 1
========================================================================
Received Import Request.
  Time since last request: 0.000018 seconds.
  path: Assets/ThirdPartUtil/StompyRobot/SRF/Scripts/Helpers/SRFileUtil.cs
  artifactKey: Guid(8c5dd64a3a7854e4f948daaec7d318fa) Importer(2089858483,0ecaa5967403d082aa24f35e1b516d23)
Start importing Assets/ThirdPartUtil/StompyRobot/SRF/Scripts/Helpers/SRFileUtil.cs using Guid(8c5dd64a3a7854e4f948daaec7d318fa) Importer(2089858483,0ecaa5967403d082aa24f35e1b516d23) [PhysX] Initialized MultithreadedTaskDispatcher with 16 workers.
 -> (artifact id: '3a9ab499a2dae8bd7d1dc9132ae49af7') in 0.005065 seconds
Number of updated asset objects reloaded before import = 0
Number of asset objects unloaded after import = 1
========================================================================
Received Import Request.
  Time since last request: 0.000031 seconds.
  path: Assets/ThirdPartUtil/StompyRobot/SRDebugger/UI/Styles/DefaultTabActive.asset
  artifactKey: Guid(4c110ad198b0a65458270ceac7690ce5) Importer(2089858483,0ecaa5967403d082aa24f35e1b516d23)
Start importing Assets/ThirdPartUtil/StompyRobot/SRDebugger/UI/Styles/DefaultTabActive.asset using Guid(4c110ad198b0a65458270ceac7690ce5) Importer(2089858483,0ecaa5967403d082aa24f35e1b516d23) [PhysX] Initialized MultithreadedTaskDispatcher with 16 workers.
 -> (artifact id: 'f60c448810ea379503226253b8942528') in 0.005952 seconds
Number of updated asset objects reloaded before import = 0
Number of asset objects unloaded after import = 2
========================================================================
Received Import Request.
  Time since last request: 0.000027 seconds.
  path: Assets/ThirdPartUtil/StompyRobot/SRDebugger/Scripts/Editor/StompyRobot.SRDebugger.Editor.asmdef
  artifactKey: Guid(07ab30a82c1032d45ad726f7216628e8) Importer(2089858483,0ecaa5967403d082aa24f35e1b516d23)
Start importing Assets/ThirdPartUtil/StompyRobot/SRDebugger/Scripts/Editor/StompyRobot.SRDebugger.Editor.asmdef using Guid(07ab30a82c1032d45ad726f7216628e8) Importer(2089858483,0ecaa5967403d082aa24f35e1b516d23) [PhysX] Initialized MultithreadedTaskDispatcher with 16 workers.
 -> (artifact id: 'bc46e558e4e6372b2a00884a549b14fd') in 0.005756 seconds
Number of updated asset objects reloaded before import = 0
Number of asset objects unloaded after import = 1
========================================================================
Received Import Request.
  Time since last request: 0.000031 seconds.
  path: Assets/ThirdPartUtil/StompyRobot/SRDebugger/UI/Styles/DefaultConsoleAltRow.asset
  artifactKey: Guid(9e09b8950236048448238f4c0963f3ad) Importer(2089858483,0ecaa5967403d082aa24f35e1b516d23)
Start importing Assets/ThirdPartUtil/StompyRobot/SRDebugger/UI/Styles/DefaultConsoleAltRow.asset using Guid(9e09b8950236048448238f4c0963f3ad) Importer(2089858483,0ecaa5967403d082aa24f35e1b516d23) [PhysX] Initialized MultithreadedTaskDispatcher with 16 workers.
 -> (artifact id: 'c092e5d67b1f070ddaf03b97146420a7') in 0.005050 seconds
Number of updated asset objects reloaded before import = 0
Number of asset objects unloaded after import = 2
========================================================================
Received Import Request.
  Time since last request: 0.000030 seconds.
  path: Assets/ThirdPartUtil/StompyRobot/SRDebugger/Scripts/Internal/OptionControlFactory.cs
  artifactKey: Guid(0d6e807b7446052409d51e03ab38cfae) Importer(2089858483,0ecaa5967403d082aa24f35e1b516d23)
Start importing Assets/ThirdPartUtil/StompyRobot/SRDebugger/Scripts/Internal/OptionControlFactory.cs using Guid(0d6e807b7446052409d51e03ab38cfae) Importer(2089858483,0ecaa5967403d082aa24f35e1b516d23) [PhysX] Initialized MultithreadedTaskDispatcher with 16 workers.
 -> (artifact id: '0da5a965d36afeba8f8b22480b42f1a3') in 0.006411 seconds
Number of updated asset objects reloaded before import = 0
Number of asset objects unloaded after import = 1
========================================================================
Received Import Request.
  Time since last request: 0.000024 seconds.
  path: Assets/ThirdPartUtil/StompyRobot/SRDebugger/UI/Fonts/Orbitron Light.otf
  artifactKey: Guid(677c9fb41b6c7e14199885b0b31740ee) Importer(2089858483,0ecaa5967403d082aa24f35e1b516d23)
Start importing Assets/ThirdPartUtil/StompyRobot/SRDebugger/UI/Fonts/Orbitron Light.otf using Guid(677c9fb41b6c7e14199885b0b31740ee) Importer(2089858483,0ecaa5967403d082aa24f35e1b516d23) [PhysX] Initialized MultithreadedTaskDispatcher with 16 workers.
 -> (artifact id: '2544141b8cd380eb753a357e86d406e6') in 0.010035 seconds
Number of updated asset objects reloaded before import = 0
Number of asset objects unloaded after import = 3
========================================================================
Received Import Request.
  Time since last request: 0.000021 seconds.
  path: Assets/ThirdPartUtil/StompyRobot/SRDebugger/Scripts/Internal/Api.cs
  artifactKey: Guid(5a0f930eb7b829c40a5ba3024eed594d) Importer(2089858483,0ecaa5967403d082aa24f35e1b516d23)
Start importing Assets/ThirdPartUtil/StompyRobot/SRDebugger/Scripts/Internal/Api.cs using Guid(5a0f930eb7b829c40a5ba3024eed594d) Importer(2089858483,0ecaa5967403d082aa24f35e1b516d23) [PhysX] Initialized MultithreadedTaskDispatcher with 16 workers.
 -> (artifact id: '447de10425fc4829c234af98f19e4060') in 0.005067 seconds
Number of updated asset objects reloaded before import = 0
Number of asset objects unloaded after import = 1
========================================================================
Received Import Request.
  Time since last request: 0.000039 seconds.
  path: Assets/ThirdPartUtil/StompyRobot/SRDebugger/Scripts/Internal/Service.cs
  artifactKey: Guid(fe213cfca7e22e844abfd16c258dd08e) Importer(2089858483,0ecaa5967403d082aa24f35e1b516d23)
Start importing Assets/ThirdPartUtil/StompyRobot/SRDebugger/Scripts/Internal/Service.cs using Guid(fe213cfca7e22e844abfd16c258dd08e) Importer(2089858483,0ecaa5967403d082aa24f35e1b516d23) [PhysX] Initialized MultithreadedTaskDispatcher with 16 workers.
 -> (artifact id: '51c3514ca8f4d8ca79a7204cbe83d718') in 0.007284 seconds
Number of updated asset objects reloaded before import = 0
Number of asset objects unloaded after import = 1
========================================================================
Received Import Request.
  Time since last request: 0.000032 seconds.
  path: Assets/ThirdPartUtil/StompyRobot/SRDebugger/Scripts/Internal/BugReportScreenshotUtil.cs
  artifactKey: Guid(52ead462624dc0c4d80e12ce55109a26) Importer(2089858483,0ecaa5967403d082aa24f35e1b516d23)
Start importing Assets/ThirdPartUtil/StompyRobot/SRDebugger/Scripts/Internal/BugReportScreenshotUtil.cs using Guid(52ead462624dc0c4d80e12ce55109a26) Importer(2089858483,0ecaa5967403d082aa24f35e1b516d23) [PhysX] Initialized MultithreadedTaskDispatcher with 16 workers.
 -> (artifact id: 'bd449d6406630e1bd2caed939d438115') in 0.005911 seconds
Number of updated asset objects reloaded before import = 0
Number of asset objects unloaded after import = 1
========================================================================
Received Import Request.
  Time since last request: 0.000020 seconds.
  path: Assets/ThirdPartUtil/StompyRobot/SRDebugger/Scripts/Services/IProfilerService.cs
  artifactKey: Guid(b7d95917d24be3c48b2afae03dad1abf) Importer(2089858483,0ecaa5967403d082aa24f35e1b516d23)
Start importing Assets/ThirdPartUtil/StompyRobot/SRDebugger/Scripts/Services/IProfilerService.cs using Guid(b7d95917d24be3c48b2afae03dad1abf) Importer(2089858483,0ecaa5967403d082aa24f35e1b516d23) [PhysX] Initialized MultithreadedTaskDispatcher with 16 workers.
 -> (artifact id: 'd196e6c15b94939e980f5fa10f8951df') in 0.005544 seconds
Number of updated asset objects reloaded before import = 0
Number of asset objects unloaded after import = 1
========================================================================
Received Import Request.
  Time since last request: 0.000020 seconds.
  path: Assets/ThirdPartUtil/StompyRobot/SRF/Scripts/UI/SRRetinaScaler.cs
  artifactKey: Guid(58bc4004a23c662408dd40e6d01ac936) Importer(2089858483,0ecaa5967403d082aa24f35e1b516d23)
Start importing Assets/ThirdPartUtil/StompyRobot/SRF/Scripts/UI/SRRetinaScaler.cs using Guid(58bc4004a23c662408dd40e6d01ac936) Importer(2089858483,0ecaa5967403d082aa24f35e1b516d23) [PhysX] Initialized MultithreadedTaskDispatcher with 16 workers.
 -> (artifact id: 'e479cd2f8abdb8d29417d2fdcef754e8') in 0.005463 seconds
Number of updated asset objects reloaded before import = 0
Number of asset objects unloaded after import = 1
========================================================================
Received Import Request.
  Time since last request: 0.000028 seconds.
  path: Assets/ThirdPartUtil/StompyRobot/SRF/Scripts/Components/SRSingleton.cs
  artifactKey: Guid(ca9e6e61f807f3442b520b02db3a48c7) Importer(2089858483,0ecaa5967403d082aa24f35e1b516d23)
Start importing Assets/ThirdPartUtil/StompyRobot/SRF/Scripts/Components/SRSingleton.cs using Guid(ca9e6e61f807f3442b520b02db3a48c7) Importer(2089858483,0ecaa5967403d082aa24f35e1b516d23) [PhysX] Initialized MultithreadedTaskDispatcher with 16 workers.
 -> (artifact id: '226d75866d0bff3f6ce42a3715affe2e') in 0.007147 seconds
Number of updated asset objects reloaded before import = 0
Number of asset objects unloaded after import = 1
========================================================================
Received Import Request.
  Time since last request: 0.000023 seconds.
  path: Assets/ThirdPartUtil/StompyRobot/SRDebugger/Scripts/Profiler/ProfilerLateUpdateListener.cs
  artifactKey: Guid(21048b348f7dc284ab97209ec32253c4) Importer(2089858483,0ecaa5967403d082aa24f35e1b516d23)
Start importing Assets/ThirdPartUtil/StompyRobot/SRDebugger/Scripts/Profiler/ProfilerLateUpdateListener.cs using Guid(21048b348f7dc284ab97209ec32253c4) Importer(2089858483,0ecaa5967403d082aa24f35e1b516d23) [PhysX] Initialized MultithreadedTaskDispatcher with 16 workers.
 -> (artifact id: '8d533b9154827fdac1806c214d83ba80') in 0.005314 seconds
Number of updated asset objects reloaded before import = 0
Number of asset objects unloaded after import = 1
========================================================================
Received Import Request.
  Time since last request: 0.000019 seconds.
  path: Assets/ThirdPartUtil/StompyRobot/SRF/Scripts/Collections/SRList.cs
  artifactKey: Guid(5201015973137a64986d1c3a21aa95bd) Importer(2089858483,0ecaa5967403d082aa24f35e1b516d23)
Start importing Assets/ThirdPartUtil/StompyRobot/SRF/Scripts/Collections/SRList.cs using Guid(5201015973137a64986d1c3a21aa95bd) Importer(2089858483,0ecaa5967403d082aa24f35e1b516d23) [PhysX] Initialized MultithreadedTaskDispatcher with 16 workers.
 -> (artifact id: '629870a6e75b5fdbb25f894bb408f3ab') in 0.004423 seconds
Number of updated asset objects reloaded before import = 0
Number of asset objects unloaded after import = 1
========================================================================
Received Import Request.
  Time since last request: 0.000028 seconds.
  path: Assets/ThirdPartUtil/StompyRobot/SRDebugger/Scripts/Internal/InternalOptionsRegistry.cs
  artifactKey: Guid(12f482545d1833a4e823d79898cb46ff) Importer(2089858483,0ecaa5967403d082aa24f35e1b516d23)
Start importing Assets/ThirdPartUtil/StompyRobot/SRDebugger/Scripts/Internal/InternalOptionsRegistry.cs using Guid(12f482545d1833a4e823d79898cb46ff) Importer(2089858483,0ecaa5967403d082aa24f35e1b516d23) [PhysX] Initialized MultithreadedTaskDispatcher with 16 workers.
 -> (artifact id: '4e88200582f8679f429ea281e3ac99df') in 0.007635 seconds
Number of updated asset objects reloaded before import = 0
Number of asset objects unloaded after import = 1
========================================================================
Received Import Request.
  Time since last request: 0.000023 seconds.
  path: Assets/ThirdPartUtil/StompyRobot/SRDebugger/Scripts/UI/DebuggerTabController.cs
  artifactKey: Guid(295aaaf6e216af84e99f15dff7b6fc32) Importer(2089858483,0ecaa5967403d082aa24f35e1b516d23)
Start importing Assets/ThirdPartUtil/StompyRobot/SRDebugger/Scripts/UI/DebuggerTabController.cs using Guid(295aaaf6e216af84e99f15dff7b6fc32) Importer(2089858483,0ecaa5967403d082aa24f35e1b516d23) [PhysX] Initialized MultithreadedTaskDispatcher with 16 workers.
 -> (artifact id: '80e8e841d2874ebfe2f4c3bca51beb51') in 0.005188 seconds
Number of updated asset objects reloaded before import = 0
Number of asset objects unloaded after import = 1
========================================================================
Received Import Request.
  Time since last request: 0.108797 seconds.
  path: Assets/ThirdPartUtil/StompyRobot/SRDebugger/Animations/UI/Pin/Pin.controller
  artifactKey: Guid(35724102027368d4988847df7e923ddc) Importer(2089858483,0ecaa5967403d082aa24f35e1b516d23)
Start importing Assets/ThirdPartUtil/StompyRobot/SRDebugger/Animations/UI/Pin/Pin.controller using Guid(35724102027368d4988847df7e923ddc) Importer(2089858483,0ecaa5967403d082aa24f35e1b516d23) [PhysX] Initialized MultithreadedTaskDispatcher with 16 workers.
 -> (artifact id: '8db469ce034279332e225ebe1fade748') in 0.005642 seconds
Number of updated asset objects reloaded before import = 0
Number of asset objects unloaded after import = 7
========================================================================
Received Import Request.
  Time since last request: 0.000023 seconds.
  path: Assets/ThirdPartUtil/StompyRobot/SRDebugger/Scripts/UI/Controls/InfoBlock.cs
  artifactKey: Guid(3214a2a17debe0c489148429ec9a37b2) Importer(2089858483,0ecaa5967403d082aa24f35e1b516d23)
Start importing Assets/ThirdPartUtil/StompyRobot/SRDebugger/Scripts/UI/Controls/InfoBlock.cs using Guid(3214a2a17debe0c489148429ec9a37b2) Importer(2089858483,0ecaa5967403d082aa24f35e1b516d23) [PhysX] Initialized MultithreadedTaskDispatcher with 16 workers.
 -> (artifact id: 'a40258984b8398059f694111e198cb16') in 0.005599 seconds
Number of updated asset objects reloaded before import = 0
Number of asset objects unloaded after import = 1
========================================================================
Received Import Request.
  Time since last request: 0.000027 seconds.
  path: Assets/ThirdPartUtil/StompyRobot/SRDebugger/Scripts/UI/Controls/PinEntryControl.cs
  artifactKey: Guid(ac5725a9566ed324c98b66c6cb03c5cf) Importer(2089858483,0ecaa5967403d082aa24f35e1b516d23)
Start importing Assets/ThirdPartUtil/StompyRobot/SRDebugger/Scripts/UI/Controls/PinEntryControl.cs using Guid(ac5725a9566ed324c98b66c6cb03c5cf) Importer(2089858483,0ecaa5967403d082aa24f35e1b516d23) [PhysX] Initialized MultithreadedTaskDispatcher with 16 workers.
 -> (artifact id: '86c3573adbbd3235a8d4c2b47f59ebc7') in 0.005104 seconds
Number of updated asset objects reloaded before import = 0
Number of asset objects unloaded after import = 1
========================================================================
Received Import Request.
  Time since last request: 0.000022 seconds.
  path: Assets/ThirdPartUtil/StompyRobot/SRDebugger/Scripts/Services/Implementation/DockConsoleServiceImpl.cs
  artifactKey: Guid(456e72e9efa4586489f625dc79f1c54d) Importer(2089858483,0ecaa5967403d082aa24f35e1b516d23)
Start importing Assets/ThirdPartUtil/StompyRobot/SRDebugger/Scripts/Services/Implementation/DockConsoleServiceImpl.cs using Guid(456e72e9efa4586489f625dc79f1c54d) Importer(2089858483,0ecaa5967403d082aa24f35e1b516d23) [PhysX] Initialized MultithreadedTaskDispatcher with 16 workers.
 -> (artifact id: '7e8acf1266a0d3f35b5814294adc9739') in 0.006039 seconds
Number of updated asset objects reloaded before import = 0
Number of asset objects unloaded after import = 1
========================================================================
Received Import Request.
  Time since last request: 0.000022 seconds.
  path: Assets/ThirdPartUtil/StompyRobot/SRDebugger/Scripts/UI/Other/DebugPanelBackgroundBehaviour.cs
  artifactKey: Guid(a819a08c122d6474a848377ee7ba3192) Importer(2089858483,0ecaa5967403d082aa24f35e1b516d23)
Start importing Assets/ThirdPartUtil/StompyRobot/SRDebugger/Scripts/UI/Other/DebugPanelBackgroundBehaviour.cs using Guid(a819a08c122d6474a848377ee7ba3192) Importer(2089858483,0ecaa5967403d082aa24f35e1b516d23) [PhysX] Initialized MultithreadedTaskDispatcher with 16 workers.
 -> (artifact id: 'ef395535aee17873caeee4573d6c7d5a') in 0.005784 seconds
Number of updated asset objects reloaded before import = 0
Number of asset objects unloaded after import = 1
========================================================================
Received Import Request.
  Time since last request: 0.000029 seconds.
  path: Assets/ThirdPartUtil/StompyRobot/SRDebugger/Scripts/UI/Other/ScrollRectPatch.cs
  artifactKey: Guid(ec8340b6e7293114da3d567338dc8e9f) Importer(2089858483,0ecaa5967403d082aa24f35e1b516d23)
Start importing Assets/ThirdPartUtil/StompyRobot/SRDebugger/Scripts/UI/Other/ScrollRectPatch.cs using Guid(ec8340b6e7293114da3d567338dc8e9f) Importer(2089858483,0ecaa5967403d082aa24f35e1b516d23) [PhysX] Initialized MultithreadedTaskDispatcher with 16 workers.
 -> (artifact id: '0a4574e5e0319eb6c5580c7ea72353b6') in 0.004687 seconds
Number of updated asset objects reloaded before import = 0
Number of asset objects unloaded after import = 1
========================================================================
Received Import Request.
  Time since last request: 0.000019 seconds.
  path: Assets/ThirdPartUtil/StompyRobot/SRDebugger/Scripts/UI/Other/ErrorNotifier.cs
  artifactKey: Guid(dc845b8723c64841aa76e259d4a0b6c4) Importer(2089858483,0ecaa5967403d082aa24f35e1b516d23)
Start importing Assets/ThirdPartUtil/StompyRobot/SRDebugger/Scripts/UI/Other/ErrorNotifier.cs using Guid(dc845b8723c64841aa76e259d4a0b6c4) Importer(2089858483,0ecaa5967403d082aa24f35e1b516d23) [PhysX] Initialized MultithreadedTaskDispatcher with 16 workers.
 -> (artifact id: 'b2b834878795a87204a7e68c212208fa') in 0.006268 seconds
Number of updated asset objects reloaded before import = 0
Number of asset objects unloaded after import = 1
========================================================================
Received Import Request.
  Time since last request: 0.000029 seconds.
  path: Assets/ThirdPartUtil/StompyRobot/SRDebugger/Scripts/UI/Controls/ProfilerEnableControl.cs
  artifactKey: Guid(04ad714fc337b334687c4aedb49873e9) Importer(2089858483,0ecaa5967403d082aa24f35e1b516d23)
Start importing Assets/ThirdPartUtil/StompyRobot/SRDebugger/Scripts/UI/Controls/ProfilerEnableControl.cs using Guid(04ad714fc337b334687c4aedb49873e9) Importer(2089858483,0ecaa5967403d082aa24f35e1b516d23) [PhysX] Initialized MultithreadedTaskDispatcher with 16 workers.
 -> (artifact id: '1b3bd92f0bebb68624ffad3f585108d1') in 0.005925 seconds
Number of updated asset objects reloaded before import = 0
Number of asset objects unloaded after import = 1
========================================================================
Received Import Request.
  Time since last request: 0.000022 seconds.
  path: Assets/ThirdPartUtil/StompyRobot/SRDebugger/UI/Sprites/Default/Loading.png
  artifactKey: Guid(b69c9e0b4f478f94a8b015db733dc6f7) Importer(2089858483,0ecaa5967403d082aa24f35e1b516d23)
Start importing Assets/ThirdPartUtil/StompyRobot/SRDebugger/UI/Sprites/Default/Loading.png using Guid(b69c9e0b4f478f94a8b015db733dc6f7) Importer(2089858483,0ecaa5967403d082aa24f35e1b516d23) [PhysX] Initialized MultithreadedTaskDispatcher with 16 workers.
 -> (artifact id: '65e430e1065519aa4d0ee865b3cbd101') in 0.022735 seconds
Number of updated asset objects reloaded before import = 0
Number of asset objects unloaded after import = 3
========================================================================
Received Import Request.
  Time since last request: 0.000035 seconds.
  path: Assets/ThirdPartUtil/StompyRobot/SRDebugger/Scripts/UI/Other/ScrollSettingsBehaviour.cs
  artifactKey: Guid(6f0ff44b792ef2042856036000e22450) Importer(2089858483,0ecaa5967403d082aa24f35e1b516d23)
Start importing Assets/ThirdPartUtil/StompyRobot/SRDebugger/Scripts/UI/Other/ScrollSettingsBehaviour.cs using Guid(6f0ff44b792ef2042856036000e22450) Importer(2089858483,0ecaa5967403d082aa24f35e1b516d23) [PhysX] Initialized MultithreadedTaskDispatcher with 16 workers.
 -> (artifact id: '41b238eb031ae70d95b6b513d5bb921b') in 0.005538 seconds
Number of updated asset objects reloaded before import = 0
Number of asset objects unloaded after import = 1
========================================================================
Received Import Request.
  Time since last request: 0.000041 seconds.
  path: Assets/ThirdPartUtil/StompyRobot/SRDebugger/Scripts/UI/Controls/Data/OptionsControlBase.cs
  artifactKey: Guid(ff04c6750fdb3b744ac19818a2425666) Importer(2089858483,0ecaa5967403d082aa24f35e1b516d23)
Start importing Assets/ThirdPartUtil/StompyRobot/SRDebugger/Scripts/UI/Controls/Data/OptionsControlBase.cs using Guid(ff04c6750fdb3b744ac19818a2425666) Importer(2089858483,0ecaa5967403d082aa24f35e1b516d23) [PhysX] Initialized MultithreadedTaskDispatcher with 16 workers.
 -> (artifact id: 'e257d69ca0a50002c29381edb85ff2da') in 0.007503 seconds
Number of updated asset objects reloaded before import = 0
Number of asset objects unloaded after import = 1
========================================================================
Received Import Request.
  Time since last request: 0.000029 seconds.
  path: Assets/ThirdPartUtil/StompyRobot/SRDebugger/Editor/Icons/Dark/options-25.png
  artifactKey: Guid(f82ace81d91bcc2418fc06da36587d32) Importer(2089858483,0ecaa5967403d082aa24f35e1b516d23)
Start importing Assets/ThirdPartUtil/StompyRobot/SRDebugger/Editor/Icons/Dark/options-25.png using Guid(f82ace81d91bcc2418fc06da36587d32) Importer(2089858483,0ecaa5967403d082aa24f35e1b516d23) [PhysX] Initialized MultithreadedTaskDispatcher with 16 workers.
 -> (artifact id: 'dc0ce3a82ac417bd77e8fe6d1e6f6f29') in 0.014882 seconds
Number of updated asset objects reloaded before import = 0
Number of asset objects unloaded after import = 1
========================================================================
Received Import Request.
  Time since last request: 0.000095 seconds.
  path: Assets/ThirdPartUtil/StompyRobot/SRDebugger/Scripts/UI/Controls/Data/ReadOnlyControl.cs
  artifactKey: Guid(41b5dbc85a74ae84dbb6c6685e1151fc) Importer(2089858483,0ecaa5967403d082aa24f35e1b516d23)
Start importing Assets/ThirdPartUtil/StompyRobot/SRDebugger/Scripts/UI/Controls/Data/ReadOnlyControl.cs using Guid(41b5dbc85a74ae84dbb6c6685e1151fc) Importer(2089858483,0ecaa5967403d082aa24f35e1b516d23) [PhysX] Initialized MultithreadedTaskDispatcher with 16 workers.
 -> (artifact id: '8bf0d40ae8299f49caaf6ec5eb67b143') in 0.006267 seconds
Number of updated asset objects reloaded before import = 0
Number of asset objects unloaded after import = 1
========================================================================
Received Import Request.
  Time since last request: 0.000019 seconds.
  path: Assets/ThirdPartUtil/StompyRobot/SRDebugger/Scripts/UI/Other/BugReportPopoverRoot.cs
  artifactKey: Guid(5c9a194ca4d3911419f82b2f06d5ef2e) Importer(2089858483,0ecaa5967403d082aa24f35e1b516d23)
Start importing Assets/ThirdPartUtil/StompyRobot/SRDebugger/Scripts/UI/Other/BugReportPopoverRoot.cs using Guid(5c9a194ca4d3911419f82b2f06d5ef2e) Importer(2089858483,0ecaa5967403d082aa24f35e1b516d23) [PhysX] Initialized MultithreadedTaskDispatcher with 16 workers.
 -> (artifact id: '2639e2dbf4b76fddb2110048f69fe8f0') in 0.006325 seconds
Number of updated asset objects reloaded before import = 0
Number of asset objects unloaded after import = 1
========================================================================
Received Import Request.
  Time since last request: 0.000023 seconds.
  path: Assets/ThirdPartUtil/StompyRobot/SRDebugger/Scripts/UI/Other/PinnedUIRoot.cs
  artifactKey: Guid(7d5f8248a0899ee48adc84c3fb98627a) Importer(2089858483,0ecaa5967403d082aa24f35e1b516d23)
Start importing Assets/ThirdPartUtil/StompyRobot/SRDebugger/Scripts/UI/Other/PinnedUIRoot.cs using Guid(7d5f8248a0899ee48adc84c3fb98627a) Importer(2089858483,0ecaa5967403d082aa24f35e1b516d23) [PhysX] Initialized MultithreadedTaskDispatcher with 16 workers.
 -> (artifact id: '839aa0548ce93b13d30c1502ca16d0b6') in 0.006597 seconds
Number of updated asset objects reloaded before import = 0
Number of asset objects unloaded after import = 1
========================================================================
Received Import Request.
  Time since last request: 0.000031 seconds.
  path: Assets/ThirdPartUtil/StompyRobot/SRDebugger/Scripts/UI/Controls/Data/DataBoundControl.cs
  artifactKey: Guid(5f319c80d34ef2e4590641a136c82f1e) Importer(2089858483,0ecaa5967403d082aa24f35e1b516d23)
Start importing Assets/ThirdPartUtil/StompyRobot/SRDebugger/Scripts/UI/Controls/Data/DataBoundControl.cs using Guid(5f319c80d34ef2e4590641a136c82f1e) Importer(2089858483,0ecaa5967403d082aa24f35e1b516d23) [PhysX] Initialized MultithreadedTaskDispatcher with 16 workers.
 -> (artifact id: '1658fa4ba6b3bbcd8c879f893d853cb7') in 0.006380 seconds
Number of updated asset objects reloaded before import = 0
Number of asset objects unloaded after import = 1
========================================================================
Received Import Request.
  Time since last request: 0.000022 seconds.
  path: Assets/ThirdPartUtil/StompyRobot/SRDebugger/Scripts/UI/Controls/Profiler/ProfilerMemoryBlock.cs
  artifactKey: Guid(445cb6d0a347a0542a38dd652e9ba01b) Importer(2089858483,0ecaa5967403d082aa24f35e1b516d23)
Start importing Assets/ThirdPartUtil/StompyRobot/SRDebugger/Scripts/UI/Controls/Profiler/ProfilerMemoryBlock.cs using Guid(445cb6d0a347a0542a38dd652e9ba01b) Importer(2089858483,0ecaa5967403d082aa24f35e1b516d23) [PhysX] Initialized MultithreadedTaskDispatcher with 16 workers.
 -> (artifact id: '18cea95ded7d7559f3a8e8e62271e17f') in 0.006070 seconds
Number of updated asset objects reloaded before import = 0
Number of asset objects unloaded after import = 1
========================================================================
Received Import Request.
  Time since last request: 0.000020 seconds.
  path: Assets/ThirdPartUtil/StompyRobot/SRDebugger/Scripts/UI/Controls/Profiler/ProfilerMonoBlock.cs
  artifactKey: Guid(9fff10238b625f545b2d88c80d4cf9d4) Importer(2089858483,0ecaa5967403d082aa24f35e1b516d23)
Start importing Assets/ThirdPartUtil/StompyRobot/SRDebugger/Scripts/UI/Controls/Profiler/ProfilerMonoBlock.cs using Guid(9fff10238b625f545b2d88c80d4cf9d4) Importer(2089858483,0ecaa5967403d082aa24f35e1b516d23) [PhysX] Initialized MultithreadedTaskDispatcher with 16 workers.
 -> (artifact id: 'faeaa617d23d384da14058d9e11b8098') in 0.005939 seconds
Number of updated asset objects reloaded before import = 0
Number of asset objects unloaded after import = 1
========================================================================
Received Import Request.
  Time since last request: 0.000020 seconds.
  path: Assets/ThirdPartUtil/StompyRobot/SRDebugger/Scripts/UI/Controls/Profiler/ProfilerFPSLabel.cs
  artifactKey: Guid(85621644eaef06f44835068498590190) Importer(2089858483,0ecaa5967403d082aa24f35e1b516d23)
Start importing Assets/ThirdPartUtil/StompyRobot/SRDebugger/Scripts/UI/Controls/Profiler/ProfilerFPSLabel.cs using Guid(85621644eaef06f44835068498590190) Importer(2089858483,0ecaa5967403d082aa24f35e1b516d23) [PhysX] Initialized MultithreadedTaskDispatcher with 16 workers.
 -> (artifact id: '7b410305c993c722b97d47dbc86e66b6') in 0.006057 seconds
Number of updated asset objects reloaded before import = 0
Number of asset objects unloaded after import = 1
========================================================================
Received Import Request.
  Time since last request: 0.000026 seconds.
  path: Assets/ThirdPartUtil/StompyRobot/SRDebugger/UI/Sprites/Default/Pin/RoundButton_2.psd
  artifactKey: Guid(a097b58da8de2bf4cb593d05feca1d98) Importer(2089858483,0ecaa5967403d082aa24f35e1b516d23)
Start importing Assets/ThirdPartUtil/StompyRobot/SRDebugger/UI/Sprites/Default/Pin/RoundButton_2.psd using Guid(a097b58da8de2bf4cb593d05feca1d98) Importer(2089858483,0ecaa5967403d082aa24f35e1b516d23) [PhysX] Initialized MultithreadedTaskDispatcher with 16 workers.
 -> (artifact id: 'd537a2da93c42ab94ae01ee9d2b6f81b') in 0.022919 seconds
Number of updated asset objects reloaded before import = 0
Number of asset objects unloaded after import = 3
========================================================================
Received Import Request.
  Time since last request: 0.000019 seconds.
  path: Assets/ThirdPartUtil/StompyRobot/SRDebugger/UI/Sprites/Default/Icons/SRIcon_11.png
  artifactKey: Guid(48ee5588255d30d4e93c3d7627144a7c) Importer(2089858483,0ecaa5967403d082aa24f35e1b516d23)
Start importing Assets/ThirdPartUtil/StompyRobot/SRDebugger/UI/Sprites/Default/Icons/SRIcon_11.png using Guid(48ee5588255d30d4e93c3d7627144a7c) Importer(2089858483,0ecaa5967403d082aa24f35e1b516d23) [PhysX] Initialized MultithreadedTaskDispatcher with 16 workers.
 -> (artifact id: '3ea5837329aa0ca9b4bcf8080d379232') in 0.021022 seconds
Number of updated asset objects reloaded before import = 0
Number of asset objects unloaded after import = 3
========================================================================
Received Import Request.
  Time since last request: 0.000040 seconds.
  path: Assets/ThirdPartUtil/StompyRobot/SRDebugger/Scripts/UI/Other/DockConsoleController.cs
  artifactKey: Guid(c8181ba76f89dd64a96c1e8c2beccb26) Importer(2089858483,0ecaa5967403d082aa24f35e1b516d23)
Start importing Assets/ThirdPartUtil/StompyRobot/SRDebugger/Scripts/UI/Other/DockConsoleController.cs using Guid(c8181ba76f89dd64a96c1e8c2beccb26) Importer(2089858483,0ecaa5967403d082aa24f35e1b516d23) [PhysX] Initialized MultithreadedTaskDispatcher with 16 workers.
 -> (artifact id: 'bb694cd4593b9f09455aea52179e49cc') in 0.006832 seconds
Number of updated asset objects reloaded before import = 0
Number of asset objects unloaded after import = 1
========================================================================
Received Import Request.
  Time since last request: 0.000019 seconds.
  path: Assets/ThirdPartUtil/StompyRobot/SRDebugger/UI/Prefabs/SideBar/Tab.prefab
  artifactKey: Guid(20aa0923117a8a449bbe649769f6bd16) Importer(2089858483,0ecaa5967403d082aa24f35e1b516d23)
Start importing Assets/ThirdPartUtil/StompyRobot/SRDebugger/UI/Prefabs/SideBar/Tab.prefab using Guid(20aa0923117a8a449bbe649769f6bd16) Importer(2089858483,0ecaa5967403d082aa24f35e1b516d23) [PhysX] Initialized MultithreadedTaskDispatcher with 16 workers.
 -> (artifact id: 'a831e5232d691f49e96654fc2e019caf') in 0.067674 seconds
Number of updated asset objects reloaded before import = 0
Number of asset objects unloaded after import = 48
========================================================================
Received Import Request.
  Time since last request: 0.000030 seconds.
  path: Assets/ThirdPartUtil/StompyRobot/SRDebugger/Scripts/UI/Controls/ProfilerGraphAxisLabel.cs
  artifactKey: Guid(4694d7052fd506340ba6cad9f8a10f1b) Importer(2089858483,0ecaa5967403d082aa24f35e1b516d23)
Start importing Assets/ThirdPartUtil/StompyRobot/SRDebugger/Scripts/UI/Controls/ProfilerGraphAxisLabel.cs using Guid(4694d7052fd506340ba6cad9f8a10f1b) Importer(2089858483,0ecaa5967403d082aa24f35e1b516d23) [PhysX] Initialized MultithreadedTaskDispatcher with 16 workers.
 -> (artifact id: '5861f5c768f4f5480c5c34bc4a369411') in 0.005134 seconds
Number of updated asset objects reloaded before import = 0
Number of asset objects unloaded after import = 1
========================================================================
Received Import Request.
  Time since last request: 0.000036 seconds.
  path: Assets/ThirdPartUtil/StompyRobot/SRDebugger/Scripts/UI/Other/CategoryGroup.cs
  artifactKey: Guid(176c1a8b99c762143a65fa14f47b5d93) Importer(2089858483,0ecaa5967403d082aa24f35e1b516d23)
Start importing Assets/ThirdPartUtil/StompyRobot/SRDebugger/Scripts/UI/Other/CategoryGroup.cs using Guid(176c1a8b99c762143a65fa14f47b5d93) Importer(2089858483,0ecaa5967403d082aa24f35e1b516d23) [PhysX] Initialized MultithreadedTaskDispatcher with 16 workers.
 -> (artifact id: 'cb8584da83c7b2070d07aa1177939dcc') in 0.005936 seconds
Number of updated asset objects reloaded before import = 0
Number of asset objects unloaded after import = 1
========================================================================
Received Import Request.
  Time since last request: 0.000016 seconds.
  path: Assets/ThirdPartUtil/StompyRobot/SRDebugger/UI/Sprites/Default/Logo.psd
  artifactKey: Guid(2187241f9bab99244bfd668e9e056e25) Importer(2089858483,0ecaa5967403d082aa24f35e1b516d23)
Start importing Assets/ThirdPartUtil/StompyRobot/SRDebugger/UI/Sprites/Default/Logo.psd using Guid(2187241f9bab99244bfd668e9e056e25) Importer(2089858483,0ecaa5967403d082aa24f35e1b516d23) [PhysX] Initialized MultithreadedTaskDispatcher with 16 workers.
 -> (artifact id: '4ce41ecd0ce0ba8a3da93b4a017e2f7b') in 0.018163 seconds
Number of updated asset objects reloaded before import = 0
Number of asset objects unloaded after import = 3
========================================================================
Received Import Request.
  Time since last request: 0.000017 seconds.
  path: Assets/ThirdPartUtil/StompyRobot/SRDebugger/UI/Sprites/Default/Button_2.psd
  artifactKey: Guid(a0d7355cd1bbc6c44b68f572bb8c2722) Importer(2089858483,0ecaa5967403d082aa24f35e1b516d23)
Start importing Assets/ThirdPartUtil/StompyRobot/SRDebugger/UI/Sprites/Default/Button_2.psd using Guid(a0d7355cd1bbc6c44b68f572bb8c2722) Importer(2089858483,0ecaa5967403d082aa24f35e1b516d23) [PhysX] Initialized MultithreadedTaskDispatcher with 16 workers.
 -> (artifact id: '35608676c008063b41e5c7c0804a3a86') in 0.017814 seconds
Number of updated asset objects reloaded before import = 0
Number of asset objects unloaded after import = 3
========================================================================
Received Import Request.
  Time since last request: 0.000026 seconds.
  path: Assets/ThirdPartUtil/StompyRobot/SRDebugger/UI/Prefabs/Options/Category.prefab
  artifactKey: Guid(d866070c81c4ea749b60d2854567cea1) Importer(2089858483,0ecaa5967403d082aa24f35e1b516d23)
Start importing Assets/ThirdPartUtil/StompyRobot/SRDebugger/UI/Prefabs/Options/Category.prefab using Guid(d866070c81c4ea749b60d2854567cea1) Importer(2089858483,0ecaa5967403d082aa24f35e1b516d23) [PhysX] Initialized MultithreadedTaskDispatcher with 16 workers.
 -> (artifact id: 'c54e85a2fdaa14e0e18ce0807f469832') in 0.010894 seconds
Number of updated asset objects reloaded before import = 0
Number of asset objects unloaded after import = 45
========================================================================
Received Import Request.
  Time since last request: 0.000032 seconds.
  path: Assets/ThirdPartUtil/StompyRobot/SRDebugger/Scripts/UI/Controls/ConsoleLogControl.cs
  artifactKey: Guid(413376b74a5948a4db9e0a5c9c002724) Importer(2089858483,0ecaa5967403d082aa24f35e1b516d23)
Start importing Assets/ThirdPartUtil/StompyRobot/SRDebugger/Scripts/UI/Controls/ConsoleLogControl.cs using Guid(413376b74a5948a4db9e0a5c9c002724) Importer(2089858483,0ecaa5967403d082aa24f35e1b516d23) [PhysX] Initialized MultithreadedTaskDispatcher with 16 workers.
 -> (artifact id: '73f72f0e13c3a8c91d36c69ca6b79473') in 0.005390 seconds
Number of updated asset objects reloaded before import = 0
Number of asset objects unloaded after import = 1
========================================================================
Received Import Request.
  Time since last request: 0.000019 seconds.
  path: Assets/ThirdPartUtil/StompyRobot/SRDebugger/UI/Sprites/Default/Icons/SRIcon_15.png
  artifactKey: Guid(23dfb5d7fc5a2fb4f9a5fc00f697147f) Importer(2089858483,0ecaa5967403d082aa24f35e1b516d23)
Start importing Assets/ThirdPartUtil/StompyRobot/SRDebugger/UI/Sprites/Default/Icons/SRIcon_15.png using Guid(23dfb5d7fc5a2fb4f9a5fc00f697147f) Importer(2089858483,0ecaa5967403d082aa24f35e1b516d23) [PhysX] Initialized MultithreadedTaskDispatcher with 16 workers.
 -> (artifact id: '302555cd4ce8b303c4efcd7ddc09a11c') in 0.020793 seconds
Number of updated asset objects reloaded before import = 0
Number of asset objects unloaded after import = 3
========================================================================
Received Import Request.
  Time since last request: 0.000056 seconds.
  path: Assets/ThirdPartUtil/StompyRobot/SRDebugger/Scripts/Services/Implementation/KeyboardShortcutListenerService.cs
  artifactKey: Guid(cad04a63089e6e844969aa944ba22fdd) Importer(2089858483,0ecaa5967403d082aa24f35e1b516d23)
Start importing Assets/ThirdPartUtil/StompyRobot/SRDebugger/Scripts/Services/Implementation/KeyboardShortcutListenerService.cs using Guid(cad04a63089e6e844969aa944ba22fdd) Importer(2089858483,0ecaa5967403d082aa24f35e1b516d23) [PhysX] Initialized MultithreadedTaskDispatcher with 16 workers.
 -> (artifact id: '97ddda752ee0ae796962493ce7596e62') in 0.005738 seconds
Number of updated asset objects reloaded before import = 0
Number of asset objects unloaded after import = 1
========================================================================
Received Import Request.
  Time since last request: 0.000020 seconds.
  path: Assets/ThirdPartUtil/StompyRobot/SRDebugger/Scripts/UI/Controls/Data/BoolControl.cs
  artifactKey: Guid(645dcae76b625be40b595e4bbc27abb6) Importer(2089858483,0ecaa5967403d082aa24f35e1b516d23)
Start importing Assets/ThirdPartUtil/StompyRobot/SRDebugger/Scripts/UI/Controls/Data/BoolControl.cs using Guid(645dcae76b625be40b595e4bbc27abb6) Importer(2089858483,0ecaa5967403d082aa24f35e1b516d23) [PhysX] Initialized MultithreadedTaskDispatcher with 16 workers.
 -> (artifact id: '508707614a1aac1a5f909b370b992a9c') in 0.004102 seconds
Number of updated asset objects reloaded before import = 0
Number of asset objects unloaded after import = 1
========================================================================
Received Import Request.
  Time since last request: 0.000018 seconds.
  path: Assets/ThirdPartUtil/StompyRobot/SRDebugger/Scripts/Services/Implementation/OptionsServiceImpl.cs
  artifactKey: Guid(d1614fef8faa5954d8bda6699bed3fdb) Importer(2089858483,0ecaa5967403d082aa24f35e1b516d23)
Start importing Assets/ThirdPartUtil/StompyRobot/SRDebugger/Scripts/Services/Implementation/OptionsServiceImpl.cs using Guid(d1614fef8faa5954d8bda6699bed3fdb) Importer(2089858483,0ecaa5967403d082aa24f35e1b516d23) [PhysX] Initialized MultithreadedTaskDispatcher with 16 workers.
 -> (artifact id: '89685e489717f454810899d2f0e65aa8') in 0.004483 seconds
Number of updated asset objects reloaded before import = 0
Number of asset objects unloaded after import = 1
========================================================================
Received Import Request.
  Time since last request: 0.000016 seconds.
  path: Assets/ThirdPartUtil/StompyRobot/SRDebugger/UI/Sprites/Default/Icons/SRIcon_1.png
  artifactKey: Guid(8ccc360b0ed61e54ba5d8fa329ca8988) Importer(2089858483,0ecaa5967403d082aa24f35e1b516d23)
Start importing Assets/ThirdPartUtil/StompyRobot/SRDebugger/UI/Sprites/Default/Icons/SRIcon_1.png using Guid(8ccc360b0ed61e54ba5d8fa329ca8988) Importer(2089858483,0ecaa5967403d082aa24f35e1b516d23) [PhysX] Initialized MultithreadedTaskDispatcher with 16 workers.
 -> (artifact id: '70ba1ac92c4df4b00b1264444b65a5f1') in 0.018100 seconds
Number of updated asset objects reloaded before import = 0
Number of asset objects unloaded after import = 3
========================================================================
Received Import Request.
  Time since last request: 0.000015 seconds.
  path: Assets/ThirdPartUtil/StompyRobot/SRDebugger/Scripts/UI/Other/TriggerRoot.cs
  artifactKey: Guid(e511950015658d545aa9d10a45550b11) Importer(2089858483,0ecaa5967403d082aa24f35e1b516d23)
Start importing Assets/ThirdPartUtil/StompyRobot/SRDebugger/Scripts/UI/Other/TriggerRoot.cs using Guid(e511950015658d545aa9d10a45550b11) Importer(2089858483,0ecaa5967403d082aa24f35e1b516d23) [PhysX] Initialized MultithreadedTaskDispatcher with 16 workers.
 -> (artifact id: '3556023a0504b472583410098eedbb02') in 0.003947 seconds
Number of updated asset objects reloaded before import = 0
Number of asset objects unloaded after import = 1
========================================================================
Received Import Request.
  Time since last request: 0.000016 seconds.
  path: Assets/ThirdPartUtil/StompyRobot/SRDebugger/Scripts/Services/Implementation/DebugTriggerImpl.cs
  artifactKey: Guid(5cbf8bc5e9eb92448bc12690ebd84a02) Importer(2089858483,0ecaa5967403d082aa24f35e1b516d23)
Start importing Assets/ThirdPartUtil/StompyRobot/SRDebugger/Scripts/Services/Implementation/DebugTriggerImpl.cs using Guid(5cbf8bc5e9eb92448bc12690ebd84a02) Importer(2089858483,0ecaa5967403d082aa24f35e1b516d23) [PhysX] Initialized MultithreadedTaskDispatcher with 16 workers.
 -> (artifact id: 'e2f3824f1605732d721b97ecdd171c1b') in 0.004404 seconds
Number of updated asset objects reloaded before import = 0
Number of asset objects unloaded after import = 1
========================================================================
Received Import Request.
  Time since last request: 0.000015 seconds.
  path: Assets/ThirdPartUtil/StompyRobot/SRDebugger/Scripts/Services/Implementation/DebugPanelServiceImpl.cs
  artifactKey: Guid(3395027a4a5c704439ebf91760920165) Importer(2089858483,0ecaa5967403d082aa24f35e1b516d23)
Start importing Assets/ThirdPartUtil/StompyRobot/SRDebugger/Scripts/Services/Implementation/DebugPanelServiceImpl.cs using Guid(3395027a4a5c704439ebf91760920165) Importer(2089858483,0ecaa5967403d082aa24f35e1b516d23) [PhysX] Initialized MultithreadedTaskDispatcher with 16 workers.
 -> (artifact id: '764ec68885e2a27bbd1339903ab9afbb') in 0.004736 seconds
Number of updated asset objects reloaded before import = 0
Number of asset objects unloaded after import = 1
========================================================================
Received Import Request.
  Time since last request: 0.000015 seconds.
  path: Assets/ThirdPartUtil/StompyRobot/SRDebugger/UI/Sprites/Default/Icons/SRIcon_14.png
  artifactKey: Guid(76eac9450dc776147b628586aac2b0d0) Importer(2089858483,0ecaa5967403d082aa24f35e1b516d23)
Start importing Assets/ThirdPartUtil/StompyRobot/SRDebugger/UI/Sprites/Default/Icons/SRIcon_14.png using Guid(76eac9450dc776147b628586aac2b0d0) Importer(2089858483,0ecaa5967403d082aa24f35e1b516d23) [PhysX] Initialized MultithreadedTaskDispatcher with 16 workers.
 -> (artifact id: '3ab9644cbd5d2191cd39f1d5c5557348') in 0.016297 seconds
Number of updated asset objects reloaded before import = 0
Number of asset objects unloaded after import = 3
========================================================================
Received Import Request.
  Time since last request: 0.000016 seconds.
  path: Assets/ThirdPartUtil/StompyRobot/SRDebugger/UI/Sprites/Default/Button_3.psd
  artifactKey: Guid(1619a22b6c609d946b469c845cc226de) Importer(2089858483,0ecaa5967403d082aa24f35e1b516d23)
Start importing Assets/ThirdPartUtil/StompyRobot/SRDebugger/UI/Sprites/Default/Button_3.psd using Guid(1619a22b6c609d946b469c845cc226de) Importer(2089858483,0ecaa5967403d082aa24f35e1b516d23) [PhysX] Initialized MultithreadedTaskDispatcher with 16 workers.
 -> (artifact id: '46f06f5c17afeeb743dc45359fd9ab19') in 0.018915 seconds
Number of updated asset objects reloaded before import = 0
Number of asset objects unloaded after import = 3
========================================================================
Received Import Request.
  Time since last request: 0.000025 seconds.
  path: Assets/ThirdPartUtil/StompyRobot/SRDebugger/UI/Sprites/Default/Icons/SRIcon_8.png
  artifactKey: Guid(4ea5932536416924bab8eb9b5bab3874) Importer(2089858483,0ecaa5967403d082aa24f35e1b516d23)
Start importing Assets/ThirdPartUtil/StompyRobot/SRDebugger/UI/Sprites/Default/Icons/SRIcon_8.png using Guid(4ea5932536416924bab8eb9b5bab3874) Importer(2089858483,0ecaa5967403d082aa24f35e1b516d23) [PhysX] Initialized MultithreadedTaskDispatcher with 16 workers.
 -> (artifact id: '6db47b38ffd3452c536d9344c1e0acc6') in 0.021981 seconds
Number of updated asset objects reloaded before import = 0
Number of asset objects unloaded after import = 3
========================================================================
Received Import Request.
  Time since last request: 0.000028 seconds.
  path: Assets/ThirdPartUtil/StompyRobot/SRDebugger/Animations/UI/Trigger/ErrorPulse.anim
  artifactKey: Guid(0cfda343a5ba51947ab58f607f5ca9a5) Importer(2089858483,0ecaa5967403d082aa24f35e1b516d23)
Start importing Assets/ThirdPartUtil/StompyRobot/SRDebugger/Animations/UI/Trigger/ErrorPulse.anim using Guid(0cfda343a5ba51947ab58f607f5ca9a5) Importer(2089858483,0ecaa5967403d082aa24f35e1b516d23) [PhysX] Initialized MultithreadedTaskDispatcher with 16 workers.
 -> (artifact id: 'f09538d8f564021135d7dd7e43900055') in 0.012977 seconds
Number of updated asset objects reloaded before import = 0
Number of asset objects unloaded after import = 1
========================================================================
Received Import Request.
  Time since last request: 0.000031 seconds.
  path: Assets/ThirdPartUtil/StompyRobot/SRDebugger/UI/Sprites/Default/Icons/SRIcon_5.png
  artifactKey: Guid(511379265414f8841b9a7b342d8e3981) Importer(2089858483,0ecaa5967403d082aa24f35e1b516d23)
Start importing Assets/ThirdPartUtil/StompyRobot/SRDebugger/UI/Sprites/Default/Icons/SRIcon_5.png using Guid(511379265414f8841b9a7b342d8e3981) Importer(2089858483,0ecaa5967403d082aa24f35e1b516d23) [PhysX] Initialized MultithreadedTaskDispatcher with 16 workers.
 -> (artifact id: 'b84e45c9292638b7e2164a93a8bd0fa2') in 0.018407 seconds
Number of updated asset objects reloaded before import = 0
Number of asset objects unloaded after import = 3
========================================================================
Received Import Request.
  Time since last request: 0.000039 seconds.
  path: Assets/ThirdPartUtil/StompyRobot/SRF/Scripts/UI/Editor/CopyPreferredSizeEditor.cs
  artifactKey: Guid(776c60ba14d0d0242968c3258a3ba16c) Importer(2089858483,0ecaa5967403d082aa24f35e1b516d23)
Start importing Assets/ThirdPartUtil/StompyRobot/SRF/Scripts/UI/Editor/CopyPreferredSizeEditor.cs using Guid(776c60ba14d0d0242968c3258a3ba16c) Importer(2089858483,0ecaa5967403d082aa24f35e1b516d23) [PhysX] Initialized MultithreadedTaskDispatcher with 16 workers.
 -> (artifact id: '5be56c80182fbfa5b8a963d51189783a') in 0.005883 seconds
Number of updated asset objects reloaded before import = 0
Number of asset objects unloaded after import = 1
========================================================================
Received Import Request.
  Time since last request: 0.000025 seconds.
  path: Assets/ThirdPartUtil/StompyRobot/SRDebugger/UI/Sprites/Default/Icons/SRIcon_18.png
  artifactKey: Guid(d1b72323dad76bc4da0da6c26f3dbc2f) Importer(2089858483,0ecaa5967403d082aa24f35e1b516d23)
Start importing Assets/ThirdPartUtil/StompyRobot/SRDebugger/UI/Sprites/Default/Icons/SRIcon_18.png using Guid(d1b72323dad76bc4da0da6c26f3dbc2f) Importer(2089858483,0ecaa5967403d082aa24f35e1b516d23) [PhysX] Initialized MultithreadedTaskDispatcher with 16 workers.
 -> (artifact id: '397288a41cc6315ca38e03ccf201b19f') in 0.018797 seconds
Number of updated asset objects reloaded before import = 0
Number of asset objects unloaded after import = 3
========================================================================
Received Import Request.
  Time since last request: 0.000023 seconds.
  path: Assets/ThirdPartUtil/StompyRobot/SRDebugger/Editor/Icons/Dark/profiler-25.png
  artifactKey: Guid(a65d8899e293fc449bc3d57710810333) Importer(2089858483,0ecaa5967403d082aa24f35e1b516d23)
Start importing Assets/ThirdPartUtil/StompyRobot/SRDebugger/Editor/Icons/Dark/profiler-25.png using Guid(a65d8899e293fc449bc3d57710810333) Importer(2089858483,0ecaa5967403d082aa24f35e1b516d23) [PhysX] Initialized MultithreadedTaskDispatcher with 16 workers.
 -> (artifact id: 'ad336f7c0248c93cb84007f0d7b8b231') in 0.014845 seconds
Number of updated asset objects reloaded before import = 0
Number of asset objects unloaded after import = 1
========================================================================
Received Import Request.
  Time since last request: 0.000019 seconds.
  path: Assets/ThirdPartUtil/StompyRobot/SRDebugger/Scripts/Services/Implementation/SRDebugService.cs
  artifactKey: Guid(aa53ffe51d3a35545b9277a06967b48a) Importer(2089858483,0ecaa5967403d082aa24f35e1b516d23)
Start importing Assets/ThirdPartUtil/StompyRobot/SRDebugger/Scripts/Services/Implementation/SRDebugService.cs using Guid(aa53ffe51d3a35545b9277a06967b48a) Importer(2089858483,0ecaa5967403d082aa24f35e1b516d23) [PhysX] Initialized MultithreadedTaskDispatcher with 16 workers.
 -> (artifact id: '2536051a163d08968a85614b1b6706ec') in 0.004841 seconds
Number of updated asset objects reloaded before import = 0
Number of asset objects unloaded after import = 1
========================================================================
Received Import Request.
  Time since last request: 0.000030 seconds.
  path: Assets/ThirdPartUtil/StompyRobot/SRDebugger/Resources/SRDebugger/UI/Prefabs/Options/BoolOption.prefab
  artifactKey: Guid(c00f61f0f69828745b7ef9145737e260) Importer(2089858483,0ecaa5967403d082aa24f35e1b516d23)
Start importing Assets/ThirdPartUtil/StompyRobot/SRDebugger/Resources/SRDebugger/UI/Prefabs/Options/BoolOption.prefab using Guid(c00f61f0f69828745b7ef9145737e260) Importer(2089858483,0ecaa5967403d082aa24f35e1b516d23) [PhysX] Initialized MultithreadedTaskDispatcher with 16 workers.
 -> (artifact id: 'de53a7a8e1e504df4da56fecd89bafe9') in 0.033322 seconds
Number of updated asset objects reloaded before import = 0
Number of asset objects unloaded after import = 46
========================================================================
Received Import Request.
  Time since last request: 0.000032 seconds.
  path: Assets/ThirdPartUtil/StompyRobot/SRF/Scripts/UI/Editor/StompyRobot.SRF.Editor.asmdef
  artifactKey: Guid(714123ebf07616740963b992cf10f84c) Importer(2089858483,0ecaa5967403d082aa24f35e1b516d23)
Start importing Assets/ThirdPartUtil/StompyRobot/SRF/Scripts/UI/Editor/StompyRobot.SRF.Editor.asmdef using Guid(714123ebf07616740963b992cf10f84c) Importer(2089858483,0ecaa5967403d082aa24f35e1b516d23) [PhysX] Initialized MultithreadedTaskDispatcher with 16 workers.
 -> (artifact id: '99f88f1881ba8243ab29594c2a5b2f29') in 0.006827 seconds
Number of updated asset objects reloaded before import = 0
Number of asset objects unloaded after import = 1
========================================================================
Received Import Request.
  Time since last request: 0.000032 seconds.
  path: Assets/ThirdPartUtil/StompyRobot/SRDebugger/Resources/SRDebugger/UI/Prefabs/Options/NumberOption.prefab
  artifactKey: Guid(2ac1e31ed7a70544795db2044eb915e1) Importer(2089858483,0ecaa5967403d082aa24f35e1b516d23)
Start importing Assets/ThirdPartUtil/StompyRobot/SRDebugger/Resources/SRDebugger/UI/Prefabs/Options/NumberOption.prefab using Guid(2ac1e31ed7a70544795db2044eb915e1) Importer(2089858483,0ecaa5967403d082aa24f35e1b516d23) [PhysX] Initialized MultithreadedTaskDispatcher with 16 workers.
 -> (artifact id: 'd7417d2c9a10d49a962d75a22a172ddd') in 0.013052 seconds
Number of updated asset objects reloaded before import = 0
Number of asset objects unloaded after import = 81
========================================================================
Received Import Request.
  Time since last request: 0.000016 seconds.
  path: Assets/ThirdPartUtil/StompyRobot/SRDebugger/Animations/UI/Trigger/ErrorPulse.controller
  artifactKey: Guid(449919ad070ed5f428b1698571eee16d) Importer(2089858483,0ecaa5967403d082aa24f35e1b516d23)
Start importing Assets/ThirdPartUtil/StompyRobot/SRDebugger/Animations/UI/Trigger/ErrorPulse.controller using Guid(449919ad070ed5f428b1698571eee16d) Importer(2089858483,0ecaa5967403d082aa24f35e1b516d23) [PhysX] Initialized MultithreadedTaskDispatcher with 16 workers.
 -> (artifact id: '82bd59c0ee41161730649d9be1944fee') in 0.008516 seconds
Number of updated asset objects reloaded before import = 0
Number of asset objects unloaded after import = 8
========================================================================
Received Import Request.
  Time since last request: 0.000022 seconds.
  path: Assets/ThirdPartUtil/StompyRobot/SRDebugger/Scripts/UI/Tabs/BugReportTabController.cs
  artifactKey: Guid(6739582ce86516749a398ff57c5ca282) Importer(2089858483,0ecaa5967403d082aa24f35e1b516d23)
Start importing Assets/ThirdPartUtil/StompyRobot/SRDebugger/Scripts/UI/Tabs/BugReportTabController.cs using Guid(6739582ce86516749a398ff57c5ca282) Importer(2089858483,0ecaa5967403d082aa24f35e1b516d23) [PhysX] Initialized MultithreadedTaskDispatcher with 16 workers.
 -> (artifact id: '2a9be4ce0b70e09467aeea6ef6e7736a') in 0.005378 seconds
Number of updated asset objects reloaded before import = 0
Number of asset objects unloaded after import = 1
========================================================================
Received Import Request.
  Time since last request: 0.000026 seconds.
  path: Assets/ThirdPartUtil/StompyRobot/SRDebugger/Scripts/Services/Implementation/SystemInformationService.cs
  artifactKey: Guid(605ec79db587f5345b0a0b989487631e) Importer(2089858483,0ecaa5967403d082aa24f35e1b516d23)
Start importing Assets/ThirdPartUtil/StompyRobot/SRDebugger/Scripts/Services/Implementation/SystemInformationService.cs using Guid(605ec79db587f5345b0a0b989487631e) Importer(2089858483,0ecaa5967403d082aa24f35e1b516d23) [PhysX] Initialized MultithreadedTaskDispatcher with 16 workers.
 -> (artifact id: '6c4da7c34925b36d13709730a1229206') in 0.006022 seconds
Number of updated asset objects reloaded before import = 0
Number of asset objects unloaded after import = 1
========================================================================
Received Import Request.
  Time since last request: 0.000019 seconds.
  path: Assets/ThirdPartUtil/StompyRobot/SRDebugger/Scripts/Services/Implementation/StandardConsoleService.cs
  artifactKey: Guid(b4ff166e8452e1c468f1d0490738b02f) Importer(2089858483,0ecaa5967403d082aa24f35e1b516d23)
Start importing Assets/ThirdPartUtil/StompyRobot/SRDebugger/Scripts/Services/Implementation/StandardConsoleService.cs using Guid(b4ff166e8452e1c468f1d0490738b02f) Importer(2089858483,0ecaa5967403d082aa24f35e1b516d23) [PhysX] Initialized MultithreadedTaskDispatcher with 16 workers.
 -> (artifact id: '5c4c34cca34aef1d03503a7b886324d0') in 0.005265 seconds
Number of updated asset objects reloaded before import = 0
Number of asset objects unloaded after import = 1
========================================================================
Received Import Request.
  Time since last request: 0.000027 seconds.
  path: Assets/ThirdPartUtil/StompyRobot/SRDebugger/UI/Sprites/Default/Icons/SRIcon_13.png
  artifactKey: Guid(3174499e448de9d49840e98d8913aa07) Importer(2089858483,0ecaa5967403d082aa24f35e1b516d23)
Start importing Assets/ThirdPartUtil/StompyRobot/SRDebugger/UI/Sprites/Default/Icons/SRIcon_13.png using Guid(3174499e448de9d49840e98d8913aa07) Importer(2089858483,0ecaa5967403d082aa24f35e1b516d23) [PhysX] Initialized MultithreadedTaskDispatcher with 16 workers.
 -> (artifact id: '743da4ff382fbc5b1d7c4b757c1815a3') in 0.019211 seconds
Number of updated asset objects reloaded before import = 0
Number of asset objects unloaded after import = 3
========================================================================
Received Import Request.
  Time since last request: 0.000033 seconds.
  path: Assets/ThirdPartUtil/StompyRobot/SRF/Scripts/UI/Editor/StyleComponentEditor.cs
  artifactKey: Guid(ffea2a0fd78a7484f88b5b877c0d6659) Importer(2089858483,0ecaa5967403d082aa24f35e1b516d23)
Start importing Assets/ThirdPartUtil/StompyRobot/SRF/Scripts/UI/Editor/StyleComponentEditor.cs using Guid(ffea2a0fd78a7484f88b5b877c0d6659) Importer(2089858483,0ecaa5967403d082aa24f35e1b516d23) [PhysX] Initialized MultithreadedTaskDispatcher with 16 workers.
 -> (artifact id: '7685a5d661d480e11cb5ce0c54942181') in 0.004868 seconds
Number of updated asset objects reloaded before import = 0
Number of asset objects unloaded after import = 1
========================================================================
Received Import Request.
  Time since last request: 0.000021 seconds.
  path: Assets/ThirdPartUtil/StompyRobot/SRDebugger/Scripts/UI/Tabs/ConsoleTabController.cs
  artifactKey: Guid(7b54f4d46edbb634985db4a2fa4ada2f) Importer(2089858483,0ecaa5967403d082aa24f35e1b516d23)
Start importing Assets/ThirdPartUtil/StompyRobot/SRDebugger/Scripts/UI/Tabs/ConsoleTabController.cs using Guid(7b54f4d46edbb634985db4a2fa4ada2f) Importer(2089858483,0ecaa5967403d082aa24f35e1b516d23) [PhysX] Initialized MultithreadedTaskDispatcher with 16 workers.
 -> (artifact id: '04394aef61ce2022f6c251f4db9ae9fd') in 0.004762 seconds
Number of updated asset objects reloaded before import = 0
Number of asset objects unloaded after import = 1
========================================================================
Received Import Request.
  Time since last request: 0.000021 seconds.
  path: Assets/ThirdPartUtil/StompyRobot/SRDebugger/Scripts/UI/Tabs/ProfilerTabController.cs
  artifactKey: Guid(f26b5a0018be8444fb0a18037b471f65) Importer(2089858483,0ecaa5967403d082aa24f35e1b516d23)
Start importing Assets/ThirdPartUtil/StompyRobot/SRDebugger/Scripts/UI/Tabs/ProfilerTabController.cs using Guid(f26b5a0018be8444fb0a18037b471f65) Importer(2089858483,0ecaa5967403d082aa24f35e1b516d23) [PhysX] Initialized MultithreadedTaskDispatcher with 16 workers.
 -> (artifact id: '40968ae28bedc7507da799d3005ffb0c') in 0.005326 seconds
Number of updated asset objects reloaded before import = 0
Number of asset objects unloaded after import = 1
========================================================================
Received Import Request.
  Time since last request: 0.000017 seconds.
  path: Assets/ThirdPartUtil/StompyRobot/SRDebugger/UI/Sprites/Default/Button_1.psd
  artifactKey: Guid(485f3bf8e01fab741915ba1f20bc5a8f) Importer(2089858483,0ecaa5967403d082aa24f35e1b516d23)
Start importing Assets/ThirdPartUtil/StompyRobot/SRDebugger/UI/Sprites/Default/Button_1.psd using Guid(485f3bf8e01fab741915ba1f20bc5a8f) Importer(2089858483,0ecaa5967403d082aa24f35e1b516d23) [PhysX] Initialized MultithreadedTaskDispatcher with 16 workers.
 -> (artifact id: '03a86959de9ee9f64f2beb83ce76432c') in 0.017612 seconds
Number of updated asset objects reloaded before import = 0
Number of asset objects unloaded after import = 3
========================================================================
Received Import Request.
  Time since last request: 0.000028 seconds.
  path: Assets/ThirdPartUtil/StompyRobot/SRDebugger/Scripts/UI/Other/BugReportSheetController.cs
  artifactKey: Guid(63d76b94b1c670b4cbafd57dd8dcd2ff) Importer(2089858483,0ecaa5967403d082aa24f35e1b516d23)
Start importing Assets/ThirdPartUtil/StompyRobot/SRDebugger/Scripts/UI/Other/BugReportSheetController.cs using Guid(63d76b94b1c670b4cbafd57dd8dcd2ff) Importer(2089858483,0ecaa5967403d082aa24f35e1b516d23) [PhysX] Initialized MultithreadedTaskDispatcher with 16 workers.
 -> (artifact id: '34f63359429c16bd773b4c1327c21234') in 0.005813 seconds
Number of updated asset objects reloaded before import = 0
Number of asset objects unloaded after import = 1
========================================================================
Received Import Request.
  Time since last request: 0.000019 seconds.
  path: Assets/ThirdPartUtil/StompyRobot/SRDebugger/Resources/SRDebugger/UI/Prefabs/Options/StringOption.prefab
  artifactKey: Guid(bf3001d52880d2342a654b878fdae9d5) Importer(2089858483,0ecaa5967403d082aa24f35e1b516d23)
Start importing Assets/ThirdPartUtil/StompyRobot/SRDebugger/Resources/SRDebugger/UI/Prefabs/Options/StringOption.prefab using Guid(bf3001d52880d2342a654b878fdae9d5) Importer(2089858483,0ecaa5967403d082aa24f35e1b516d23) [PhysX] Initialized MultithreadedTaskDispatcher with 16 workers.
 -> (artifact id: '2255213747db07574aca512fdcd63183') in 0.017194 seconds
Number of updated asset objects reloaded before import = 0
Number of asset objects unloaded after import = 47
========================================================================
Received Import Request.
  Time since last request: 0.000019 seconds.
  path: Assets/ThirdPartUtil/StompyRobot/SRDebugger/UI/Sprites/Default/Pin/RoundButton_1.psd
  artifactKey: Guid(6fe1234e2b04b2e44b33619147d02408) Importer(2089858483,0ecaa5967403d082aa24f35e1b516d23)
Start importing Assets/ThirdPartUtil/StompyRobot/SRDebugger/UI/Sprites/Default/Pin/RoundButton_1.psd using Guid(6fe1234e2b04b2e44b33619147d02408) Importer(2089858483,0ecaa5967403d082aa24f35e1b516d23) [PhysX] Initialized MultithreadedTaskDispatcher with 16 workers.
 -> (artifact id: '4392c45d05616a7773d94d26989cdef7') in 0.020723 seconds
Number of updated asset objects reloaded before import = 0
Number of asset objects unloaded after import = 3
========================================================================
Received Import Request.
  Time since last request: 0.000020 seconds.
  path: Assets/ThirdPartUtil/StompyRobot/SRDebugger/Editor/Icons/Dark/console-25.png
  artifactKey: Guid(ec0451a83de031241b08885adca07a2a) Importer(2089858483,0ecaa5967403d082aa24f35e1b516d23)
Start importing Assets/ThirdPartUtil/StompyRobot/SRDebugger/Editor/Icons/Dark/console-25.png using Guid(ec0451a83de031241b08885adca07a2a) Importer(2089858483,0ecaa5967403d082aa24f35e1b516d23) [PhysX] Initialized MultithreadedTaskDispatcher with 16 workers.
 -> (artifact id: '7ddfeb91a0851f309f55bbacfa74ef71') in 0.014848 seconds
Number of updated asset objects reloaded before import = 0
Number of asset objects unloaded after import = 1
========================================================================
Received Import Request.
  Time since last request: 0.000027 seconds.
  path: Assets/ThirdPartUtil/StompyRobot/SRDebugger/UI/Sprites/Default/Icons/SRIcon_12.png
  artifactKey: Guid(9964df38e784f1c458b4f42ed8944a39) Importer(2089858483,0ecaa5967403d082aa24f35e1b516d23)
Start importing Assets/ThirdPartUtil/StompyRobot/SRDebugger/UI/Sprites/Default/Icons/SRIcon_12.png using Guid(9964df38e784f1c458b4f42ed8944a39) Importer(2089858483,0ecaa5967403d082aa24f35e1b516d23) [PhysX] Initialized MultithreadedTaskDispatcher with 16 workers.
 -> (artifact id: '6f6fe00553c65fe684f185dae35a646b') in 0.021859 seconds
Number of updated asset objects reloaded before import = 0
Number of asset objects unloaded after import = 3
========================================================================
Received Import Request.
  Time since last request: 0.000018 seconds.
  path: Assets/ThirdPartUtil/StompyRobot/SRDebugger/UI/Sprites/Default/Icons/SRIcon_19.png
  artifactKey: Guid(534e3ec14cd78434b8676eec8a7fd9ba) Importer(2089858483,0ecaa5967403d082aa24f35e1b516d23)
Start importing Assets/ThirdPartUtil/StompyRobot/SRDebugger/UI/Sprites/Default/Icons/SRIcon_19.png using Guid(534e3ec14cd78434b8676eec8a7fd9ba) Importer(2089858483,0ecaa5967403d082aa24f35e1b516d23) [PhysX] Initialized MultithreadedTaskDispatcher with 16 workers.
 -> (artifact id: '9c048148f29ee4979a04a2497b942f0a') in 0.018333 seconds
Number of updated asset objects reloaded before import = 0
Number of asset objects unloaded after import = 3
========================================================================
Received Import Request.
  Time since last request: 0.000029 seconds.
  path: Assets/ThirdPartUtil/StompyRobot/SRDebugger/Resources/SRDebugger/UI/Prefabs/Tabs/Profiler.prefab
  artifactKey: Guid(c8c5aa399662c664f81eda4f07e56ad2) Importer(2089858483,0ecaa5967403d082aa24f35e1b516d23)
Start importing Assets/ThirdPartUtil/StompyRobot/SRDebugger/Resources/SRDebugger/UI/Prefabs/Tabs/Profiler.prefab using Guid(c8c5aa399662c664f81eda4f07e56ad2) Importer(2089858483,0ecaa5967403d082aa24f35e1b516d23) [PhysX] Initialized MultithreadedTaskDispatcher with 16 workers.
 -> (artifact id: '0b61e53f8153c9aeab0faed9d8810e41') in 0.030514 seconds
Number of updated asset objects reloaded before import = 0
Number of asset objects unloaded after import = 295
========================================================================
Received Import Request.
  Time since last request: 0.000028 seconds.
  path: Assets/ThirdPartUtil/StompyRobot/SRF/Scripts/UI/Editor/LongPressButtonEditor.cs
  artifactKey: Guid(1d57f229ac662764aa4508a0d42ddede) Importer(2089858483,0ecaa5967403d082aa24f35e1b516d23)
Start importing Assets/ThirdPartUtil/StompyRobot/SRF/Scripts/UI/Editor/LongPressButtonEditor.cs using Guid(1d57f229ac662764aa4508a0d42ddede) Importer(2089858483,0ecaa5967403d082aa24f35e1b516d23) [PhysX] Initialized MultithreadedTaskDispatcher with 16 workers.
 -> (artifact id: '5da603743d1e2daacd7e5699f595748e') in 0.004388 seconds
Number of updated asset objects reloaded before import = 0
Number of asset objects unloaded after import = 1
========================================================================
Received Import Request.
  Time since last request: 0.000029 seconds.
  path: Assets/ThirdPartUtil/StompyRobot/SRDebugger/Scripts/UI/Controls/Data/ActionControl.cs
  artifactKey: Guid(6c637c8d0d16d024fa920dda64fb38db) Importer(2089858483,0ecaa5967403d082aa24f35e1b516d23)
Start importing Assets/ThirdPartUtil/StompyRobot/SRDebugger/Scripts/UI/Controls/Data/ActionControl.cs using Guid(6c637c8d0d16d024fa920dda64fb38db) Importer(2089858483,0ecaa5967403d082aa24f35e1b516d23) [PhysX] Initialized MultithreadedTaskDispatcher with 16 workers.
 -> (artifact id: 'd14ad97f1b400069c4a5bca7de7209aa') in 0.005950 seconds
Number of updated asset objects reloaded before import = 0
Number of asset objects unloaded after import = 1
========================================================================
Received Import Request.
  Time since last request: 0.000043 seconds.
  path: Assets/ThirdPartUtil/StompyRobot/SRDebugger/UI/Sprites/Default/Icons/SRIcon_2.png
  artifactKey: Guid(159fc50f1c2574d4ea143a010597198a) Importer(2089858483,0ecaa5967403d082aa24f35e1b516d23)
Start importing Assets/ThirdPartUtil/StompyRobot/SRDebugger/UI/Sprites/Default/Icons/SRIcon_2.png using Guid(159fc50f1c2574d4ea143a010597198a) Importer(2089858483,0ecaa5967403d082aa24f35e1b516d23) [PhysX] Initialized MultithreadedTaskDispatcher with 16 workers.
 -> (artifact id: 'faba15e9b83f132840a0e0871afc2448') in 0.020426 seconds
Number of updated asset objects reloaded before import = 0
Number of asset objects unloaded after import = 3
========================================================================
Received Import Request.
  Time since last request: 0.000017 seconds.
  path: Assets/ThirdPartUtil/StompyRobot/SRDebugger/Scripts/UI/Other/VersionTextBehaviour.cs
  artifactKey: Guid(bc11b0e922d02a54fa6197856eee3976) Importer(2089858483,0ecaa5967403d082aa24f35e1b516d23)
Start importing Assets/ThirdPartUtil/StompyRobot/SRDebugger/Scripts/UI/Other/VersionTextBehaviour.cs using Guid(bc11b0e922d02a54fa6197856eee3976) Importer(2089858483,0ecaa5967403d082aa24f35e1b516d23) [PhysX] Initialized MultithreadedTaskDispatcher with 16 workers.
 -> (artifact id: '9d37e55d2ea704ff7a39c295404e8c7b') in 0.006075 seconds
Number of updated asset objects reloaded before import = 0
Number of asset objects unloaded after import = 1
========================================================================
Received Import Request.
  Time since last request: 0.000020 seconds.
  path: Assets/ThirdPartUtil/StompyRobot/SRDebugger/UI/Sprites/Default/Icons/SRIcon_3.png
  artifactKey: Guid(b07075cb163d9b8489a1ee90ce068409) Importer(2089858483,0ecaa5967403d082aa24f35e1b516d23)
Start importing Assets/ThirdPartUtil/StompyRobot/SRDebugger/UI/Sprites/Default/Icons/SRIcon_3.png using Guid(b07075cb163d9b8489a1ee90ce068409) Importer(2089858483,0ecaa5967403d082aa24f35e1b516d23) [PhysX] Initialized MultithreadedTaskDispatcher with 16 workers.
 -> (artifact id: 'c32cf4fb8f111ce0bce1fadf842ed763') in 0.018042 seconds
Number of updated asset objects reloaded before import = 0
Number of asset objects unloaded after import = 3
========================================================================
Received Import Request.
  Time since last request: 0.000021 seconds.
  path: Assets/ThirdPartUtil/StompyRobot/SRDebugger/Scripts/UI/Controls/MultiTapButton.cs
  artifactKey: Guid(abc57d317f579f2459ba7317f386ecf3) Importer(2089858483,0ecaa5967403d082aa24f35e1b516d23)
Start importing Assets/ThirdPartUtil/StompyRobot/SRDebugger/Scripts/UI/Controls/MultiTapButton.cs using Guid(abc57d317f579f2459ba7317f386ecf3) Importer(2089858483,0ecaa5967403d082aa24f35e1b516d23) [PhysX] Initialized MultithreadedTaskDispatcher with 16 workers.
 -> (artifact id: '5420ed9c056c6c9c396b609adac8d2d2') in 0.005714 seconds
Number of updated asset objects reloaded before import = 0
Number of asset objects unloaded after import = 1
========================================================================
Received Import Request.
  Time since last request: 0.000029 seconds.
  path: Assets/ThirdPartUtil/StompyRobot/SRDebugger/usr/Resources/SRDebugger/Settings.asset
  artifactKey: Guid(b844aa08dd978490ebf3337238758060) Importer(2089858483,0ecaa5967403d082aa24f35e1b516d23)
Start importing Assets/ThirdPartUtil/StompyRobot/SRDebugger/usr/Resources/SRDebugger/Settings.asset using Guid(b844aa08dd978490ebf3337238758060) Importer(2089858483,0ecaa5967403d082aa24f35e1b516d23) [PhysX] Initialized MultithreadedTaskDispatcher with 16 workers.
 -> (artifact id: '9e23a74ae8bc36cc5646bfc21397db83') in 0.004519 seconds
Number of updated asset objects reloaded before import = 0
Number of asset objects unloaded after import = 2
========================================================================
Received Import Request.
  Time since last request: 0.000021 seconds.
  path: Assets/ThirdPartUtil/StompyRobot/SRDebugger/Scripts/UI/Controls/ProfilerGraphControl.cs
  artifactKey: Guid(e5812a284a856b743b4f54c6a4637061) Importer(2089858483,0ecaa5967403d082aa24f35e1b516d23)
Start importing Assets/ThirdPartUtil/StompyRobot/SRDebugger/Scripts/UI/Controls/ProfilerGraphControl.cs using Guid(e5812a284a856b743b4f54c6a4637061) Importer(2089858483,0ecaa5967403d082aa24f35e1b516d23) [PhysX] Initialized MultithreadedTaskDispatcher with 16 workers.
 -> (artifact id: '5fc1a78259621ef8d92052bbbb96f11b') in 0.004116 seconds
Number of updated asset objects reloaded before import = 0
Number of asset objects unloaded after import = 1
========================================================================
Received Import Request.
  Time since last request: 87.370169 seconds.
  path: Assets/Scripts/System/RedDot/RedDotConst.cs
  artifactKey: Guid(090c1437dc1a2584188407931d4cda7e) Importer(2089858483,0ecaa5967403d082aa24f35e1b516d23)
Start importing Assets/Scripts/System/RedDot/RedDotConst.cs using Guid(090c1437dc1a2584188407931d4cda7e) Importer(2089858483,0ecaa5967403d082aa24f35e1b516d23) [PhysX] Initialized MultithreadedTaskDispatcher with 16 workers.
 -> (artifact id: '772886b0025c81b0e427d1ada997479c') in 0.009684 seconds
Number of updated asset objects reloaded before import = 0
Number of asset objects unloaded after import = 1
========================================================================
Received Import Request.
  Time since last request: 0.064222 seconds.
  path: Assets/Scripts/System/Core/Singleton.cs
  artifactKey: Guid(ad2f1a97c4debda42aabfec330d2218d) Importer(2089858483,0ecaa5967403d082aa24f35e1b516d23)
Start importing Assets/Scripts/System/Core/Singleton.cs using Guid(ad2f1a97c4debda42aabfec330d2218d) Importer(2089858483,0ecaa5967403d082aa24f35e1b516d23) [PhysX] Initialized MultithreadedTaskDispatcher with 16 workers.
 -> (artifact id: '94c461732d43fbee05d1c16f5825f85a') in 0.004393 seconds
Number of updated asset objects reloaded before import = 0
Number of asset objects unloaded after import = 1
========================================================================
Received Import Request.
  Time since last request: 0.029631 seconds.
  path: Assets/Scripts/System/Coroutine/CoroutineStarter.cs
  artifactKey: Guid(e188ffa28131ac84f89bc7abf419bece) Importer(2089858483,0ecaa5967403d082aa24f35e1b516d23)
Start importing Assets/Scripts/System/Coroutine/CoroutineStarter.cs using Guid(e188ffa28131ac84f89bc7abf419bece) Importer(2089858483,0ecaa5967403d082aa24f35e1b516d23) [PhysX] Initialized MultithreadedTaskDispatcher with 16 workers.
 -> (artifact id: 'dcb3f56747c8f73fd1b8bdeffd224a38') in 0.005861 seconds
Number of updated asset objects reloaded before import = 0
Number of asset objects unloaded after import = 1
========================================================================
Received Import Request.
  Time since last request: 0.000020 seconds.
  path: Assets/Scripts/System/Core/SingletonMonoBehaviour.cs
  artifactKey: Guid(7ce4c0fadc4b6cb499c77e49dee60c6a) Importer(2089858483,0ecaa5967403d082aa24f35e1b516d23)
Start importing Assets/Scripts/System/Core/SingletonMonoBehaviour.cs using Guid(7ce4c0fadc4b6cb499c77e49dee60c6a) Importer(2089858483,0ecaa5967403d082aa24f35e1b516d23) [PhysX] Initialized MultithreadedTaskDispatcher with 16 workers.
 -> (artifact id: 'e841d686578ae6c32a8c20cc5bc789bd') in 0.005299 seconds
Number of updated asset objects reloaded before import = 0
Number of asset objects unloaded after import = 1
========================================================================
Received Import Request.
  Time since last request: 0.000016 seconds.
  path: Assets/Resources
  artifactKey: Guid(48d77a4c24ef32148a09a5ae09e2a775) Importer(2089858483,0ecaa5967403d082aa24f35e1b516d23)
Start importing Assets/Resources using Guid(48d77a4c24ef32148a09a5ae09e2a775) Importer(2089858483,0ecaa5967403d082aa24f35e1b516d23) [PhysX] Initialized MultithreadedTaskDispatcher with 16 workers.
 -> (artifact id: '2f1cabd1945287df5eed7e7cf764253a') in 0.003426 seconds
Number of updated asset objects reloaded before import = 0
Number of asset objects unloaded after import = 1
========================================================================
Received Import Request.
  Time since last request: 0.000021 seconds.
  path: Assets/Scripts/System/RedDot
  artifactKey: Guid(a5a86dadd2cb89c4988f3e09cd67de9a) Importer(2089858483,0ecaa5967403d082aa24f35e1b516d23)
Start importing Assets/Scripts/System/RedDot using Guid(a5a86dadd2cb89c4988f3e09cd67de9a) Importer(2089858483,0ecaa5967403d082aa24f35e1b516d23) [PhysX] Initialized MultithreadedTaskDispatcher with 16 workers.
 -> (artifact id: 'a9104d4b0049ac1cf464798b361b5c13') in 0.002960 seconds
Number of updated asset objects reloaded before import = 0
Number of asset objects unloaded after import = 1
Editor requested this worker to shutdown with reason: Scaling down because of idle timeout
TcpMessagingSession - receive error: operation aborted. errorcode: 995, details: 由于线程退出或应用程序请求，已中止 I/O 操作。
AssetImportWorker is now disconnected from the server
Process exiting
Exiting without the bug reporter. Application will terminate with return code 0